publication_id,image_id,master_image_id,feature_id,layer_id,role,sequence,original_source_relative_path,web_large_path,web_medium_path,thumbnail_path,original_width,original_height,web_large_width,web_large_height,web_medium_width,web_medium_height,thumbnail_width,thumbnail_height,format,quality_setting,orientation_corrected,metadata_removed,original_preserved,rights_status,publication_permission,source_credit,attribution_required,notes
B1-PUB-B1IMG-000043,IMG-E18F2DAE0868EC75,IMG-E18F2DAE0868EC75,LY-AKA-000023,akakus,primary,1,assets/images/akakus/akakus-LY-AKAKUS-00023-01.png,assets/media/LIBYA/heritage/LY-AKA-000023/LY-AKA-000023__primary__01__2DAE0868EC75__web-large.webp,assets/media/LIBYA/heritage/LY-AKA-000023/LY-AKA-000023__primary__01__2DAE0868EC75__web-medium.webp,assets/media/LIBYA/heritage/LY-AKA-000023/LY-AKA-000023__primary__01__2DAE0868EC75__thumbnail.webp,1920,1080,,,,,,,webp,86,true,true,true,institutional_publication_approval,public,مركز المعلومات والتوثيق السياحي,true,Institutionally approved Batch 1 derivative.
B1-PUB-B1IMG-000049,IMG-AC89DDC21CE84AE0,IMG-AC89DDC21CE84AE0,LY-AKA-000029,akakus,primary,1,assets/images/akakus/akakus-LY-AKAKUS-00029-01.png,assets/media/LIBYA/heritage/LY-AKA-000029/LY-AKA-000029__primary__01__DDC21CE84AE0__web-large.webp,assets/media/LIBYA/heritage/LY-AKA-000029/LY-AKA-000029__primary__01__DDC21CE84AE0__web-medium.webp,assets/media/LIBYA/heritage/LY-AKA-000029/LY-AKA-000029__primary__01__DDC21CE84AE0__thumbnail.webp,1067,709,,,,,,,webp,86,true,true,true,institutional_publication_approval,public,مركز المعلومات والتوثيق السياحي,true,Institutionally approved Batch 1 derivative.
B1-PUB-B1IMG-000051,IMG-3A5DE817DBAE2AD4,IMG-3A5DE817DBAE2AD4,LY-AKA-000030,akakus,primary,1,assets/images/akakus/akakus-LY-AKAKUS-00030-01.png,assets/media/LIBYA/heritage/LY-AKA-000030/LY-AKA-000030__primary__01__E817DBAE2AD4__web-large.webp,assets/media/LIBYA/heritage/LY-AKA-000030/LY-AKA-000030__primary__01__E817DBAE2AD4__web-medium.webp,assets/media/LIBYA/heritage/LY-AKA-000030/LY-AKA-000030__primary__01__E817DBAE2AD4__thumbnail.webp,2592,1944,,,,,,,webp,86,true,true,true,institutional_publication_approval,public,مركز المعلومات والتوثيق السياحي,true,Institutionally approved Batch 1 derivative.
B1-PUB-B1IMG-000055,IMG-1B31D51FCAA1AFD4,IMG-1B31D51FCAA1AFD4,LY-AKA-000032,akakus,primary,1,assets/images/akakus/akakus-LY-AKAKUS-00032-01.png,assets/media/LIBYA/heritage/LY-AKA-000032/LY-AKA-000032__primary__01__D51FCAA1AFD4__web-large.webp,assets/media/LIBYA/heritage/LY-AKA-000032/LY-AKA-000032__primary__01__D51FCAA1AFD4__web-medium.webp,assets/media/LIBYA/heritage/LY-AKA-000032/LY-AKA-000032__primary__01__D51FCAA1AFD4__thumbnail.webp,900,1351,,,,,,,webp,86,true,true,true,institutional_publication_approval,public,مركز المعلومات والتوثيق السياحي,true,Institutionally approved Batch 1 derivative.
B1-PUB-B1IMG-000061,IMG-59BD0D3A8231D05C,IMG-59BD0D3A8231D05C,LY-AKA-000037,akakus,primary,1,assets/images/akakus/akakus-LY-AKAKUS-00037-01.png,assets/media/LIBYA/heritage/LY-AKA-000037/LY-AKA-000037__primary__01__0D3A8231D05C__web-large.webp,assets/media/LIBYA/heritage/LY-AKA-000037/LY-AKA-000037__primary__01__0D3A8231D05C__web-medium.webp,assets/media/LIBYA/heritage/LY-AKA-000037/LY-AKA-000037__primary__01__0D3A8231D05C__thumbnail.webp,1920,1080,,,,,,,webp,86,true,true,true,institutional_publication_approval,public,مركز المعلومات والتوثيق السياحي,true,Institutionally approved Batch 1 derivative.
B1-PUB-B1IMG-000075,IMG-4CE555A680866449,IMG-4CE555A680866449,LY-AKA-000049,akakus,primary,1,assets/images/akakus/akakus-LY-AKAKUS-00049-01.png,assets/media/LIBYA/heritage/LY-AKA-000049/LY-AKA-000049__primary__01__55A680866449__web-large.webp,assets/media/LIBYA/heritage/LY-AKA-000049/LY-AKA-000049__primary__01__55A680866449__web-medium.webp,assets/media/LIBYA/heritage/LY-AKA-000049/LY-AKA-000049__primary__01__55A680866449__thumbnail.webp,1920,1080,,,,,,,webp,86,true,true,true,institutional_publication_approval,public,مركز المعلومات والتوثيق السياحي,true,Institutionally approved Batch 1 derivative.
B1-PUB-B1IMG-000077,IMG-EE7F408CE9AABF02,IMG-EE7F408CE9AABF02,LY-AKA-000106,akakus,primary,1,assets/images/akakus/akakus-LY-AKAKUS-00106-01.png,assets/media/LIBYA/heritage/LY-AKA-000106/LY-AKA-000106__primary__01__408CE9AABF02__web-large.webp,assets/media/LIBYA/heritage/LY-AKA-000106/LY-AKA-000106__primary__01__408CE9AABF02__web-medium.webp,assets/media/LIBYA/heritage/LY-AKA-000106/LY-AKA-000106__primary__01__408CE9AABF02__thumbnail.webp,1600,900,,,,,,,webp,86,true,true,true,institutional_publication_approval,public,مركز المعلومات والتوثيق السياحي,true,Institutionally approved Batch 1 derivative.
B1-PUB-B1IMG-000081,IMG-E9D68E93DA77F5A1,IMG-E9D68E93DA77F5A1,LY-AKA-000155,akakus,primary,1,assets/images/akakus/akakus-LY-AKAKUS-00155-01.png,assets/media/LIBYA/heritage/LY-AKA-000155/LY-AKA-000155__primary__01__8E93DA77F5A1__web-large.webp,assets/media/LIBYA/heritage/LY-AKA-000155/LY-AKA-000155__primary__01__8E93DA77F5A1__web-medium.webp,assets/media/LIBYA/heritage/LY-AKA-000155/LY-AKA-000155__primary__01__8E93DA77F5A1__thumbnail.webp,1280,720,,,,,,,webp,86,true,true,true,institutional_publication_approval,public,مركز المعلومات والتوثيق السياحي,true,Institutionally approved Batch 1 derivative.
B1-PUB-B1IMG-000083,IMG-3795EF0B47BCE1DA,IMG-3795EF0B47BCE1DA,LY-AKA-000156,akakus,primary,1,assets/images/akakus/akakus-LY-AKAKUS-00156-01.png,assets/media/LIBYA/heritage/LY-AKA-000156/LY-AKA-000156__primary__01__EF0B47BCE1DA__web-large.webp,assets/media/LIBYA/heritage/LY-AKA-000156/LY-AKA-000156__primary__01__EF0B47BCE1DA__web-medium.webp,assets/media/LIBYA/heritage/LY-AKA-000156/LY-AKA-000156__primary__01__EF0B47BCE1DA__thumbnail.webp,960,639,,,,,,,webp,86,true,true,true,institutional_publication_approval,public,مركز المعلومات والتوثيق السياحي,true,Institutionally approved Batch 1 derivative.
B1-PUB-B1IMG-000121,IMG-473CAE5715AC1422,IMG-473CAE5715AC1422,LY-TRI-000004,old-tripoli,primary,1,assets/images/old-tripoli/old-tripoli-LY-OLD-TRIPOLI-00004-02.png,assets/media/LIBYA/old-cities/LY-TRI-000004/LY-TRI-000004__primary__01__AE5715AC1422__web-large.webp,assets/media/LIBYA/old-cities/LY-TRI-000004/LY-TRI-000004__primary__01__AE5715AC1422__web-medium.webp,assets/media/LIBYA/old-cities/LY-TRI-000004/LY-TRI-000004__primary__01__AE5715AC1422__thumbnail.webp,736,917,,,,,,,webp,86,true,true,true,institutional_publication_approval,public,مركز المعلومات والتوثيق السياحي,true,Institutionally approved Batch 1 derivative.
B1-PUB-B1IMG-000149,IMG-F337A4A0542B93A1,IMG-F337A4A0542B93A1,LY-TRI-000013,old-tripoli,primary,1,assets/images/old-tripoli/old-tripoli-LY-OLD-TRIPOLI-00013-01.png,assets/media/LIBYA/old-cities/LY-TRI-000013/LY-TRI-000013__primary__01__A4A0542B93A1__web-large.webp,assets/media/LIBYA/old-cities/LY-TRI-000013/LY-TRI-000013__primary__01__A4A0542B93A1__web-medium.webp,assets/media/LIBYA/old-cities/LY-TRI-000013/LY-TRI-000013__primary__01__A4A0542B93A1__thumbnail.webp,526,701,,,,,,,webp,86,true,true,true,institutional_publication_approval,public,مركز المعلومات والتوثيق السياحي,true,Institutionally approved Batch 1 derivative.
B1-PUB-B1IMG-000159,IMG-73034B1252F2B117,IMG-73034B1252F2B117,LY-TRI-000017,old-tripoli,primary,1,assets/images/old-tripoli/old-tripoli-LY-OLD-TRIPOLI-00017-01.png,assets/media/LIBYA/old-cities/LY-TRI-000017/LY-TRI-000017__primary__01__4B1252F2B117__web-large.webp,assets/media/LIBYA/old-cities/LY-TRI-000017/LY-TRI-000017__primary__01__4B1252F2B117__web-medium.webp,assets/media/LIBYA/old-cities/LY-TRI-000017/LY-TRI-000017__primary__01__4B1252F2B117__thumbnail.webp,720,769,,,,,,,webp,86,true,true,true,institutional_publication_approval,public,مركز المعلومات والتوثيق السياحي,true,Institutionally approved Batch 1 derivative.
B1-PUB-B1IMG-000161,IMG-17E525E917C50B33,IMG-17E525E917C50B33,LY-TRI-000018,old-tripoli,primary,1,assets/images/old-tripoli/old-tripoli-LY-OLD-TRIPOLI-00018-01.png,assets/media/LIBYA/old-cities/LY-TRI-000018/LY-TRI-000018__primary__01__25E917C50B33__web-large.webp,assets/media/LIBYA/old-cities/LY-TRI-000018/LY-TRI-000018__primary__01__25E917C50B33__web-medium.webp,assets/media/LIBYA/old-cities/LY-TRI-000018/LY-TRI-000018__primary__01__25E917C50B33__thumbnail.webp,960,946,,,,,,,webp,86,true,true,true,institutional_publication_approval,public,مركز المعلومات والتوثيق السياحي,true,Institutionally approved Batch 1 derivative.
B1-PUB-B1IMG-000165,IMG-1472B2C55FF38B98,IMG-1472B2C55FF38B98,LY-TRI-000019,old-tripoli,primary,1,assets/images/old-tripoli/old-tripoli-LY-OLD-TRIPOLI-00019-01.png,assets/media/LIBYA/old-cities/LY-TRI-000019/LY-TRI-000019__primary__01__B2C55FF38B98__web-large.webp,assets/media/LIBYA/old-cities/LY-TRI-000019/LY-TRI-000019__primary__01__B2C55FF38B98__web-medium.webp,assets/media/LIBYA/old-cities/LY-TRI-000019/LY-TRI-000019__primary__01__B2C55FF38B98__thumbnail.webp,2048,1366,,,,,,,webp,86,true,true,true,institutional_publication_approval,public,مركز المعلومات والتوثيق السياحي,true,Institutionally approved Batch 1 derivative.
B1-PUB-B1IMG-000167,IMG-C367AA1928CC784B,IMG-C367AA1928CC784B,LY-TRI-000020,old-tripoli,primary,1,assets/images/old-tripoli/old-tripoli-LY-OLD-TRIPOLI-00020-01.png,assets/media/LIBYA/old-cities/LY-TRI-000020/LY-TRI-000020__primary__01__AA1928CC784B__web-large.webp,assets/media/LIBYA/old-cities/LY-TRI-000020/LY-TRI-000020__primary__01__AA1928CC784B__web-medium.webp,assets/media/LIBYA/old-cities/LY-TRI-000020/LY-TRI-000020__primary__01__AA1928CC784B__thumbnail.webp,720,960,,,,,,,webp,86,true,true,true,institutional_publication_approval,public,مركز المعلومات والتوثيق السياحي,true,Institutionally approved Batch 1 derivative.
B1-PUB-B1IMG-000179,IMG-24E06D53C1B0141C,IMG-24E06D53C1B0141C,LY-TRI-000022,old-tripoli,primary,1,assets/images/old-tripoli/old-tripoli-LY-OLD-TRIPOLI-00022-01.png,assets/media/LIBYA/old-cities/LY-TRI-000022/LY-TRI-000022__primary__01__6D53C1B0141C__web-large.webp,assets/media/LIBYA/old-cities/LY-TRI-000022/LY-TRI-000022__primary__01__6D53C1B0141C__web-medium.webp,assets/media/LIBYA/old-cities/LY-TRI-000022/LY-TRI-000022__primary__01__6D53C1B0141C__thumbnail.webp,540,720,,,,,,,webp,86,true,true,true,institutional_publication_approval,public,مركز المعلومات والتوثيق السياحي,true,Institutionally approved Batch 1 derivative.
B1-PUB-B1IMG-000181,IMG-05B7819E57490E9C,IMG-05B7819E57490E9C,LY-TRI-000024,old-tripoli,primary,1,assets/images/old-tripoli/old-tripoli-LY-OLD-TRIPOLI-00024-01.png,assets/media/LIBYA/old-cities/LY-TRI-000024/LY-TRI-000024__primary__01__819E57490E9C__web-large.webp,assets/media/LIBYA/old-cities/LY-TRI-000024/LY-TRI-000024__primary__01__819E57490E9C__web-medium.webp,assets/media/LIBYA/old-cities/LY-TRI-000024/LY-TRI-000024__primary__01__819E57490E9C__thumbnail.webp,1290,1291,,,,,,,webp,86,true,true,true,institutional_publication_approval,public,مركز المعلومات والتوثيق السياحي,true,Institutionally approved Batch 1 derivative.
B1-PUB-B1IMG-000187,IMG-7D42E7C8F411D21D,IMG-7D42E7C8F411D21D,LY-TRI-000025,old-tripoli,primary,1,assets/images/old-tripoli/old-tripoli-LY-OLD-TRIPOLI-00025-02.png,assets/media/LIBYA/old-cities/LY-TRI-000025/LY-TRI-000025__primary__01__E7C8F411D21D__web-large.webp,assets/media/LIBYA/old-cities/LY-TRI-000025/LY-TRI-000025__primary__01__E7C8F411D21D__web-medium.webp,assets/media/LIBYA/old-cities/LY-TRI-000025/LY-TRI-000025__primary__01__E7C8F411D21D__thumbnail.webp,415,739,,,,,,,webp,86,true,true,true,institutional_publication_approval,public,مركز المعلومات والتوثيق السياحي,true,Institutionally approved Batch 1 derivative.
B1-PUB-B1IMG-000193,IMG-23577D9C80D1964B,IMG-23577D9C80D1964B,LY-TRI-000027,old-tripoli,primary,1,assets/images/old-tripoli/old-tripoli-LY-OLD-TRIPOLI-00027-01.png,assets/media/LIBYA/old-cities/LY-TRI-000027/LY-TRI-000027__primary__01__7D9C80D1964B__web-large.webp,assets/media/LIBYA/old-cities/LY-TRI-000027/LY-TRI-000027__primary__01__7D9C80D1964B__web-medium.webp,assets/media/LIBYA/old-cities/LY-TRI-000027/LY-TRI-000027__primary__01__7D9C80D1964B__thumbnail.webp,700,525,,,,,,,webp,86,true,true,true,institutional_publication_approval,public,مركز المعلومات والتوثيق السياحي,true,Institutionally approved Batch 1 derivative.
B1-PUB-B1IMG-000199,IMG-9112643CDF6C2C46,IMG-9112643CDF6C2C46,LY-TRI-000038,old-tripoli,primary,1,assets/images/old-tripoli/old-tripoli-LY-OLD-TRIPOLI-00038-01.png,assets/media/LIBYA/old-cities/LY-TRI-000038/LY-TRI-000038__primary__01__643CDF6C2C46__web-large.webp,assets/media/LIBYA/old-cities/LY-TRI-000038/LY-TRI-000038__primary__01__643CDF6C2C46__web-medium.webp,assets/media/LIBYA/old-cities/LY-TRI-000038/LY-TRI-000038__primary__01__643CDF6C2C46__thumbnail.webp,526,701,,,,,,,webp,86,true,true,true,institutional_publication_approval,public,مركز المعلومات والتوثيق السياحي,true,Institutionally approved Batch 1 derivative.
B1-PUB-B1IMG-000203,IMG-7B1A445EA919E31A,IMG-7B1A445EA919E31A,LY-TRI-000039,old-tripoli,primary,1,assets/images/old-tripoli/old-tripoli-LY-OLD-TRIPOLI-00039-02.png,assets/media/LIBYA/old-cities/LY-TRI-000039/LY-TRI-000039__primary__01__445EA919E31A__web-large.webp,assets/media/LIBYA/old-cities/LY-TRI-000039/LY-TRI-000039__primary__01__445EA919E31A__web-medium.webp,assets/media/LIBYA/old-cities/LY-TRI-000039/LY-TRI-000039__primary__01__445EA919E31A__thumbnail.webp,840,540,,,,,,,webp,86,true,true,true,institutional_publication_approval,public,مركز المعلومات والتوثيق السياحي,true,Institutionally approved Batch 1 derivative.
B1-PUB-B1IMG-000205,IMG-D88416AA6A16B6C4,IMG-D88416AA6A16B6C4,LY-TRI-000040,old-tripoli,primary,1,assets/images/old-tripoli/old-tripoli-LY-OLD-TRIPOLI-00040-01.png,assets/media/LIBYA/old-cities/LY-TRI-000040/LY-TRI-000040__primary__01__16AA6A16B6C4__web-large.webp,assets/media/LIBYA/old-cities/LY-TRI-000040/LY-TRI-000040__primary__01__16AA6A16B6C4__web-medium.webp,assets/media/LIBYA/old-cities/LY-TRI-000040/LY-TRI-000040__primary__01__16AA6A16B6C4__thumbnail.webp,1127,845,,,,,,,webp,86,true,true,true,institutional_publication_approval,public,مركز المعلومات والتوثيق السياحي,true,Institutionally approved Batch 1 derivative.
B1-PUB-B1IMG-000211,IMG-6FB7BFC4F9E0A52F,IMG-6FB7BFC4F9E0A52F,LY-TRI-000041,old-tripoli,primary,1,assets/images/old-tripoli/old-tripoli-LY-OLD-TRIPOLI-00041-01.png,assets/media/LIBYA/old-cities/LY-TRI-000041/LY-TRI-000041__primary__01__BFC4F9E0A52F__web-large.webp,assets/media/LIBYA/old-cities/LY-TRI-000041/LY-TRI-000041__primary__01__BFC4F9E0A52F__web-medium.webp,assets/media/LIBYA/old-cities/LY-TRI-000041/LY-TRI-000041__primary__01__BFC4F9E0A52F__thumbnail.webp,843,843,,,,,,,webp,86,true,true,true,institutional_publication_approval,public,مركز المعلومات والتوثيق السياحي,true,Institutionally approved Batch 1 derivative.
B1-PUB-B1IMG-000221,IMG-081738BE08D0A139,IMG-081738BE08D0A139,LY-TRI-000043,old-tripoli,primary,1,assets/images/old-tripoli/old-tripoli-LY-OLD-TRIPOLI-00043-01.png,assets/media/LIBYA/old-cities/LY-TRI-000043/LY-TRI-000043__primary__01__38BE08D0A139__web-large.webp,assets/media/LIBYA/old-cities/LY-TRI-000043/LY-TRI-000043__primary__01__38BE08D0A139__web-medium.webp,assets/media/LIBYA/old-cities/LY-TRI-000043/LY-TRI-000043__primary__01__38BE08D0A139__thumbnail.webp,720,960,,,,,,,webp,86,true,true,true,institutional_publication_approval,public,مركز المعلومات والتوثيق السياحي,true,Institutionally approved Batch 1 derivative.
B1-PUB-B1IMG-000227,IMG-0DE11A8830B0040A,IMG-0DE11A8830B0040A,LY-TRI-000044,old-tripoli,primary,1,assets/images/old-tripoli/old-tripoli-LY-OLD-TRIPOLI-00044-01.png,assets/media/LIBYA/old-cities/LY-TRI-000044/LY-TRI-000044__primary__01__1A8830B0040A__web-large.webp,assets/media/LIBYA/old-cities/LY-TRI-000044/LY-TRI-000044__primary__01__1A8830B0040A__web-medium.webp,assets/media/LIBYA/old-cities/LY-TRI-000044/LY-TRI-000044__primary__01__1A8830B0040A__thumbnail.webp,526,701,,,,,,,webp,86,true,true,true,institutional_publication_approval,public,مركز المعلومات والتوثيق السياحي,true,Institutionally approved Batch 1 derivative.
B1-PUB-B1IMG-000235,IMG-786748B0FB44719A,,LY-TRI-000045,old-tripoli,primary,1,assets/images/old-tripoli/old-tripoli-LY-OLD-TRIPOLI-00045-01.png,assets/media/LIBYA/old-cities/LY-TRI-000045/LY-TRI-000045__primary__01__48B0FB44719A__web-large.webp,assets/media/LIBYA/old-cities/LY-TRI-000045/LY-TRI-000045__primary__01__48B0FB44719A__web-medium.webp,assets/media/LIBYA/old-cities/LY-TRI-000045/LY-TRI-000045__primary__01__48B0FB44719A__thumbnail.webp,829,540,,,,,,,webp,86,true,true,true,institutional_publication_approval,public,مركز المعلومات والتوثيق السياحي,true,Institutionally approved Batch 1 derivative.
B1-PUB-B1IMG-000243,IMG-B889077CB62C8940,IMG-B889077CB62C8940,LY-TRI-000049,old-tripoli,primary,1,assets/images/old-tripoli/old-tripoli-LY-OLD-TRIPOLI-00049-01.png,assets/media/LIBYA/old-cities/LY-TRI-000049/LY-TRI-000049__primary__01__077CB62C8940__web-large.webp,assets/media/LIBYA/old-cities/LY-TRI-000049/LY-TRI-000049__primary__01__077CB62C8940__web-medium.webp,assets/media/LIBYA/old-cities/LY-TRI-000049/LY-TRI-000049__primary__01__077CB62C8940__thumbnail.webp,1560,1040,,,,,,,webp,86,true,true,true,institutional_publication_approval,public,مركز المعلومات والتوثيق السياحي,true,Institutionally approved Batch 1 derivative.
B1-PUB-B1IMG-000249,IMG-064B4A2A53EADC07,IMG-064B4A2A53EADC07,LY-TRI-000051,old-tripoli,primary,1,assets/images/old-tripoli/old-tripoli-LY-OLD-TRIPOLI-00051-01.png,assets/media/LIBYA/old-cities/LY-TRI-000051/LY-TRI-000051__primary__01__4A2A53EADC07__web-large.webp,assets/media/LIBYA/old-cities/LY-TRI-000051/LY-TRI-000051__primary__01__4A2A53EADC07__web-medium.webp,assets/media/LIBYA/old-cities/LY-TRI-000051/LY-TRI-000051__primary__01__4A2A53EADC07__thumbnail.webp,960,1280,,,,,,,webp,86,true,true,true,institutional_publication_approval,public,مركز المعلومات والتوثيق السياحي,true,Institutionally approved Batch 1 derivative.
B1-PUB-B1IMG-000251,IMG-19303339136B110F,IMG-19303339136B110F,LY-TRI-000052,old-tripoli,primary,1,assets/images/old-tripoli/old-tripoli-LY-OLD-TRIPOLI-00052-01.png,assets/media/LIBYA/old-cities/LY-TRI-000052/LY-TRI-000052__primary__01__3339136B110F__web-large.webp,assets/media/LIBYA/old-cities/LY-TRI-000052/LY-TRI-000052__primary__01__3339136B110F__web-medium.webp,assets/media/LIBYA/old-cities/LY-TRI-000052/LY-TRI-000052__primary__01__3339136B110F__thumbnail.webp,1362,2048,,,,,,,webp,86,true,true,true,institutional_publication_approval,public,مركز المعلومات والتوثيق السياحي,true,Institutionally approved Batch 1 derivative.
B1-PUB-B1IMG-000263,IMG-8AA3792D47A8700B,,LY-TRI-000054,old-tripoli,primary,1,assets/images/old-tripoli/old-tripoli-LY-OLD-TRIPOLI-00054-01.png,assets/media/LIBYA/old-cities/LY-TRI-000054/LY-TRI-000054__primary__01__792D47A8700B__web-large.webp,assets/media/LIBYA/old-cities/LY-TRI-000054/LY-TRI-000054__primary__01__792D47A8700B__web-medium.webp,assets/media/LIBYA/old-cities/LY-TRI-000054/LY-TRI-000054__primary__01__792D47A8700B__thumbnail.webp,2000,2000,,,,,,,webp,86,true,true,true,institutional_publication_approval,public,مركز المعلومات والتوثيق السياحي,true,Institutionally approved Batch 1 derivative.
B1-PUB-B1IMG-000267,IMG-122EC6794AE5AD9B,IMG-122EC6794AE5AD9B,LY-TRI-000055,old-tripoli,primary,1,assets/images/old-tripoli/old-tripoli-LY-OLD-TRIPOLI-00055-01.png,assets/media/LIBYA/old-cities/LY-TRI-000055/LY-TRI-000055__primary__01__C6794AE5AD9B__web-large.webp,assets/media/LIBYA/old-cities/LY-TRI-000055/LY-TRI-000055__primary__01__C6794AE5AD9B__web-medium.webp,assets/media/LIBYA/old-cities/LY-TRI-000055/LY-TRI-000055__primary__01__C6794AE5AD9B__thumbnail.webp,2048,1362,,,,,,,webp,86,true,true,true,institutional_publication_approval,public,مركز المعلومات والتوثيق السياحي,true,Institutionally approved Batch 1 derivative.
B1-PUB-B1IMG-000273,IMG-ECA0C97F0281CBCD,IMG-ECA0C97F0281CBCD,LY-TRI-000056,old-tripoli,primary,1,assets/images/old-tripoli/old-tripoli-LY-OLD-TRIPOLI-00056-01.png,assets/media/LIBYA/old-cities/LY-TRI-000056/LY-TRI-000056__primary__01__C97F0281CBCD__web-large.webp,assets/media/LIBYA/old-cities/LY-TRI-000056/LY-TRI-000056__primary__01__C97F0281CBCD__web-medium.webp,assets/media/LIBYA/old-cities/LY-TRI-000056/LY-TRI-000056__primary__01__C97F0281CBCD__thumbnail.webp,652,720,,,,,,,webp,86,true,true,true,institutional_publication_approval,public,مركز المعلومات والتوثيق السياحي,true,Institutionally approved Batch 1 derivative.
B1-PUB-B1IMG-000277,IMG-F7AFA396298F215C,IMG-F7AFA396298F215C,LY-TRI-000058,old-tripoli,primary,1,assets/images/old-tripoli/old-tripoli-LY-OLD-TRIPOLI-00058-01.png,assets/media/LIBYA/old-cities/LY-TRI-000058/LY-TRI-000058__primary__01__A396298F215C__web-large.webp,assets/media/LIBYA/old-cities/LY-TRI-000058/LY-TRI-000058__primary__01__A396298F215C__web-medium.webp,assets/media/LIBYA/old-cities/LY-TRI-000058/LY-TRI-000058__primary__01__A396298F215C__thumbnail.webp,960,540,,,,,,,webp,86,true,true,true,institutional_publication_approval,public,مركز المعلومات والتوثيق السياحي,true,Institutionally approved Batch 1 derivative.
B1-PUB-B1IMG-000283,IMG-9C844F7D15BA1CA9,IMG-9C844F7D15BA1CA9,LY-TRI-000059,old-tripoli,primary,1,assets/images/old-tripoli/old-tripoli-LY-OLD-TRIPOLI-00059-01.png,assets/media/LIBYA/old-cities/LY-TRI-000059/LY-TRI-000059__primary__01__4F7D15BA1CA9__web-large.webp,assets/media/LIBYA/old-cities/LY-TRI-000059/LY-TRI-000059__primary__01__4F7D15BA1CA9__web-medium.webp,assets/media/LIBYA/old-cities/LY-TRI-000059/LY-TRI-000059__primary__01__4F7D15BA1CA9__thumbnail.webp,479,765,,,,,,,webp,86,true,true,true,institutional_publication_approval,public,مركز المعلومات والتوثيق السياحي,true,Institutionally approved Batch 1 derivative.
B1-PUB-B1IMG-000287,IMG-40E860A9C361F231,IMG-40E860A9C361F231,LY-TRI-000061,old-tripoli,primary,1,assets/images/old-tripoli/old-tripoli-LY-OLD-TRIPOLI-00061-01.png,assets/media/LIBYA/old-cities/LY-TRI-000061/LY-TRI-000061__primary__01__60A9C361F231__web-large.webp,assets/media/LIBYA/old-cities/LY-TRI-000061/LY-TRI-000061__primary__01__60A9C361F231__web-medium.webp,assets/media/LIBYA/old-cities/LY-TRI-000061/LY-TRI-000061__primary__01__60A9C361F231__thumbnail.webp,526,777,,,,,,,webp,86,true,true,true,institutional_publication_approval,public,مركز المعلومات والتوثيق السياحي,true,Institutionally approved Batch 1 derivative.
B1-PUB-B1IMG-000291,IMG-4E283F699F851D7B,IMG-4E283F699F851D7B,LY-TRI-000063,old-tripoli,primary,1,assets/images/old-tripoli/old-tripoli-LY-OLD-TRIPOLI-00063-01.png,assets/media/LIBYA/old-cities/LY-TRI-000063/LY-TRI-000063__primary__01__3F699F851D7B__web-large.webp,assets/media/LIBYA/old-cities/LY-TRI-000063/LY-TRI-000063__primary__01__3F699F851D7B__web-medium.webp,assets/media/LIBYA/old-cities/LY-TRI-000063/LY-TRI-000063__primary__01__3F699F851D7B__thumbnail.webp,2000,3008,,,,,,,webp,86,true,true,true,institutional_publication_approval,public,مركز المعلومات والتوثيق السياحي,true,Institutionally approved Batch 1 derivative.
B1-PUB-B1IMG-000293,IMG-A344A7E577E96630,IMG-A344A7E577E96630,LY-TRI-000064,old-tripoli,primary,1,assets/images/old-tripoli/old-tripoli-LY-OLD-TRIPOLI-00064-01.png,assets/media/LIBYA/old-cities/LY-TRI-000064/LY-TRI-000064__primary__01__A7E577E96630__web-large.webp,assets/media/LIBYA/old-cities/LY-TRI-000064/LY-TRI-000064__primary__01__A7E577E96630__web-medium.webp,assets/media/LIBYA/old-cities/LY-TRI-000064/LY-TRI-000064__primary__01__A7E577E96630__thumbnail.webp,680,510,,,,,,,webp,86,true,true,true,institutional_publication_approval,public,مركز المعلومات والتوثيق السياحي,true,Institutionally approved Batch 1 derivative.
B1-PUB-B1IMG-000317,IMG-3F21FA0C3434B21B,IMG-3F21FA0C3434B21B,LY-TRI-000069,old-tripoli,primary,1,assets/images/old-tripoli/old-tripoli-LY-OLD-TRIPOLI-00069-02.png,assets/media/LIBYA/old-cities/LY-TRI-000069/LY-TRI-000069__primary__01__FA0C3434B21B__web-large.webp,assets/media/LIBYA/old-cities/LY-TRI-000069/LY-TRI-000069__primary__01__FA0C3434B21B__web-medium.webp,assets/media/LIBYA/old-cities/LY-TRI-000069/LY-TRI-000069__primary__01__FA0C3434B21B__thumbnail.webp,514,640,,,,,,,webp,86,true,true,true,institutional_publication_approval,public,مركز المعلومات والتوثيق السياحي,true,Institutionally approved Batch 1 derivative.
B1-PUB-B1IMG-000331,IMG-464866CA94A2E016,IMG-464866CA94A2E016,LY-TRI-000071,old-tripoli,primary,1,assets/images/old-tripoli/old-tripoli-LY-OLD-TRIPOLI-00071-03.png,assets/media/LIBYA/old-cities/LY-TRI-000071/LY-TRI-000071__primary__01__66CA94A2E016__web-large.webp,assets/media/LIBYA/old-cities/LY-TRI-000071/LY-TRI-000071__primary__01__66CA94A2E016__web-medium.webp,assets/media/LIBYA/old-cities/LY-TRI-000071/LY-TRI-000071__primary__01__66CA94A2E016__thumbnail.webp,700,394,,,,,,,webp,86,true,true,true,institutional_publication_approval,public,مركز المعلومات والتوثيق السياحي,true,Institutionally approved Batch 1 derivative.
B1-PUB-B1IMG-000351,IMG-5D3E8C32DECB8309,IMG-5D3E8C32DECB8309,LY-TRI-000077,old-tripoli,primary,1,assets/images/old-tripoli/old-tripoli-LY-OLD-TRIPOLI-00077-01.png,assets/media/LIBYA/old-cities/LY-TRI-000077/LY-TRI-000077__primary__01__8C32DECB8309__web-large.webp,assets/media/LIBYA/old-cities/LY-TRI-000077/LY-TRI-000077__primary__01__8C32DECB8309__web-medium.webp,assets/media/LIBYA/old-cities/LY-TRI-000077/LY-TRI-000077__primary__01__8C32DECB8309__thumbnail.webp,500,667,,,,,,,webp,86,true,true,true,institutional_publication_approval,public,مركز المعلومات والتوثيق السياحي,true,Institutionally approved Batch 1 derivative.
B1-PUB-B1IMG-000359,IMG-B5026D10CF623027,IMG-B5026D10CF623027,LY-TRI-000079,old-tripoli,primary,1,assets/images/old-tripoli/old-tripoli-LY-OLD-TRIPOLI-00079-02.png,assets/media/LIBYA/old-cities/LY-TRI-000079/LY-TRI-000079__primary__01__6D10CF623027__web-large.webp,assets/media/LIBYA/old-cities/LY-TRI-000079/LY-TRI-000079__primary__01__6D10CF623027__web-medium.webp,assets/media/LIBYA/old-cities/LY-TRI-000079/LY-TRI-000079__primary__01__6D10CF623027__thumbnail.webp,660,454,,,,,,,webp,86,true,true,true,institutional_publication_approval,public,مركز المعلومات والتوثيق السياحي,true,Institutionally approved Batch 1 derivative.
B1-PUB-B1IMG-000375,IMG-250D8FA287642F04,IMG-250D8FA287642F04,LY-TRI-000082,old-tripoli,primary,1,assets/images/old-tripoli/old-tripoli-LY-OLD-TRIPOLI-00082-01.png,assets/media/LIBYA/old-cities/LY-TRI-000082/LY-TRI-000082__primary__01__8FA287642F04__web-large.webp,assets/media/LIBYA/old-cities/LY-TRI-000082/LY-TRI-000082__primary__01__8FA287642F04__web-medium.webp,assets/media/LIBYA/old-cities/LY-TRI-000082/LY-TRI-000082__primary__01__8FA287642F04__thumbnail.webp,720,950,,,,,,,webp,86,true,true,true,institutional_publication_approval,public,مركز المعلومات والتوثيق السياحي,true,Institutionally approved Batch 1 derivative.
B1-PUB-B1IMG-000383,IMG-E3D10855EA0BF5FC,IMG-E3D10855EA0BF5FC,LY-TRI-000084,old-tripoli,primary,1,assets/images/old-tripoli/old-tripoli-LY-OLD-TRIPOLI-00084-02.png,assets/media/LIBYA/old-cities/LY-TRI-000084/LY-TRI-000084__primary__01__0855EA0BF5FC__web-large.webp,assets/media/LIBYA/old-cities/LY-TRI-000084/LY-TRI-000084__primary__01__0855EA0BF5FC__web-medium.webp,assets/media/LIBYA/old-cities/LY-TRI-000084/LY-TRI-000084__primary__01__0855EA0BF5FC__thumbnail.webp,2048,1536,,,,,,,webp,86,true,true,true,institutional_publication_approval,public,مركز المعلومات والتوثيق السياحي,true,Institutionally approved Batch 1 derivative.
B1-PUB-B1IMG-000393,IMG-E07ADBE1ECA6364B,IMG-E07ADBE1ECA6364B,LY-TRI-000087,old-tripoli,primary,1,assets/images/old-tripoli/old-tripoli-LY-OLD-TRIPOLI-00087-03.png,assets/media/LIBYA/old-cities/LY-TRI-000087/LY-TRI-000087__primary__01__DBE1ECA6364B__web-large.webp,assets/media/LIBYA/old-cities/LY-TRI-000087/LY-TRI-000087__primary__01__DBE1ECA6364B__web-medium.webp,assets/media/LIBYA/old-cities/LY-TRI-000087/LY-TRI-000087__primary__01__DBE1ECA6364B__thumbnail.webp,1024,720,,,,,,,webp,86,true,true,true,institutional_publication_approval,public,مركز المعلومات والتوثيق السياحي,true,Institutionally approved Batch 1 derivative.
B1-PUB-B1IMG-000395,IMG-14F50A0DFB2B393D,IMG-14F50A0DFB2B393D,LY-TRI-000088,old-tripoli,primary,1,assets/images/old-tripoli/old-tripoli-LY-OLD-TRIPOLI-00088-01.png,assets/media/LIBYA/old-cities/LY-TRI-000088/LY-TRI-000088__primary__01__0A0DFB2B393D__web-large.webp,assets/media/LIBYA/old-cities/LY-TRI-000088/LY-TRI-000088__primary__01__0A0DFB2B393D__web-medium.webp,assets/media/LIBYA/old-cities/LY-TRI-000088/LY-TRI-000088__primary__01__0A0DFB2B393D__thumbnail.webp,1024,793,,,,,,,webp,86,true,true,true,institutional_publication_approval,public,مركز المعلومات والتوثيق السياحي,true,Institutionally approved Batch 1 derivative.
B1-PUB-B1IMG-000401,IMG-EDB214ADFC5588F7,IMG-EDB214ADFC5588F7,LY-TRI-000090,old-tripoli,primary,1,assets/images/old-tripoli/old-tripoli-LY-OLD-TRIPOLI-00090-01.png,assets/media/LIBYA/old-cities/LY-TRI-000090/LY-TRI-000090__primary__01__14ADFC5588F7__web-large.webp,assets/media/LIBYA/old-cities/LY-TRI-000090/LY-TRI-000090__primary__01__14ADFC5588F7__web-medium.webp,assets/media/LIBYA/old-cities/LY-TRI-000090/LY-TRI-000090__primary__01__14ADFC5588F7__thumbnail.webp,719,730,,,,,,,webp,86,true,true,true,institutional_publication_approval,public,مركز المعلومات والتوثيق السياحي,true,Institutionally approved Batch 1 derivative.
B1-PUB-B1IMG-000413,IMG-C653F4856C3D5A1E,IMG-C653F4856C3D5A1E,LY-TRI-000094,old-tripoli,primary,1,assets/images/old-tripoli/old-tripoli-LY-OLD-TRIPOLI-00094-01.png,assets/media/LIBYA/old-cities/LY-TRI-000094/LY-TRI-000094__primary__01__F4856C3D5A1E__web-large.webp,assets/media/LIBYA/old-cities/LY-TRI-000094/LY-TRI-000094__primary__01__F4856C3D5A1E__web-medium.webp,assets/media/LIBYA/old-cities/LY-TRI-000094/LY-TRI-000094__primary__01__F4856C3D5A1E__thumbnail.webp,960,1201,,,,,,,webp,86,true,true,true,institutional_publication_approval,public,مركز المعلومات والتوثيق السياحي,true,Institutionally approved Batch 1 derivative.
B1-PUB-B1IMG-000421,IMG-D32E10A0FAEF78DA,IMG-D32E10A0FAEF78DA,LY-TRI-000096,old-tripoli,primary,1,assets/images/old-tripoli/old-tripoli-LY-OLD-TRIPOLI-00096-01.png,assets/media/LIBYA/old-cities/LY-TRI-000096/LY-TRI-000096__primary__01__10A0FAEF78DA__web-large.webp,assets/media/LIBYA/old-cities/LY-TRI-000096/LY-TRI-000096__primary__01__10A0FAEF78DA__web-medium.webp,assets/media/LIBYA/old-cities/LY-TRI-000096/LY-TRI-000096__primary__01__10A0FAEF78DA__thumbnail.webp,1122,1399,,,,,,,webp,86,true,true,true,institutional_publication_approval,public,مركز المعلومات والتوثيق السياحي,true,Institutionally approved Batch 1 derivative.
B1-PUB-B1IMG-000423,IMG-BE72CA288AC4FFD8,IMG-BE72CA288AC4FFD8,LY-TRI-000097,old-tripoli,primary,1,assets/images/old-tripoli/old-tripoli-LY-OLD-TRIPOLI-00097-01.png,assets/media/LIBYA/old-cities/LY-TRI-000097/LY-TRI-000097__primary__01__CA288AC4FFD8__web-large.webp,assets/media/LIBYA/old-cities/LY-TRI-000097/LY-TRI-000097__primary__01__CA288AC4FFD8__web-medium.webp,assets/media/LIBYA/old-cities/LY-TRI-000097/LY-TRI-000097__primary__01__CA288AC4FFD8__thumbnail.webp,1512,2016,,,,,,,webp,86,true,true,true,institutional_publication_approval,public,مركز المعلومات والتوثيق السياحي,true,Institutionally approved Batch 1 derivative.
B1-PUB-B1IMG-000429,IMG-B75EC215EEDFBBA4,IMG-B75EC215EEDFBBA4,LY-TRI-000098,old-tripoli,primary,1,assets/images/old-tripoli/old-tripoli-LY-OLD-TRIPOLI-00098-01.png,assets/media/LIBYA/old-cities/LY-TRI-000098/LY-TRI-000098__primary__01__C215EEDFBBA4__web-large.webp,assets/media/LIBYA/old-cities/LY-TRI-000098/LY-TRI-000098__primary__01__C215EEDFBBA4__web-medium.webp,assets/media/LIBYA/old-cities/LY-TRI-000098/LY-TRI-000098__primary__01__C215EEDFBBA4__thumbnail.webp,1284,1702,,,,,,,webp,86,true,true,true,institutional_publication_approval,public,مركز المعلومات والتوثيق السياحي,true,Institutionally approved Batch 1 derivative.
B1-PUB-B1IMG-000433,IMG-AE2F2C36A0837DE7,IMG-AE2F2C36A0837DE7,LY-TRI-000099,old-tripoli,primary,1,assets/images/old-tripoli/old-tripoli-LY-OLD-TRIPOLI-00099-01.png,assets/media/LIBYA/old-cities/LY-TRI-000099/LY-TRI-000099__primary__01__2C36A0837DE7__web-large.webp,assets/media/LIBYA/old-cities/LY-TRI-000099/LY-TRI-000099__primary__01__2C36A0837DE7__web-medium.webp,assets/media/LIBYA/old-cities/LY-TRI-000099/LY-TRI-000099__primary__01__2C36A0837DE7__thumbnail.webp,1536,2048,,,,,,,webp,86,true,true,true,institutional_publication_approval,public,مركز المعلومات والتوثيق السياحي,true,Institutionally approved Batch 1 derivative.
B1-PUB-B1IMG-000439,IMG-420546FB58A56676,IMG-420546FB58A56676,LY-TRI-000100,old-tripoli,primary,1,assets/images/old-tripoli/old-tripoli-LY-OLD-TRIPOLI-00100-01.png,assets/media/LIBYA/old-cities/LY-TRI-000100/LY-TRI-000100__primary__01__46FB58A56676__web-large.webp,assets/media/LIBYA/old-cities/LY-TRI-000100/LY-TRI-000100__primary__01__46FB58A56676__web-medium.webp,assets/media/LIBYA/old-cities/LY-TRI-000100/LY-TRI-000100__primary__01__46FB58A56676__thumbnail.webp,2048,1536,,,,,,,webp,86,true,true,true,institutional_publication_approval,public,مركز المعلومات والتوثيق السياحي,true,Institutionally approved Batch 1 derivative.
B1-PUB-B1IMG-000445,IMG-8D3346A3D8B025A2,IMG-8D3346A3D8B025A2,LY-TRI-000101,old-tripoli,primary,1,assets/images/old-tripoli/old-tripoli-LY-OLD-TRIPOLI-00101-01.png,assets/media/LIBYA/old-cities/LY-TRI-000101/LY-TRI-000101__primary__01__46A3D8B025A2__web-large.webp,assets/media/LIBYA/old-cities/LY-TRI-000101/LY-TRI-000101__primary__01__46A3D8B025A2__web-medium.webp,assets/media/LIBYA/old-cities/LY-TRI-000101/LY-TRI-000101__primary__01__46A3D8B025A2__thumbnail.webp,960,640,,,,,,,webp,86,true,true,true,institutional_publication_approval,public,مركز المعلومات والتوثيق السياحي,true,Institutionally approved Batch 1 derivative.
B1-PUB-B1IMG-000449,IMG-27D23CDF7CAD565E,IMG-27D23CDF7CAD565E,LY-TRI-000102,old-tripoli,primary,1,assets/images/old-tripoli/old-tripoli-LY-OLD-TRIPOLI-00102-02.png,assets/media/LIBYA/old-cities/LY-TRI-000102/LY-TRI-000102__primary__01__3CDF7CAD565E__web-large.webp,assets/media/LIBYA/old-cities/LY-TRI-000102/LY-TRI-000102__primary__01__3CDF7CAD565E__web-medium.webp,assets/media/LIBYA/old-cities/LY-TRI-000102/LY-TRI-000102__primary__01__3CDF7CAD565E__thumbnail.webp,731,273,,,,,,,webp,86,true,true,true,institutional_publication_approval,public,مركز المعلومات والتوثيق السياحي,true,Institutionally approved Batch 1 derivative.
B1-PUB-B1IMG-000455,IMG-0B0BAD440877AE8D,IMG-0B0BAD440877AE8D,LY-TRI-000103,old-tripoli,primary,1,assets/images/old-tripoli/old-tripoli-LY-OLD-TRIPOLI-00103-02.png,assets/media/LIBYA/old-cities/LY-TRI-000103/LY-TRI-000103__primary__01__AD440877AE8D__web-large.webp,assets/media/LIBYA/old-cities/LY-TRI-000103/LY-TRI-000103__primary__01__AD440877AE8D__web-medium.webp,assets/media/LIBYA/old-cities/LY-TRI-000103/LY-TRI-000103__primary__01__AD440877AE8D__thumbnail.webp,415,739,,,,,,,webp,86,true,true,true,institutional_publication_approval,public,مركز المعلومات والتوثيق السياحي,true,Institutionally approved Batch 1 derivative.
B1-PUB-B1IMG-000469,IMG-75124E0C3746CE7B,IMG-75124E0C3746CE7B,LY-TRI-000105,old-tripoli,primary,1,assets/images/old-tripoli/old-tripoli-LY-OLD-TRIPOLI-00105-02.png,assets/media/LIBYA/old-cities/LY-TRI-000105/LY-TRI-000105__primary__01__4E0C3746CE7B__web-large.webp,assets/media/LIBYA/old-cities/LY-TRI-000105/LY-TRI-000105__primary__01__4E0C3746CE7B__web-medium.webp,assets/media/LIBYA/old-cities/LY-TRI-000105/LY-TRI-000105__primary__01__4E0C3746CE7B__thumbnail.webp,2048,1138,,,,,,,webp,86,true,true,true,institutional_publication_approval,public,مركز المعلومات والتوثيق السياحي,true,Institutionally approved Batch 1 derivative.
B1-PUB-B1IMG-000475,IMG-1D4E50966FFE4716,IMG-1D4E50966FFE4716,LY-TRI-000106,old-tripoli,primary,1,assets/images/old-tripoli/old-tripoli-LY-OLD-TRIPOLI-00106-01.png,assets/media/LIBYA/old-cities/LY-TRI-000106/LY-TRI-000106__primary__01__50966FFE4716__web-large.webp,assets/media/LIBYA/old-cities/LY-TRI-000106/LY-TRI-000106__primary__01__50966FFE4716__web-medium.webp,assets/media/LIBYA/old-cities/LY-TRI-000106/LY-TRI-000106__primary__01__50966FFE4716__thumbnail.webp,720,540,,,,,,,webp,86,true,true,true,institutional_publication_approval,public,مركز المعلومات والتوثيق السياحي,true,Institutionally approved Batch 1 derivative.
B1-PUB-B1IMG-000479,IMG-22FE81AC5913EA1B,IMG-22FE81AC5913EA1B,LY-TRI-000108,old-tripoli,primary,1,assets/images/old-tripoli/old-tripoli-LY-OLD-TRIPOLI-00108-01.png,assets/media/LIBYA/old-cities/LY-TRI-000108/LY-TRI-000108__primary__01__81AC5913EA1B__web-large.webp,assets/media/LIBYA/old-cities/LY-TRI-000108/LY-TRI-000108__primary__01__81AC5913EA1B__web-medium.webp,assets/media/LIBYA/old-cities/LY-TRI-000108/LY-TRI-000108__primary__01__81AC5913EA1B__thumbnail.webp,1130,1064,,,,,,,webp,86,true,true,true,institutional_publication_approval,public,مركز المعلومات والتوثيق السياحي,true,Institutionally approved Batch 1 derivative.
B1-PUB-B1IMG-000495,IMG-82FFA2EB6C92341C,IMG-82FFA2EB6C92341C,LY-TRI-000114,old-tripoli,primary,1,assets/images/old-tripoli/old-tripoli-LY-OLD-TRIPOLI-00114-01.png,assets/media/LIBYA/old-cities/LY-TRI-000114/LY-TRI-000114__primary__01__A2EB6C92341C__web-large.webp,assets/media/LIBYA/old-cities/LY-TRI-000114/LY-TRI-000114__primary__01__A2EB6C92341C__web-medium.webp,assets/media/LIBYA/old-cities/LY-TRI-000114/LY-TRI-000114__primary__01__A2EB6C92341C__thumbnail.webp,526,677,,,,,,,webp,86,true,true,true,institutional_publication_approval,public,مركز المعلومات والتوثيق السياحي,true,Institutionally approved Batch 1 derivative.
B1-PUB-B1IMG-000501,IMG-D00AC0B9FAAFC9DB,IMG-D00AC0B9FAAFC9DB,LY-TRI-000115,old-tripoli,primary,1,assets/images/old-tripoli/old-tripoli-LY-OLD-TRIPOLI-00115-02.png,assets/media/LIBYA/old-cities/LY-TRI-000115/LY-TRI-000115__primary__01__C0B9FAAFC9DB__web-large.webp,assets/media/LIBYA/old-cities/LY-TRI-000115/LY-TRI-000115__primary__01__C0B9FAAFC9DB__web-medium.webp,assets/media/LIBYA/old-cities/LY-TRI-000115/LY-TRI-000115__primary__01__C0B9FAAFC9DB__thumbnail.webp,720,720,,,,,,,webp,86,true,true,true,institutional_publication_approval,public,مركز المعلومات والتوثيق السياحي,true,Institutionally approved Batch 1 derivative.
B1-PUB-B1IMG-000505,IMG-F8BB3CFA74697A1A,IMG-F8BB3CFA74697A1A,LY-TRI-000116,old-tripoli,primary,1,assets/images/old-tripoli/old-tripoli-LY-OLD-TRIPOLI-00116-01.png,assets/media/LIBYA/old-cities/LY-TRI-000116/LY-TRI-000116__primary__01__3CFA74697A1A__web-large.webp,assets/media/LIBYA/old-cities/LY-TRI-000116/LY-TRI-000116__primary__01__3CFA74697A1A__web-medium.webp,assets/media/LIBYA/old-cities/LY-TRI-000116/LY-TRI-000116__primary__01__3CFA74697A1A__thumbnail.webp,960,616,,,,,,,webp,86,true,true,true,institutional_publication_approval,public,مركز المعلومات والتوثيق السياحي,true,Institutionally approved Batch 1 derivative.
B1-PUB-B1IMG-000519,IMG-A137631F1888A7E7,IMG-A137631F1888A7E7,LY-TRI-000118,old-tripoli,primary,1,assets/images/old-tripoli/old-tripoli-LY-OLD-TRIPOLI-00118-01.png,assets/media/LIBYA/old-cities/LY-TRI-000118/LY-TRI-000118__primary__01__631F1888A7E7__web-large.webp,assets/media/LIBYA/old-cities/LY-TRI-000118/LY-TRI-000118__primary__01__631F1888A7E7__web-medium.webp,assets/media/LIBYA/old-cities/LY-TRI-000118/LY-TRI-000118__primary__01__631F1888A7E7__thumbnail.webp,674,485,,,,,,,webp,86,true,true,true,institutional_publication_approval,public,مركز المعلومات والتوثيق السياحي,true,Institutionally approved Batch 1 derivative.
B1-PUB-B1IMG-000533,IMG-AF6CCCFE878CF202,IMG-AF6CCCFE878CF202,LY-TRI-000122,old-tripoli,primary,1,assets/images/old-tripoli/old-tripoli-LY-OLD-TRIPOLI-00122-01.png,assets/media/LIBYA/old-cities/LY-TRI-000122/LY-TRI-000122__primary__01__CCFE878CF202__web-large.webp,assets/media/LIBYA/old-cities/LY-TRI-000122/LY-TRI-000122__primary__01__CCFE878CF202__web-medium.webp,assets/media/LIBYA/old-cities/LY-TRI-000122/LY-TRI-000122__primary__01__CCFE878CF202__thumbnail.webp,720,960,,,,,,,webp,86,true,true,true,institutional_publication_approval,public,مركز المعلومات والتوثيق السياحي,true,Institutionally approved Batch 1 derivative.
B1-PUB-B1IMG-000535,IMG-B228F8B555664904,IMG-B228F8B555664904,LY-TRI-000123,old-tripoli,primary,1,assets/images/old-tripoli/old-tripoli-LY-OLD-TRIPOLI-00123-01.png,assets/media/LIBYA/old-cities/LY-TRI-000123/LY-TRI-000123__primary__01__F8B555664904__web-large.webp,assets/media/LIBYA/old-cities/LY-TRI-000123/LY-TRI-000123__primary__01__F8B555664904__web-medium.webp,assets/media/LIBYA/old-cities/LY-TRI-000123/LY-TRI-000123__primary__01__F8B555664904__thumbnail.webp,497,640,,,,,,,webp,86,true,true,true,institutional_publication_approval,public,مركز المعلومات والتوثيق السياحي,true,Institutionally approved Batch 1 derivative.
B1-PUB-B1IMG-000545,IMG-DF4A3DD398AE2330,IMG-DF4A3DD398AE2330,LY-TRI-000126,old-tripoli,primary,1,assets/images/old-tripoli/old-tripoli-LY-OLD-TRIPOLI-00126-01.png,assets/media/LIBYA/old-cities/LY-TRI-000126/LY-TRI-000126__primary__01__3DD398AE2330__web-large.webp,assets/media/LIBYA/old-cities/LY-TRI-000126/LY-TRI-000126__primary__01__3DD398AE2330__web-medium.webp,assets/media/LIBYA/old-cities/LY-TRI-000126/LY-TRI-000126__primary__01__3DD398AE2330__thumbnail.webp,2048,1367,,,,,,,webp,86,true,true,true,institutional_publication_approval,public,مركز المعلومات والتوثيق السياحي,true,Institutionally approved Batch 1 derivative.
B1-PUB-B1IMG-000555,IMG-60A1D2961C0FAA26,IMG-60A1D2961C0FAA26,LY-TRI-000128,old-tripoli,primary,1,assets/images/old-tripoli/old-tripoli-LY-OLD-TRIPOLI-00128-01.png,assets/media/LIBYA/old-cities/LY-TRI-000128/LY-TRI-000128__primary__01__D2961C0FAA26__web-large.webp,assets/media/LIBYA/old-cities/LY-TRI-000128/LY-TRI-000128__primary__01__D2961C0FAA26__web-medium.webp,assets/media/LIBYA/old-cities/LY-TRI-000128/LY-TRI-000128__primary__01__D2961C0FAA26__thumbnail.webp,520,640,,,,,,,webp,86,true,true,true,institutional_publication_approval,public,مركز المعلومات والتوثيق السياحي,true,Institutionally approved Batch 1 derivative.
B1-PUB-B1IMG-000559,IMG-3CAC86A1C4B6CD4F,IMG-3CAC86A1C4B6CD4F,LY-TRI-000129,old-tripoli,primary,1,assets/images/old-tripoli/old-tripoli-LY-OLD-TRIPOLI-00129-02.png,assets/media/LIBYA/old-cities/LY-TRI-000129/LY-TRI-000129__primary__01__86A1C4B6CD4F__web-large.webp,assets/media/LIBYA/old-cities/LY-TRI-000129/LY-TRI-000129__primary__01__86A1C4B6CD4F__web-medium.webp,assets/media/LIBYA/old-cities/LY-TRI-000129/LY-TRI-000129__primary__01__86A1C4B6CD4F__thumbnail.webp,576,960,,,,,,,webp,86,true,true,true,institutional_publication_approval,public,مركز المعلومات والتوثيق السياحي,true,Institutionally approved Batch 1 derivative.
B1-PUB-B1IMG-000571,IMG-1255666E623D3F1F,IMG-1255666E623D3F1F,LY-TRI-000132,old-tripoli,primary,1,assets/images/old-tripoli/old-tripoli-LY-OLD-TRIPOLI-00132-01.png,assets/media/LIBYA/old-cities/LY-TRI-000132/LY-TRI-000132__primary__01__666E623D3F1F__web-large.webp,assets/media/LIBYA/old-cities/LY-TRI-000132/LY-TRI-000132__primary__01__666E623D3F1F__web-medium.webp,assets/media/LIBYA/old-cities/LY-TRI-000132/LY-TRI-000132__primary__01__666E623D3F1F__thumbnail.webp,671,458,,,,,,,webp,86,true,true,true,institutional_publication_approval,public,مركز المعلومات والتوثيق السياحي,true,Institutionally approved Batch 1 derivative.
B1-PUB-B1IMG-000575,IMG-659B350A4BD8EBB2,IMG-659B350A4BD8EBB2,LY-TRI-000134,old-tripoli,primary,1,assets/images/old-tripoli/old-tripoli-LY-OLD-TRIPOLI-00134-01.png,assets/media/LIBYA/old-cities/LY-TRI-000134/LY-TRI-000134__primary__01__350A4BD8EBB2__web-large.webp,assets/media/LIBYA/old-cities/LY-TRI-000134/LY-TRI-000134__primary__01__350A4BD8EBB2__web-medium.webp,assets/media/LIBYA/old-cities/LY-TRI-000134/LY-TRI-000134__primary__01__350A4BD8EBB2__thumbnail.webp,1280,927,,,,,,,webp,86,true,true,true,institutional_publication_approval,public,مركز المعلومات والتوثيق السياحي,true,Institutionally approved Batch 1 derivative.
B1-PUB-B1IMG-000593,IMG-78BA295438D199F4,IMG-78BA295438D199F4,WH-WORLD-C0002,world-heritage,primary,1,assets/media/LIBYA/heritage/cyrene/published/main-site/cyrene-main-aerial-001.JPG,assets/media/LIBYA/heritage/WH-WORLD-C0002/WH-WORLD-C0002__primary__01__295438D199F4__web-large.webp,assets/media/LIBYA/heritage/WH-WORLD-C0002/WH-WORLD-C0002__primary__01__295438D199F4__web-medium.webp,assets/media/LIBYA/heritage/WH-WORLD-C0002/WH-WORLD-C0002__primary__01__295438D199F4__thumbnail.webp,5472,3648,,,,,,,webp,86,true,true,true,institutional_publication_approval,public,مركز المعلومات والتوثيق السياحي,true,Institutionally approved Batch 1 derivative.
B1-PUB-B1IMG-000733,IMG-D5179154990536A1,IMG-D5179154990536A1,WH-MAIN-001,world-heritage,primary,1,assets/media/LIBYA/heritage/leptis-magna/published/main-site/leptis-magna-official-002.jpeg,assets/media/LIBYA/heritage/WH-MAIN-001/WH-MAIN-001__primary__01__9154990536A1__web-large.webp,assets/media/LIBYA/heritage/WH-MAIN-001/WH-MAIN-001__primary__01__9154990536A1__web-medium.webp,assets/media/LIBYA/heritage/WH-MAIN-001/WH-MAIN-001__primary__01__9154990536A1__thumbnail.webp,1080,1080,,,,,,,webp,86,true,true,true,institutional_publication_approval,public,مركز المعلومات والتوثيق السياحي,true,Institutionally approved Batch 1 derivative.
B1-PUB-B1IMG-000988,IMG-EB3970495DD0618E,IMG-EB3970495DD0618E,WH-WORLD-C0001,world-heritage,primary,1,assets/media/LIBYA/Sabratha/published/main-site/sabratha-main-aerial-001.JPG,assets/media/LIBYA/heritage/WH-WORLD-C0001/WH-WORLD-C0001__primary__01__70495DD0618E__web-large.webp,assets/media/LIBYA/heritage/WH-WORLD-C0001/WH-WORLD-C0001__primary__01__70495DD0618E__web-medium.webp,assets/media/LIBYA/heritage/WH-WORLD-C0001/WH-WORLD-C0001__primary__01__70495DD0618E__thumbnail.webp,5280,3956,,,,,,,webp,86,true,true,true,institutional_publication_approval,public,مركز المعلومات والتوثيق السياحي,true,Institutionally approved Batch 1 derivative.
B1-PUB-B1IMG-001071,IMG-02D99FA57565D0E7,,WH-LY-001-0001,world-heritage,primary,1,docs/screenshots/leptis-popup-fix/WH-LY-001-0001.png,assets/media/LIBYA/heritage/WH-LY-001-0001/WH-LY-001-0001__primary__01__9FA57565D0E7__web-large.webp,assets/media/LIBYA/heritage/WH-LY-001-0001/WH-LY-001-0001__primary__01__9FA57565D0E7__web-medium.webp,assets/media/LIBYA/heritage/WH-LY-001-0001/WH-LY-001-0001__primary__01__9FA57565D0E7__thumbnail.webp,1440,1000,,,,,,,webp,86,true,true,true,institutional_publication_approval,public,مركز المعلومات والتوثيق السياحي,true,Institutionally approved Batch 1 derivative.
B1-PUB-B1IMG-001072,IMG-6EC30511C574D4E7,,WH-LY-001-0002,world-heritage,primary,1,docs/screenshots/leptis-popup-fix/WH-LY-001-0002.png,assets/media/LIBYA/heritage/WH-LY-001-0002/WH-LY-001-0002__primary__01__0511C574D4E7__web-large.webp,assets/media/LIBYA/heritage/WH-LY-001-0002/WH-LY-001-0002__primary__01__0511C574D4E7__web-medium.webp,assets/media/LIBYA/heritage/WH-LY-001-0002/WH-LY-001-0002__primary__01__0511C574D4E7__thumbnail.webp,1440,1000,,,,,,,webp,86,true,true,true,institutional_publication_approval,public,مركز المعلومات والتوثيق السياحي,true,Institutionally approved Batch 1 derivative.
