feature_id,facility_name_ar,facility_type,city_ar,current_candidate_image_id,recommended_image_id,recommended_master_image_id,automatic_match_basis,technical_quality,shared_image_status,manual_visual_review_status,primary_suitability,rights_status,institutional_approval_status,recommendation_status,notes
LY-HOT-000001,فندق كورنثيا,hotel,,IMG-FA97329E9A9EC2B8,IMG-FA97329E9A9EC2B8,IMG-2C6E751270A91DAA,existing_link,thumbnail_only,not_shared_detected,not_individually_verified,cannot_determine,unknown,not_approved_batch_2a,ready_for_manual_review,
LY-HOT-000002,فندق بينثابوليس,hotel,,IMG-498ED4DC235794F3,IMG-498ED4DC235794F3,IMG-8A7CCCA2B7E60737,existing_link,thumbnail_only,not_shared_detected,not_individually_verified,cannot_determine,unknown,not_approved_batch_2a,ready_for_manual_review,
LY-HOT-000003,فندق جوهرة الواحة,hostel,,IMG-B802642D83C0705A,IMG-B802642D83C0705A,IMG-7109F2C92F3524CC,existing_link,thumbnail_only,not_shared_detected,not_individually_verified,cannot_determine,unknown,not_approved_batch_2a,ready_for_manual_review,
LY-HOT-000004,فندق تبرس,hostel,,IMG-D290D5E752B7F249,IMG-D290D5E752B7F249,IMG-1F1F62E31C92DC9F,existing_link,thumbnail_only,not_shared_detected,not_individually_verified,cannot_determine,unknown,not_approved_batch_2a,ready_for_manual_review,
LY-HOT-000005,منتجع شحات السياحي,resort,,IMG-02BE325FA2853805,IMG-02BE325FA2853805,IMG-5E57E1652E9C5361,existing_link,acceptable,not_shared_detected,not_individually_verified,cannot_determine,unknown,not_approved_batch_2a,ready_for_manual_review,
LY-HOT-000006,فندق المنارة,hotel,,IMG-C1C05F1A9D79A78A,IMG-C1C05F1A9D79A78A,IMG-6E813051ABAE8EF8,existing_link,acceptable,not_shared_detected,not_individually_verified,cannot_determine,unknown,not_approved_batch_2a,ready_for_manual_review,
LY-HOT-000007,فندق لؤلؤة الخليج,hostel,,IMG-7703B3398C7DF70E,IMG-7703B3398C7DF70E,IMG-7FB51DD7960436EF,existing_link,thumbnail_only,not_shared_detected,not_individually_verified,cannot_determine,unknown,not_approved_batch_2a,ready_for_manual_review,
LY-HOT-000008,فندق التلال الوسيطة البيضاء,resort,,IMG-5EB2C1FAE325444C,IMG-5EB2C1FAE325444C,IMG-12962076A3275132,existing_link,thumbnail_only,not_shared_detected,not_individually_verified,cannot_determine,unknown,not_approved_batch_2a,ready_for_manual_review,
LY-HOT-000009,العنود للشقق الفندقية,hotel,,IMG-819089A3F33FB55C,IMG-819089A3F33FB55C,IMG-E8A0ACB419E446F1,existing_link,thumbnail_only,shared_case_requires_review,not_individually_verified,cannot_determine,unknown,not_approved_batch_2a,shared_image_conflict,
LY-HOT-000010,فندق الثريا,hotel,,IMG-55D8F93ACEA7906A,IMG-55D8F93ACEA7906A,IMG-C703BA3F8EA4B26E,existing_link,thumbnail_only,not_shared_detected,not_individually_verified,cannot_determine,unknown,not_approved_batch_2a,ready_for_manual_review,
LY-HOT-000011,منتجع الينابيع السياحي,resort,,IMG-65AB52B2F6CC48F7,IMG-65AB52B2F6CC48F7,IMG-84252D7DCE95F6A0,existing_link,high,not_shared_detected,not_individually_verified,cannot_determine,unknown,not_approved_batch_2a,ready_for_manual_review,
LY-HOT-000012,فندق برقة,hotel,,IMG-119A09082CDA83D7,IMG-119A09082CDA83D7,IMG-5568E8921219816B,existing_link,thumbnail_only,not_shared_detected,not_individually_verified,cannot_determine,unknown,not_approved_batch_2a,ready_for_manual_review,
LY-HOT-000018,فندق الطاووس,hostel,,IMG-70EDD68175987801,IMG-70EDD68175987801,IMG-70EDD68175987801,existing_link,thumbnail_only,not_shared_detected,not_individually_verified,cannot_determine,unknown,not_approved_batch_2a,ready_for_manual_review,
LY-HOT-000019,فندق الودان,hotel,,IMG-6A860408D3A66731,IMG-6A860408D3A66731,IMG-8D9EA23C81887426,existing_link,thumbnail_only,not_shared_detected,not_individually_verified,cannot_determine,unknown,not_approved_batch_2a,ready_for_manual_review,
LY-HOT-000020,فندق دار السلام ( المسيرة سابقا ),hotel,,IMG-872A6D479BE28E01,IMG-872A6D479BE28E01,IMG-FCAE0E7CAF03F59D,existing_link,thumbnail_only,shared_case_requires_review,not_individually_verified,cannot_determine,unknown,not_approved_batch_2a,shared_image_conflict,
LY-HOT-000021,فندق سان جورج,hotel,,IMG-3CBAB36D93017A02,IMG-3CBAB36D93017A02,IMG-A6E700E352D9D346,existing_link,thumbnail_only,not_shared_detected,not_individually_verified,cannot_determine,unknown,not_approved_batch_2a,ready_for_manual_review,
LY-HOT-000022,فندق الحسنين الكبير,hostel,,IMG-19C3F36AD1E19044,IMG-19C3F36AD1E19044,IMG-7F6D30A79425F860,existing_link,thumbnail_only,not_shared_detected,not_individually_verified,cannot_determine,unknown,not_approved_batch_2a,ready_for_manual_review,
LY-HOT-000023,بيوت الشباب,hostel,,IMG-56A6440E48860943,IMG-56A6440E48860943,IMG-764C36CA540766FE,existing_link,thumbnail_only,not_shared_detected,not_individually_verified,cannot_determine,unknown,not_approved_batch_2a,ready_for_manual_review,
LY-HOT-000024,فندق بلاغراي السياحي ( التلال سابقا ),hostel,,IMG-F5D8E40E6C1EA4DB,IMG-F5D8E40E6C1EA4DB,IMG-ECA705914F3DDBD7,existing_link,thumbnail_only,not_shared_detected,not_individually_verified,cannot_determine,unknown,not_approved_batch_2a,ready_for_manual_review,
LY-HOT-000025,منتجع ايميليا,resort,,IMG-E4FA3718C8C00988,IMG-E4FA3718C8C00988,IMG-08F6D5CE7DAC9C94,existing_link,thumbnail_only,not_shared_detected,not_individually_verified,cannot_determine,unknown,not_approved_batch_2a,ready_for_manual_review,
LY-HOT-000026,منتجع وموتيل الأمان,resort,,IMG-2B0470543FB41D5D,IMG-2B0470543FB41D5D,IMG-C455F0239870E895,existing_link,thumbnail_only,not_shared_detected,not_individually_verified,cannot_determine,unknown,not_approved_batch_2a,ready_for_manual_review,
LY-HOT-000027,بيوت شباب غدامس,review_required,,IMG-76159BDC315DE906,IMG-76159BDC315DE906,IMG-2A66FD84B44F3088,existing_link,thumbnail_only,not_shared_detected,not_individually_verified,cannot_determine,unknown,not_approved_batch_2a,ready_for_manual_review,
LY-HOT-000028,نالوت غدامس فندق باب العز,hotel,,IMG-EEC9D5AE902233A5,IMG-EEC9D5AE902233A5,IMG-228F6BDB3D316354,existing_link,thumbnail_only,not_shared_detected,not_individually_verified,cannot_determine,unknown,not_approved_batch_2a,ready_for_manual_review,
LY-HOT-000029,فندق أبراج الوسطى,hotel,,IMG-0F373BA333C2EBDE,IMG-0F373BA333C2EBDE,IMG-CB96DDDE68C5CFBE,existing_link,thumbnail_only,not_shared_detected,not_individually_verified,cannot_determine,unknown,not_approved_batch_2a,ready_for_manual_review,
LY-HOT-000031,فندق قصر الفيروز,hostel,,IMG-4B53EBB6AABCC1D3,IMG-4B53EBB6AABCC1D3,IMG-935DD19ECAFD33E4,existing_link,thumbnail_only,not_shared_detected,not_individually_verified,cannot_determine,unknown,not_approved_batch_2a,ready_for_manual_review,
LY-HOT-000032,Royal Gardens Hotels,hostel,,IMG-5BA106F592D0332E,IMG-5BA106F592D0332E,IMG-19CA1851ED79FB1D,existing_link,thumbnail_only,not_shared_detected,not_individually_verified,cannot_determine,unknown,not_approved_batch_2a,ready_for_manual_review,
LY-HOT-000034,فندق احواص,hostel,,IMG-5ED99B628601EBD3,IMG-5ED99B628601EBD3,IMG-522DC3EE12090AF5,existing_link,acceptable,not_shared_detected,not_individually_verified,cannot_determine,unknown,not_approved_batch_2a,ready_for_manual_review,
LY-HOT-000035,فندق الانوار,hotel,,IMG-657CB03042B5C04B,IMG-657CB03042B5C04B,IMG-03ECD13E8D5C6991,existing_link,thumbnail_only,not_shared_detected,not_individually_verified,cannot_determine,unknown,not_approved_batch_2a,ready_for_manual_review,
LY-HOT-000036,فندق الأخوة,hotel,,IMG-02413AAE55399FB1,IMG-02413AAE55399FB1,IMG-D3FB20419603B1A1,existing_link,thumbnail_only,not_shared_detected,not_individually_verified,cannot_determine,unknown,not_approved_batch_2a,ready_for_manual_review,
LY-HOT-000037,فندق الأصالة,hotel,,IMG-5806382F3E321975,IMG-5806382F3E321975,IMG-D0E8CF7434915CC6,existing_link,thumbnail_only,not_shared_detected,not_individually_verified,cannot_determine,unknown,not_approved_batch_2a,ready_for_manual_review,
LY-HOT-000038,فندق الأصيل,hotel,,IMG-2BEC7C4B87BFEE2A,IMG-2BEC7C4B87BFEE2A,IMG-DE7D1D958BED2577,existing_link,thumbnail_only,not_shared_detected,not_individually_verified,cannot_determine,unknown,not_approved_batch_2a,ready_for_manual_review,
LY-HOT-000039,فندق الأندلس,hotel,,IMG-95E3447DAE58A495,IMG-95E3447DAE58A495,IMG-FF9B5C89FCA47753,existing_link,thumbnail_only,not_shared_detected,not_individually_verified,cannot_determine,unknown,not_approved_batch_2a,ready_for_manual_review,
LY-HOT-000040,فندق البركة,hotel,,IMG-4C26C96431EC63BA,IMG-4C26C96431EC63BA,IMG-DBD02A9A43973386,existing_link,thumbnail_only,not_shared_detected,not_individually_verified,cannot_determine,unknown,not_approved_batch_2a,ready_for_manual_review,
LY-HOT-000041,فندق البستان,hotel,,IMG-A3FECBDF161B5CCE,IMG-A3FECBDF161B5CCE,IMG-78A889EBB36B296C,existing_link,thumbnail_only,not_shared_detected,not_individually_verified,cannot_determine,unknown,not_approved_batch_2a,ready_for_manual_review,
LY-HOT-000042,التاج للشقق الفندقية,hotel,,IMG-C6DFB6BFEF341C5D,IMG-C6DFB6BFEF341C5D,IMG-FC371968523F74F4,existing_link,thumbnail_only,not_shared_detected,not_individually_verified,cannot_determine,unknown,not_approved_batch_2a,ready_for_manual_review,
LY-HOT-000045,فندق جوهرة صبراتة السياحي,hotel,,IMG-2A5F837F7840D805,IMG-2A5F837F7840D805,,existing_link,thumbnail_only,not_shared_detected,not_individually_verified,cannot_determine,unknown,not_approved_batch_2a,ready_for_manual_review,
LY-HOT-000046,فندق الجوهرة الزاوية,hotel,,IMG-2AE0615B4101D7F4,IMG-2AE0615B4101D7F4,IMG-3219ADC72F5D3D54,existing_link,thumbnail_only,not_shared_detected,not_individually_verified,cannot_determine,unknown,not_approved_batch_2a,ready_for_manual_review,
LY-HOT-000049,فندق الخان الطرابلسي,hotel,,IMG-C7239FBDF94ED0B0,IMG-C7239FBDF94ED0B0,IMG-443FF103E9C980C5,existing_link,thumbnail_only,not_shared_detected,not_individually_verified,cannot_determine,unknown,not_approved_batch_2a,ready_for_manual_review,
LY-HOT-000050,فندق الخليج,hostel,,IMG-B51A8889CBB17DA7,IMG-B51A8889CBB17DA7,IMG-DFF472B57CBC2904,existing_link,thumbnail_only,not_shared_detected,not_individually_verified,cannot_determine,unknown,not_approved_batch_2a,ready_for_manual_review,
LY-HOT-000051,فندق الدبلوماسي,hotel,,IMG-9A077AB897E06613,IMG-9A077AB897E06613,IMG-50A720DCFED91911,existing_link,thumbnail_only,not_shared_detected,not_individually_verified,cannot_determine,unknown,not_approved_batch_2a,ready_for_manual_review,
LY-HOT-000053,فندق الديار,hotel,,IMG-76FF508F0B7A8565,IMG-76FF508F0B7A8565,IMG-56E98A5645B39F5D,existing_link,thumbnail_only,not_shared_detected,not_individually_verified,cannot_determine,unknown,not_approved_batch_2a,ready_for_manual_review,
LY-HOT-000054,فندق الرابطة,hotel,,IMG-5A8F81B9322E3F57,IMG-5A8F81B9322E3F57,IMG-0B35E801F141C640,existing_link,thumbnail_only,not_shared_detected,not_individually_verified,cannot_determine,unknown,not_approved_batch_2a,ready_for_manual_review,
LY-HOT-000055,فندق الرفيع,hostel,,IMG-C75C7E18E8905149,IMG-C75C7E18E8905149,IMG-1289F69675F9BC19,existing_link,thumbnail_only,not_shared_detected,not_individually_verified,cannot_determine,unknown,not_approved_batch_2a,ready_for_manual_review,
LY-HOT-000056,فندق الريان,hotel,,IMG-67A5A64E322D0F37,IMG-67A5A64E322D0F37,IMG-D4C607AB8D516F6C,existing_link,thumbnail_only,not_shared_detected,not_individually_verified,cannot_determine,unknown,not_approved_batch_2a,ready_for_manual_review,
LY-HOT-000057,فندق الزهر,hotel,,IMG-B7DE3703E4372DC6,IMG-B7DE3703E4372DC6,IMG-B12576573F81B667,existing_link,thumbnail_only,not_shared_detected,not_individually_verified,cannot_determine,unknown,not_approved_batch_2a,ready_for_manual_review,
LY-HOT-000058,فندق الزيتونة,hostel,,IMG-63F705E27DA71CF5,IMG-63F705E27DA71CF5,IMG-663C7115DAD00DDA,existing_link,acceptable,not_shared_detected,not_individually_verified,cannot_determine,unknown,not_approved_batch_2a,ready_for_manual_review,
LY-HOT-000059,فندق السرايا,hotel,,IMG-12604B3B51DF48AE,IMG-12604B3B51DF48AE,IMG-94AC661C198FA9B4,existing_link,thumbnail_only,not_shared_detected,not_individually_verified,cannot_determine,unknown,not_approved_batch_2a,ready_for_manual_review,
LY-HOT-000060,فندق زوارة,hostel,,IMG-529535B1FF6858C1,IMG-529535B1FF6858C1,IMG-1826FC3DA9B6FF0D,existing_link,thumbnail_only,not_shared_detected,not_individually_verified,cannot_determine,unknown,not_approved_batch_2a,ready_for_manual_review,
LY-HOT-000061,فندق السندباد,hotel,,IMG-1FEA6DD92699F439,IMG-1FEA6DD92699F439,IMG-D811C87C391D5766,existing_link,thumbnail_only,not_shared_detected,not_individually_verified,cannot_determine,unknown,not_approved_batch_2a,ready_for_manual_review,
LY-HOT-000062,فندق الشجرة,hostel,,IMG-20030B09B95C21F0,IMG-20030B09B95C21F0,IMG-096DC0A326F5DF45,existing_link,thumbnail_only,not_shared_detected,not_individually_verified,cannot_determine,unknown,not_approved_batch_2a,ready_for_manual_review,
LY-HOT-000064,فندق الشمس,hotel,,IMG-301D258252D7F3D2,IMG-301D258252D7F3D2,IMG-B6E928DEACBB4687,existing_link,thumbnail_only,not_shared_detected,not_individually_verified,cannot_determine,unknown,not_approved_batch_2a,ready_for_manual_review,
LY-HOT-000065,فندق الصفوة,hostel,,IMG-FC2F7E0A509C8E80,IMG-FC2F7E0A509C8E80,IMG-C5613AE16E174C4C,existing_link,thumbnail_only,not_shared_detected,not_individually_verified,cannot_determine,unknown,not_approved_batch_2a,ready_for_manual_review,
LY-HOT-000066,فندق الصناعية مصراتة,hotel,,IMG-07D179D8F1F3B4C8,IMG-07D179D8F1F3B4C8,IMG-67013592F955DB61,existing_link,thumbnail_only,not_shared_detected,not_individually_verified,cannot_determine,unknown,not_approved_batch_2a,ready_for_manual_review,
LY-HOT-000067,فندق الصولجان,hotel,,IMG-506CFAE19599447E,IMG-506CFAE19599447E,IMG-214CCC8E1E22A28F,existing_link,thumbnail_only,not_shared_detected,not_individually_verified,cannot_determine,unknown,not_approved_batch_2a,ready_for_manual_review,
LY-HOT-000068,فندق العاصمة,hotel,,IMG-2754AC0FDB2BC23D,IMG-2754AC0FDB2BC23D,IMG-2DF881E5E9936D8A,existing_link,thumbnail_only,not_shared_detected,not_individually_verified,cannot_determine,unknown,not_approved_batch_2a,ready_for_manual_review,
LY-HOT-000071,فندق القوس,hotel,,IMG-8F2297D7FBB16C96,IMG-8F2297D7FBB16C96,IMG-4C4A7EF4E59E1C56,existing_link,thumbnail_only,not_shared_detected,not_individually_verified,cannot_determine,unknown,not_approved_batch_2a,ready_for_manual_review,
LY-HOT-000072,فندق الكبير,hotel,,IMG-0FA01A3B05B019A0,IMG-0FA01A3B05B019A0,IMG-50D31F0B8DD20094,existing_link,thumbnail_only,not_shared_detected,not_individually_verified,cannot_determine,unknown,not_approved_batch_2a,ready_for_manual_review,
LY-HOT-000074,فندق الماسة,hotel,,IMG-5F1F8C35419379DF,IMG-5F1F8C35419379DF,IMG-29E63001ED6E6AA8,existing_link,thumbnail_only,not_shared_detected,not_individually_verified,cannot_determine,unknown,not_approved_batch_2a,ready_for_manual_review,
LY-HOT-000075,فندق المتوسط,hotel,,IMG-4F0A3CE02FA1B883,IMG-4F0A3CE02FA1B883,IMG-5BE42BF01EA16B89,existing_link,thumbnail_only,shared_case_requires_review,not_individually_verified,cannot_determine,unknown,not_approved_batch_2a,shared_image_conflict,
LY-HOT-000077,فندق المشكاة,hotel,,IMG-31E0CFFABE88906C,IMG-31E0CFFABE88906C,IMG-FDB2049E02358947,existing_link,thumbnail_only,not_shared_detected,not_individually_verified,cannot_determine,unknown,not_approved_batch_2a,ready_for_manual_review,
LY-HOT-000078,فندق المنامة,hotel,,IMG-F83777E607F937D9,IMG-F83777E607F937D9,IMG-F83777E607F937D9,existing_link,thumbnail_only,not_shared_detected,not_individually_verified,cannot_determine,unknown,not_approved_batch_2a,ready_for_manual_review,
LY-HOT-000079,فندق النخلة,hotel,,IMG-280C1B178E8D3CFF,IMG-280C1B178E8D3CFF,IMG-9DECD06211223AB2,existing_link,thumbnail_only,not_shared_detected,not_individually_verified,cannot_determine,unknown,not_approved_batch_2a,ready_for_manual_review,
LY-HOT-000080,فندق النقازة الخمس,resort,,IMG-03FE1BFC24DF7657,IMG-03FE1BFC24DF7657,IMG-38960BB243DCAEBE,existing_link,thumbnail_only,not_shared_detected,not_individually_verified,cannot_determine,unknown,not_approved_batch_2a,ready_for_manual_review,
LY-HOT-000081,فندق النهر,hostel,,IMG-00DF5A97DE0DCF00,IMG-00DF5A97DE0DCF00,IMG-44F58819FE6505E3,existing_link,thumbnail_only,not_shared_detected,not_individually_verified,cannot_determine,unknown,not_approved_batch_2a,ready_for_manual_review,
LY-HOT-000084,فندق الواحات,hotel,,IMG-612CCDBF36460E46,IMG-612CCDBF36460E46,IMG-D6889136D1DAD153,existing_link,thumbnail_only,not_shared_detected,not_individually_verified,cannot_determine,unknown,not_approved_batch_2a,ready_for_manual_review,
LY-HOT-000085,فندق الياسمين,hotel,,IMG-477F3B49EC08BB94,IMG-477F3B49EC08BB94,IMG-477F3B49EC08BB94,existing_link,thumbnail_only,not_shared_detected,not_individually_verified,cannot_determine,unknown,not_approved_batch_2a,ready_for_manual_review,
LY-HOT-000086,فندق أجنحة قرطاج,hotel,,IMG-F7EC6271B650752B,IMG-F7EC6271B650752B,IMG-C778F371CEE679A5,existing_link,thumbnail_only,not_shared_detected,not_individually_verified,cannot_determine,unknown,not_approved_batch_2a,ready_for_manual_review,
LY-HOT-000088,فندق بنت السيد,hotel,,IMG-599C8099E31AA502,IMG-599C8099E31AA502,IMG-D1E6E47D8546628E,existing_link,acceptable,not_shared_detected,not_individually_verified,cannot_determine,unknown,not_approved_batch_2a,ready_for_manual_review,
LY-HOT-000090,فندق بيت الأمان,hostel,,IMG-51AB10EF4C188BE1,IMG-51AB10EF4C188BE1,IMG-20805D649E860231,existing_link,thumbnail_only,not_shared_detected,not_individually_verified,cannot_determine,unknown,not_approved_batch_2a,ready_for_manual_review,
LY-HOT-000091,فندق بيت الشرق,hostel,,IMG-EF3B1425ACE980F9,IMG-EF3B1425ACE980F9,IMG-EF3B1425ACE980F9,existing_link,high,not_shared_detected,not_individually_verified,cannot_determine,unknown,not_approved_batch_2a,ready_for_manual_review,
LY-HOT-000093,لانكاستر برج الحياة ( ماريوت سابقا),hotel,,IMG-CB4676B3E9A8B840,IMG-CB4676B3E9A8B840,IMG-988702877E84182E,existing_link,thumbnail_only,not_shared_detected,not_individually_verified,cannot_determine,unknown,not_approved_batch_2a,ready_for_manual_review,
LY-HOT-000094,فندق دار غدامس,hostel,,IMG-7AC07FEBBAB341ED,IMG-7AC07FEBBAB341ED,IMG-611FCFB8ACD59250,existing_link,thumbnail_only,not_shared_detected,not_individually_verified,cannot_determine,unknown,not_approved_batch_2a,ready_for_manual_review,
LY-HOT-000095,فندق ديار الهناء,hotel,,IMG-92E4F00620C05EFB,IMG-92E4F00620C05EFB,IMG-83CA82DB3EDF9B3C,existing_link,thumbnail_only,not_shared_detected,not_individually_verified,cannot_determine,unknown,not_approved_batch_2a,ready_for_manual_review,
LY-HOT-000096,فندق ليبوس,hotel,,IMG-F9F53CED1C50A8BD,IMG-F9F53CED1C50A8BD,IMG-C10554B3A3FB55E7,existing_link,thumbnail_only,not_shared_detected,not_individually_verified,cannot_determine,unknown,not_approved_batch_2a,ready_for_manual_review,
LY-HOT-000097,فندق ريكسوس,hotel,,IMG-0D74F9F296DF86DD,IMG-0D74F9F296DF86DD,IMG-ED18EDDB741D1F0A,existing_link,thumbnail_only,not_shared_detected,not_individually_verified,cannot_determine,unknown,not_approved_batch_2a,ready_for_manual_review,
LY-HOT-000098,فندق زليتن,hotel,,IMG-C8F2AC0814DA6F5B,IMG-C8F2AC0814DA6F5B,IMG-DBD8425A1CC2BD0C,existing_link,thumbnail_only,not_shared_detected,not_individually_verified,cannot_determine,unknown,not_approved_batch_2a,ready_for_manual_review,
LY-HOT-000099,فندق زميت,hotel,,IMG-9F297B4C0B40C957,IMG-9F297B4C0B40C957,IMG-B8A9EE245BA8AD26,existing_link,thumbnail_only,not_shared_detected,not_individually_verified,cannot_determine,unknown,not_approved_batch_2a,ready_for_manual_review,
LY-HOT-000100,فندق زوارة,hotel,,IMG-50C88BA946BC9961,IMG-50C88BA946BC9961,IMG-255FB8237A2F0054,existing_link,thumbnail_only,not_shared_detected,not_individually_verified,cannot_determine,unknown,not_approved_batch_2a,ready_for_manual_review,
LY-HOT-000102,فندق سفاري,hotel,,IMG-055271F1382E9D5A,IMG-055271F1382E9D5A,IMG-9D8E2EB582BFCFAC,existing_link,thumbnail_only,not_shared_detected,not_individually_verified,cannot_determine,unknown,not_approved_batch_2a,ready_for_manual_review,
LY-HOT-000103,فندق سفاري 2,hotel,,IMG-5FD7D29019D53E4A,IMG-5FD7D29019D53E4A,IMG-CCD95F291123DD4A,existing_link,thumbnail_only,not_shared_detected,not_individually_verified,cannot_determine,unknown,not_approved_batch_2a,ready_for_manual_review,
LY-HOT-000105,فندق ضيافة ونيس,hotel,,IMG-9D9788DF5F512236,IMG-9D9788DF5F512236,IMG-69E8B1DE5A71649E,existing_link,thumbnail_only,not_shared_detected,not_individually_verified,cannot_determine,unknown,not_approved_batch_2a,ready_for_manual_review,
LY-HOT-000106,فندق طرابلس الدولي,hotel,,IMG-473D64CC0B4F095E,IMG-473D64CC0B4F095E,IMG-9C4AEF2C6F040553,existing_link,thumbnail_only,not_shared_detected,not_individually_verified,cannot_determine,unknown,not_approved_batch_2a,ready_for_manual_review,
LY-HOT-000107,فندق طليطلة,hotel,,IMG-6580CB7EB805DFF0,IMG-6580CB7EB805DFF0,IMG-0E799557CED9064A,existing_link,thumbnail_only,not_shared_detected,not_individually_verified,cannot_determine,unknown,not_approved_batch_2a,ready_for_manual_review,
LY-HOT-000108,فندق طيبة,hotel,,IMG-60AE2A53516D38B5,IMG-60AE2A53516D38B5,IMG-F9A3C38667647920,existing_link,thumbnail_only,not_shared_detected,not_individually_verified,cannot_determine,unknown,not_approved_batch_2a,ready_for_manual_review,
LY-HOT-000109,فندق عمير,hostel,,IMG-14E7A433C1AA23C9,IMG-14E7A433C1AA23C9,IMG-72372DA2CAC0811E,existing_link,thumbnail_only,not_shared_detected,not_individually_verified,cannot_determine,unknown,not_approved_batch_2a,ready_for_manual_review,
LY-HOT-000110,فندق عين الفرس,hotel,,IMG-DA0ECA578123941F,IMG-DA0ECA578123941F,IMG-48C35F15AFAC03C4,existing_link,thumbnail_only,not_shared_detected,not_individually_verified,cannot_determine,unknown,not_approved_batch_2a,ready_for_manual_review,
LY-HOT-000112,فندق غريان السياحي,hotel,,IMG-6BCB30EA9DC9D585,IMG-6BCB30EA9DC9D585,IMG-B6A8AFA7F049B288,existing_link,thumbnail_only,not_shared_detected,not_individually_verified,cannot_determine,unknown,not_approved_batch_2a,ready_for_manual_review,
LY-HOT-000113,فندق قرطاج,hotel,,IMG-046EDC55FFD15293,IMG-046EDC55FFD15293,IMG-C4A9802D583C2030,existing_link,thumbnail_only,shared_case_requires_review,not_individually_verified,cannot_determine,unknown,not_approved_batch_2a,shared_image_conflict,
LY-HOT-000114,فندق قصر الظهرة,hotel,,IMG-9177C7EFBB2B6B7C,IMG-9177C7EFBB2B6B7C,IMG-35D703EAB18EB32C,existing_link,thumbnail_only,not_shared_detected,not_individually_verified,cannot_determine,unknown,not_approved_batch_2a,ready_for_manual_review,
LY-HOT-000115,فندق قصر الفيروز,hotel,,IMG-110FEF464D2C395F,IMG-110FEF464D2C395F,IMG-BE5EAB4A5C09CAA4,existing_link,thumbnail_only,shared_case_requires_review,not_individually_verified,cannot_determine,unknown,not_approved_batch_2a,shared_image_conflict,
LY-HOT-000116,فندق قمر صبراتة,hotel,,IMG-418C257283B4249C,IMG-418C257283B4249C,IMG-C8E867675C8382FE,existing_link,thumbnail_only,not_shared_detected,not_individually_verified,cannot_determine,unknown,not_approved_batch_2a,ready_for_manual_review,
LY-HOT-000118,فندق لبدة السياحي الخمس,hotel,,IMG-67129E3029742E03,IMG-67129E3029742E03,IMG-60A7D1321C83220B,existing_link,thumbnail_only,not_shared_detected,not_individually_verified,cannot_determine,unknown,not_approved_batch_2a,ready_for_manual_review,
LY-HOT-000119,فندق ليالي قرطاج,hotel,,IMG-E6FB468A34553F69,IMG-E6FB468A34553F69,IMG-B10F334A01F52BC3,existing_link,thumbnail_only,shared_case_requires_review,not_individually_verified,cannot_determine,unknown,not_approved_batch_2a,shared_image_conflict,
LY-HOT-000120,فندق ليبيا,hostel,,IMG-E154B829B141A067,IMG-E154B829B141A067,IMG-777779309D76AB79,existing_link,thumbnail_only,not_shared_detected,not_individually_verified,cannot_determine,unknown,not_approved_batch_2a,ready_for_manual_review,
LY-HOT-000121,فندق مادي الحسان,hotel,,IMG-433F949188978281,IMG-433F949188978281,IMG-48D58D48DAA701DC,existing_link,thumbnail_only,not_shared_detected,not_individually_verified,cannot_determine,unknown,not_approved_batch_2a,ready_for_manual_review,
LY-HOT-000123,فندق ومطعم الامتياز,hotel,,IMG-4CC4FED28261BA62,IMG-4CC4FED28261BA62,IMG-1CF0D3EE8287CA23,existing_link,thumbnail_only,not_shared_detected,not_individually_verified,cannot_determine,unknown,not_approved_batch_2a,ready_for_manual_review,
LY-HOT-000125,فندق يفرن,hotel,,IMG-E62FE6C2A48E1957,IMG-E62FE6C2A48E1957,IMG-4F0420A624DB83FF,existing_link,thumbnail_only,not_shared_detected,not_individually_verified,cannot_determine,unknown,not_approved_batch_2a,ready_for_manual_review,
LY-HOT-000128,فندق الثريا السياحي,hotel,,IMG-8D254ED37F12A687,IMG-8D254ED37F12A687,IMG-F0443C68BFB8ECB7,existing_link,thumbnail_only,not_shared_detected,not_individually_verified,cannot_determine,unknown,not_approved_batch_2a,ready_for_manual_review,
LY-HOT-000130,فندق البتراء,hotel,,IMG-274B8FDFA79EB046,IMG-274B8FDFA79EB046,IMG-86FE165F8F5ADA77,existing_link,thumbnail_only,not_shared_detected,not_individually_verified,cannot_determine,unknown,not_approved_batch_2a,ready_for_manual_review,
LY-HOT-000131,فندق البردي,hotel,,IMG-BD576D6C7A28616B,IMG-BD576D6C7A28616B,IMG-D9758A121B1BEAC9,existing_link,thumbnail_only,not_shared_detected,not_individually_verified,cannot_determine,unknown,not_approved_batch_2a,ready_for_manual_review,
LY-HOT-000132,فندق التلال,hotel,,IMG-E4F857A3669A2646,IMG-E4F857A3669A2646,IMG-7FF5B1B7BB76C090,existing_link,thumbnail_only,not_shared_detected,not_individually_verified,cannot_determine,unknown,not_approved_batch_2a,ready_for_manual_review,
LY-HOT-000134,فندق الجغبوب,hotel,,IMG-8084340B4BB7CB22,IMG-8084340B4BB7CB22,IMG-AA1CB588CAAD3FC9,existing_link,thumbnail_only,not_shared_detected,not_individually_verified,cannot_determine,unknown,not_approved_batch_2a,ready_for_manual_review,
LY-HOT-000135,فندق الجلاء,hotel,,IMG-94025569E10A3EC8,IMG-94025569E10A3EC8,IMG-30A4B61B55A2DB7C,existing_link,thumbnail_only,not_shared_detected,not_individually_verified,cannot_determine,unknown,not_approved_batch_2a,ready_for_manual_review,
LY-HOT-000137,فندق الخان الطرابلسي,hotel,,IMG-692D357EF64EECF5,IMG-692D357EF64EECF5,IMG-692D357EF64EECF5,existing_link,thumbnail_only,not_shared_detected,not_individually_verified,cannot_determine,unknown,not_approved_batch_2a,ready_for_manual_review,
LY-HOT-000138,فندق الرحاب,hotel,,IMG-29F498B195A17DAE,IMG-29F498B195A17DAE,IMG-D8DD811770FB6083,existing_link,thumbnail_only,not_shared_detected,not_individually_verified,cannot_determine,unknown,not_approved_batch_2a,ready_for_manual_review,
LY-HOT-000143,فندق ابن الرومي,hotel,,IMG-C04C7358AE4C64F2,IMG-C04C7358AE4C64F2,IMG-F95797DD27AB0604,existing_link,thumbnail_only,not_shared_detected,not_individually_verified,cannot_determine,unknown,not_approved_batch_2a,ready_for_manual_review,
LY-HOT-000145,فندق الحياة,hotel,,IMG-4F1BF241FA1C1032,IMG-4F1BF241FA1C1032,IMG-341A618CE06A6ADF,existing_link,thumbnail_only,not_shared_detected,not_individually_verified,cannot_determine,unknown,not_approved_batch_2a,ready_for_manual_review,
LY-HOT-000148,فندق العوينات,hotel,,IMG-1E9790A7A8F159ED,IMG-1E9790A7A8F159ED,IMG-6CBB24820D65DE0B,existing_link,thumbnail_only,not_shared_detected,not_individually_verified,cannot_determine,unknown,not_approved_batch_2a,ready_for_manual_review,
LY-HOT-000150,فندق الفضيل,hotel,,IMG-03C03752D4FFB0D9,IMG-03C03752D4FFB0D9,,existing_link,thumbnail_only,not_shared_detected,not_individually_verified,cannot_determine,unknown,not_approved_batch_2a,ready_for_manual_review,
LY-HOT-000151,فندق الفضيل رأس لانوف,hotel,,IMG-7408B0FEE6E15B14,IMG-7408B0FEE6E15B14,IMG-37F5CC01C65299DE,existing_link,thumbnail_only,not_shared_detected,not_individually_verified,cannot_determine,unknown,not_approved_batch_2a,ready_for_manual_review,
LY-HOT-000152,فندق الفلك,hotel,,IMG-E3245A512704B018,IMG-E3245A512704B018,IMG-BCB7E1B223D8203A,existing_link,thumbnail_only,not_shared_detected,not_individually_verified,cannot_determine,unknown,not_approved_batch_2a,ready_for_manual_review,
LY-HOT-000154,فندق القلعة,hotel,,IMG-4DE50FE5C77F11DC,IMG-4DE50FE5C77F11DC,,existing_link,thumbnail_only,not_shared_detected,not_individually_verified,cannot_determine,unknown,not_approved_batch_2a,ready_for_manual_review,
LY-HOT-000155,فندق الكاظم,hotel,,IMG-C1A63B7C18A696CC,IMG-C1A63B7C18A696CC,IMG-F5A37F569C93E905,existing_link,thumbnail_only,not_shared_detected,not_individually_verified,cannot_determine,unknown,not_approved_batch_2a,ready_for_manual_review,
LY-HOT-000157,فندق المبروك,hotel,,IMG-65010E3F7285D3C4,IMG-65010E3F7285D3C4,IMG-5A83A2F605CCF1EE,existing_link,thumbnail_only,not_shared_detected,not_individually_verified,cannot_determine,unknown,not_approved_batch_2a,ready_for_manual_review,
LY-HOT-000158,فندق المتوسط الخمس,hostel,,IMG-4F0A3CE02FA1B883,IMG-4F0A3CE02FA1B883,IMG-5BE42BF01EA16B89,existing_link,thumbnail_only,shared_case_requires_review,not_individually_verified,cannot_determine,unknown,not_approved_batch_2a,shared_image_conflict,
LY-HOT-000160,فندق المدينة,hotel,,IMG-4ECEDB1678C21ED6,IMG-4ECEDB1678C21ED6,IMG-C528015251C45B51,existing_link,thumbnail_only,not_shared_detected,not_individually_verified,cannot_determine,unknown,not_approved_batch_2a,ready_for_manual_review,
LY-HOT-000163,فندق المرج السياحي,hotel,,IMG-4D69B0877B8F026F,IMG-4D69B0877B8F026F,IMG-190884A40D2ABF52,existing_link,thumbnail_only,not_shared_detected,not_individually_verified,cannot_determine,unknown,not_approved_batch_2a,ready_for_manual_review,
LY-HOT-000164,فندق المسيرة,hotel,,IMG-36DA0CCAB2BCB61C,IMG-36DA0CCAB2BCB61C,IMG-9AD922FF37B51637,existing_link,thumbnail_only,not_shared_detected,not_individually_verified,cannot_determine,unknown,not_approved_batch_2a,ready_for_manual_review,
LY-HOT-000166,فندق المغرب العربي,hotel,,IMG-D345EAAFD727F3C0,IMG-D345EAAFD727F3C0,IMG-B04C55A3A97695A6,existing_link,thumbnail_only,not_shared_detected,not_individually_verified,cannot_determine,unknown,not_approved_batch_2a,ready_for_manual_review,
LY-HOT-000169,فندق النخلة السياحي,hotel,,IMG-87993A1E3CB548BA,IMG-87993A1E3CB548BA,IMG-8A4782794B4D09FE,existing_link,thumbnail_only,not_shared_detected,not_individually_verified,cannot_determine,unknown,not_approved_batch_2a,ready_for_manual_review,
LY-HOT-000171,فندق النوران,hotel,,IMG-1DBC5EAF16A5E4BE,IMG-1DBC5EAF16A5E4BE,IMG-2289A7A09D4A8335,existing_link,thumbnail_only,not_shared_detected,not_individually_verified,cannot_determine,unknown,not_approved_batch_2a,ready_for_manual_review,
LY-HOT-000181,فندق اليمامة,hotel,,IMG-ED94159E9BC6C717,IMG-ED94159E9BC6C717,IMG-A477669901497B22,existing_link,thumbnail_only,not_shared_detected,not_individually_verified,cannot_determine,unknown,not_approved_batch_2a,ready_for_manual_review,
LY-HOT-000187,فندق أفريقيا,hotel,,IMG-3B56150C8DAA5F16,IMG-3B56150C8DAA5F16,IMG-424BD318FC8C835A,existing_link,thumbnail_only,not_shared_detected,not_individually_verified,cannot_determine,unknown,not_approved_batch_2a,ready_for_manual_review,
LY-HOT-000190,فندق أمال ليبيا,hotel,,IMG-2F048837E230F91F,IMG-2F048837E230F91F,,existing_link,thumbnail_only,not_shared_detected,not_individually_verified,cannot_determine,unknown,not_approved_batch_2a,ready_for_manual_review,
LY-HOT-000193,فندق باب البحر,hotel,,IMG-A3170ECA96244672,IMG-A3170ECA96244672,IMG-5CA2B4E101C57B5C,existing_link,high,not_shared_detected,not_individually_verified,cannot_determine,unknown,not_approved_batch_2a,ready_for_manual_review,
LY-HOT-000196,فندق بلازما,hotel,,IMG-5FE1ABA6DADBA795,IMG-5FE1ABA6DADBA795,IMG-133A23B4A668D9F5,existing_link,acceptable,not_shared_detected,not_individually_verified,cannot_determine,unknown,not_approved_batch_2a,ready_for_manual_review,
LY-HOT-000201,فندق توباكتس,hotel,,IMG-00D26D8EDC613DDE,IMG-00D26D8EDC613DDE,IMG-6FA829EB83A8FCAC,existing_link,high,not_shared_detected,not_individually_verified,cannot_determine,unknown,not_approved_batch_2a,ready_for_manual_review,
LY-HOT-000209,فندق ديار الهناء,hotel,,IMG-23AE35FD4B853F4A,IMG-23AE35FD4B853F4A,IMG-183CEDE059F1A189,existing_link,thumbnail_only,not_shared_detected,not_individually_verified,cannot_determine,unknown,not_approved_batch_2a,ready_for_manual_review,
LY-HOT-000221,فندق سفيروس الخمس,hotel,,IMG-7D1036F871E7B856,IMG-7D1036F871E7B856,IMG-65266F5F116CC5BF,existing_link,thumbnail_only,not_shared_detected,not_individually_verified,cannot_determine,unknown,not_approved_batch_2a,ready_for_manual_review,
LY-HOT-000223,فندق صحارى ليبيا,hotel,,IMG-5255F49255B9CDBC,IMG-5255F49255B9CDBC,IMG-597BB54E378E3D06,existing_link,acceptable,not_shared_detected,not_individually_verified,cannot_determine,unknown,not_approved_batch_2a,ready_for_manual_review,
LY-HOT-000268,فندق الفصول الاربعة 3,hotel,,IMG-674C0626690A6B84,IMG-674C0626690A6B84,IMG-F4B773F3F5826691,existing_link,thumbnail_only,not_shared_detected,not_individually_verified,cannot_determine,unknown,not_approved_batch_2a,ready_for_manual_review,
LY-HOT-000273,فندق النعيم,hostel,,IMG-07823DE59E73877A,IMG-07823DE59E73877A,IMG-A8A2FE6C77946B50,existing_link,high,not_shared_detected,not_individually_verified,cannot_determine,unknown,not_approved_batch_2a,ready_for_manual_review,
LY-HOT-000275,فندق الفصول الاربعة 2,resort,,IMG-AB2F785A48F45260,IMG-AB2F785A48F45260,IMG-1C3BA4BF58BF7974,existing_link,high,not_shared_detected,not_individually_verified,cannot_determine,unknown,not_approved_batch_2a,ready_for_manual_review,
LY-HOT-000276,فندق السفير,hotel,,IMG-E240158CEC65F3C9,IMG-E240158CEC65F3C9,IMG-7E5D0782E12EA5D9,existing_link,thumbnail_only,not_shared_detected,not_individually_verified,cannot_determine,unknown,not_approved_batch_2a,ready_for_manual_review,
LY-HOT-000277,فندق نور الثريا,hotel,,IMG-4D715E6F645A91E4,IMG-4D715E6F645A91E4,IMG-66CB19A1EDEE23E0,existing_link,high,not_shared_detected,not_individually_verified,cannot_determine,unknown,not_approved_batch_2a,ready_for_manual_review,
LY-HOT-000278,فندق الشاطئ الذهبى,hotel,,IMG-3143393C3BB12C6B,IMG-3143393C3BB12C6B,IMG-705FD2B233983894,existing_link,thumbnail_only,not_shared_detected,not_individually_verified,cannot_determine,unknown,not_approved_batch_2a,ready_for_manual_review,
LY-HOT-000279,فندق الصافي,hotel,,IMG-D58DFEE97D5305FF,IMG-D58DFEE97D5305FF,IMG-ECE2E4D8B397371D,existing_link,thumbnail_only,not_shared_detected,not_individually_verified,cannot_determine,unknown,not_approved_batch_2a,ready_for_manual_review,
LY-HOT-000281,فندق الفصول الابعة 1,hotel,,IMG-D0E4C14FEF216C2C,IMG-D0E4C14FEF216C2C,IMG-2D45459AD8F9CC78,existing_link,thumbnail_only,not_shared_detected,not_individually_verified,cannot_determine,unknown,not_approved_batch_2a,ready_for_manual_review,
LY-HOT-000282,فندق سفارى,hotel,,IMG-BED506EA5E4A268B,IMG-BED506EA5E4A268B,IMG-60C21FD40A4E4920,existing_link,thumbnail_only,not_shared_detected,not_individually_verified,cannot_determine,unknown,not_approved_batch_2a,ready_for_manual_review,
LY-HOT-000283,فندق زهرة الخليج,hotel,,IMG-F3E648AD7CE0F676,IMG-F3E648AD7CE0F676,IMG-1CDC2C3D694FD21B,existing_link,acceptable,not_shared_detected,not_individually_verified,cannot_determine,unknown,not_approved_batch_2a,ready_for_manual_review,
LY-HOT-000284,فندق السلاسل الذهبية,hostel,,IMG-FD63377BEAD728F4,IMG-FD63377BEAD728F4,IMG-D852AA75FDEC7960,existing_link,acceptable,not_shared_detected,not_individually_verified,cannot_determine,unknown,not_approved_batch_2a,ready_for_manual_review,
LY-HOT-000295,فندق تاج,hostel,,IMG-AB22C6D40D93616F,IMG-AB22C6D40D93616F,IMG-A4E1C106CA5102C7,existing_link,acceptable,shared_case_requires_review,not_individually_verified,cannot_determine,unknown,not_approved_batch_2a,shared_image_conflict,
LY-HOT-000297,فندق أضواء قرطاج,hotel,,IMG-4B501E6BBD73EAFE,IMG-4B501E6BBD73EAFE,IMG-3E4CED93BF7426F1,existing_link,high,not_shared_detected,not_individually_verified,cannot_determine,unknown,not_approved_batch_2a,ready_for_manual_review,
LY-HOT-000305,فندق الغزالة,hotel,,IMG-23317BED444CE147,IMG-23317BED444CE147,IMG-B936AD7EBE9DAF62,existing_link,thumbnail_only,not_shared_detected,not_individually_verified,cannot_determine,unknown,not_approved_batch_2a,ready_for_manual_review,
LY-HOT-000307,فندق الديوان,hotel,,IMG-B957081BDFD31AD9,IMG-B957081BDFD31AD9,IMG-D9CA53A7672879BF,existing_link,thumbnail_only,not_shared_detected,not_individually_verified,cannot_determine,unknown,not_approved_batch_2a,ready_for_manual_review,
LY-HOT-000314,فندق السرايا,hotel,,IMG-B9573C8C7FB931A8,IMG-B9573C8C7FB931A8,IMG-5269628C74ADF318,existing_link,acceptable,shared_case_requires_review,not_individually_verified,cannot_determine,unknown,not_approved_batch_2a,shared_image_conflict,
LY-HOT-000318,الحبايب,review_required,,IMG-C342E390F07568AB,IMG-C342E390F07568AB,IMG-9A036A41DCB17370,existing_link,thumbnail_only,not_shared_detected,not_individually_verified,cannot_determine,unknown,not_approved_batch_2a,ready_for_manual_review,
LY-HOT-000319,هوم بلازا_للشقق الفندقية,hotel,,IMG-FB95B3497C1F55CA,IMG-FB95B3497C1F55CA,IMG-A5A330256BF13807,existing_link,thumbnail_only,not_shared_detected,not_individually_verified,cannot_determine,unknown,not_approved_batch_2a,ready_for_manual_review,
LY-HOT-000320,فندق الرحال,apartment_hotel,,IMG-007802D9BC5D755F,IMG-007802D9BC5D755F,IMG-F35449759FEAB1E9,existing_link,thumbnail_only,not_shared_detected,not_individually_verified,cannot_determine,unknown,not_approved_batch_2a,ready_for_manual_review,
LY-HOT-000321,الوادي 2 للشقق الفندقية,hotel,,IMG-6114B601BF0B1A8C,IMG-6114B601BF0B1A8C,IMG-18D2823CC6168755,existing_link,thumbnail_only,not_shared_detected,not_individually_verified,cannot_determine,unknown,not_approved_batch_2a,ready_for_manual_review,
LY-HOT-000322,الأطلس للشقق الفندقية,hotel,,IMG-8E4486514CFFA7F7,IMG-8E4486514CFFA7F7,IMG-00A08FB9993FDC6A,existing_link,thumbnail_only,not_shared_detected,not_individually_verified,cannot_determine,unknown,not_approved_batch_2a,ready_for_manual_review,
LY-HOT-000323,فندق بيزا السياحي,resort,,IMG-7C37736A8EF80145,IMG-7C37736A8EF80145,IMG-18EEA34E41204D8F,existing_link,thumbnail_only,not_shared_detected,not_individually_verified,cannot_determine,unknown,not_approved_batch_2a,ready_for_manual_review,
LY-HOT-000324,فندق قوز التيك,hotel,,IMG-F11E4A59FEBF8315,IMG-F11E4A59FEBF8315,IMG-1389659C2264D447,existing_link,thumbnail_only,not_shared_detected,not_individually_verified,cannot_determine,unknown,not_approved_batch_2a,ready_for_manual_review,
LY-HOT-000331,فندق الراحة اجدابيا,hotel,,IMG-844AB3082A456BFB,IMG-844AB3082A456BFB,IMG-558CE15AD985397D,existing_link,thumbnail_only,not_shared_detected,not_individually_verified,cannot_determine,unknown,not_approved_batch_2a,ready_for_manual_review,
LY-HOT-000332,عمار او المجد للشقق الفندقية,hotel,,IMG-C1AE737C120905FA,IMG-C1AE737C120905FA,IMG-3EA653CB93695794,existing_link,thumbnail_only,not_shared_detected,not_individually_verified,cannot_determine,unknown,not_approved_batch_2a,ready_for_manual_review,
LY-HOT-000333,فندق مزايا اجدابيا,hostel,,IMG-D93EABF8C6526D6E,IMG-D93EABF8C6526D6E,IMG-CCC9ACB679F36245,existing_link,thumbnail_only,not_shared_detected,not_individually_verified,cannot_determine,unknown,not_approved_batch_2a,ready_for_manual_review,
LY-HOT-000334,فندق التوجان السياحي,hostel,,IMG-35322FD32CA106B6,IMG-35322FD32CA106B6,IMG-8E4C579EE177DF57,existing_link,thumbnail_only,not_shared_detected,not_individually_verified,cannot_determine,unknown,not_approved_batch_2a,ready_for_manual_review,
LY-HOT-000335,نزل وقاعة الهاشمي,apartment_hotel,,IMG-C99CB2EDA0546E4A,IMG-C99CB2EDA0546E4A,IMG-882914DCCBCD4B08,existing_link,thumbnail_only,not_shared_detected,not_individually_verified,cannot_determine,unknown,not_approved_batch_2a,ready_for_manual_review,
LY-HOT-000336,نزل وقاعة زهرة الخليج,hostel,,IMG-9B0A5BE0E41F60DC,IMG-9B0A5BE0E41F60DC,IMG-66BACF4E74F7ABB8,existing_link,thumbnail_only,not_shared_detected,not_individually_verified,cannot_determine,unknown,not_approved_batch_2a,ready_for_manual_review,
LY-HOT-000337,الهضبة للشقق الفندقية,apartment_hotel,,IMG-8965EEC8E5FF047F,IMG-8965EEC8E5FF047F,IMG-EEEE06A8EE8A5BBE,existing_link,thumbnail_only,not_shared_detected,not_individually_verified,cannot_determine,unknown,not_approved_batch_2a,ready_for_manual_review,
LY-HOT-000338,الامان للشقق الفندقية,apartment_hotel,,IMG-500722E7A72A0CB8,IMG-500722E7A72A0CB8,IMG-D7CE0E4AF92A71CB,existing_link,thumbnail_only,not_shared_detected,not_individually_verified,cannot_determine,unknown,not_approved_batch_2a,ready_for_manual_review,
LY-HOT-000339,نزل ماريا MARIYA,apartment_hotel,,IMG-85FF2A28B63234FE,IMG-85FF2A28B63234FE,IMG-AF253CDB6BCF82B9,existing_link,thumbnail_only,not_shared_detected,not_individually_verified,cannot_determine,unknown,not_approved_batch_2a,ready_for_manual_review,
LY-HOT-000340,فندق الرابطة,hostel,,IMG-BD20E72787241A92,IMG-BD20E72787241A92,IMG-F9AC1761B241CDCE,existing_link,thumbnail_only,not_shared_detected,not_individually_verified,cannot_determine,unknown,not_approved_batch_2a,ready_for_manual_review,
LY-HOT-000342,فندق غريان السياحي,hotel,,IMG-4B76AA9E191EC586,IMG-4B76AA9E191EC586,IMG-E46FAAB47F3CCBB1,existing_link,thumbnail_only,not_shared_detected,not_individually_verified,cannot_determine,unknown,not_approved_batch_2a,ready_for_manual_review,
LY-HOT-000343,فندق روايال غريان,hostel,,IMG-B2F0F8C95D27D07E,IMG-B2F0F8C95D27D07E,IMG-99A77748F15BA271,existing_link,thumbnail_only,not_shared_detected,not_individually_verified,cannot_determine,unknown,not_approved_batch_2a,ready_for_manual_review,
LY-HOT-000344,فندق حوش بوغنوش,hotel,,IMG-A99658DB11939621,IMG-A99658DB11939621,IMG-6F6E80FA1C398EEC,existing_link,thumbnail_only,not_shared_detected,not_individually_verified,cannot_determine,unknown,not_approved_batch_2a,ready_for_manual_review,
LY-HOT-000345,فندق اللؤلؤة السياحي البضاء,hotel,,IMG-C1997F4EB6ECAB93,IMG-C1997F4EB6ECAB93,IMG-BEF1F2F1E807EA48,existing_link,thumbnail_only,shared_case_requires_review,not_individually_verified,cannot_determine,unknown,not_approved_batch_2a,shared_image_conflict,
LY-HOT-000346,فندق لؤلؤة الخليج البيضاء,hotel,,IMG-5875E6DDBB7440C2,IMG-5875E6DDBB7440C2,IMG-7A5BB67D81637BF8,existing_link,thumbnail_only,shared_case_requires_review,not_individually_verified,cannot_determine,unknown,not_approved_batch_2a,shared_image_conflict,
LY-HOT-000349,النوران_ للشقق_الفندقية,hostel,,IMG-65F952AC1826FCC9,IMG-65F952AC1826FCC9,IMG-6E08B25C96998D68,existing_link,thumbnail_only,not_shared_detected,not_individually_verified,cannot_determine,unknown,not_approved_batch_2a,ready_for_manual_review,
LY-HOT-000352,فندق اية الجبل البيضاء,apartment_hotel,,IMG-2986C5A66BB26BE3,IMG-2986C5A66BB26BE3,IMG-E3EC8DB4F82EDA83,existing_link,thumbnail_only,not_shared_detected,not_individually_verified,cannot_determine,unknown,not_approved_batch_2a,ready_for_manual_review,
LY-HOT-000355,فندق برونتو البيضاء,apartment_hotel,,IMG-CCB429063BDA2EAE,IMG-CCB429063BDA2EAE,IMG-9309D223CFC81510,existing_link,thumbnail_only,not_shared_detected,not_individually_verified,cannot_determine,unknown,not_approved_batch_2a,ready_for_manual_review,
LY-HOT-000356,عمارة الجوري للشقق الفندقية,hotel,,IMG-17E2B625E5E1BCA6,IMG-17E2B625E5E1BCA6,IMG-ED140BC6281F6CDD,existing_link,thumbnail_only,not_shared_detected,not_individually_verified,cannot_determine,unknown,not_approved_batch_2a,ready_for_manual_review,
LY-HOT-000357,فندق العنود البيضاء,apartment_hotel,,IMG-819089A3F33FB55C,IMG-819089A3F33FB55C,IMG-E8A0ACB419E446F1,existing_link,thumbnail_only,shared_case_requires_review,not_individually_verified,cannot_determine,unknown,not_approved_batch_2a,shared_image_conflict,
LY-HOT-000358,فندق الفردوس للشقق الفندقية,apartment_hotel,,IMG-14245C39708E3BCD,IMG-14245C39708E3BCD,IMG-9975F81187555CC5,existing_link,thumbnail_only,not_shared_detected,not_individually_verified,cannot_determine,unknown,not_approved_batch_2a,ready_for_manual_review,
LY-HOT-000360,فندق مرحبا للخدمات السياحية,hotel,,IMG-BACA013556C590D9,IMG-BACA013556C590D9,IMG-B0AD9CF0FB43F42C,existing_link,thumbnail_only,not_shared_detected,not_individually_verified,cannot_determine,unknown,not_approved_batch_2a,ready_for_manual_review,
LY-HOT-000361,عمارة اضواء ليبيا للشقق الفندقية البيضاء,hotel,,IMG-9BF85753F3D4472A,IMG-9BF85753F3D4472A,IMG-623A6611F4B7698B,existing_link,thumbnail_only,not_shared_detected,not_individually_verified,cannot_determine,unknown,not_approved_batch_2a,ready_for_manual_review,
LY-HOT-000363,فندق المرقب السياحي الخمس,hostel,,IMG-0457C54827D282C9,IMG-0457C54827D282C9,IMG-B13C3832364395E2,existing_link,thumbnail_only,not_shared_detected,not_individually_verified,cannot_determine,unknown,not_approved_batch_2a,ready_for_manual_review,
LY-HOT-000364,فندق التوليب السياحي الخمس,apartment_hotel,,IMG-BDD22CBAB3D84BB7,IMG-BDD22CBAB3D84BB7,IMG-D11FAF6F6E87CFB4,existing_link,thumbnail_only,not_shared_detected,not_individually_verified,cannot_determine,unknown,not_approved_batch_2a,ready_for_manual_review,
LY-HOT-000365,فندق بيت سباب الخمس,hotel,,IMG-6DE54E582E1827F9,IMG-6DE54E582E1827F9,IMG-53FEC56240658906,existing_link,thumbnail_only,not_shared_detected,not_individually_verified,cannot_determine,unknown,not_approved_batch_2a,ready_for_manual_review,
LY-HOT-000366,فندق الاخوة السياحي الخمس,hotel,,IMG-0AD416076AE4E41A,IMG-0AD416076AE4E41A,IMG-B43053CBB4A73052,existing_link,high,not_shared_detected,not_individually_verified,cannot_determine,unknown,not_approved_batch_2a,ready_for_manual_review,
LY-HOT-000375,فندق الخليج,hostel,,IMG-3689B35FCE5A7ED0,IMG-3689B35FCE5A7ED0,IMG-009FCBE892318CFC,existing_link,thumbnail_only,not_shared_detected,not_individually_verified,cannot_determine,unknown,not_approved_batch_2a,ready_for_manual_review,
LY-HOT-000376,فندق أضواء قرطاج,hotel,,IMG-1BD693AB20394DC5,IMG-1BD693AB20394DC5,IMG-CCFE684B5BBCEC7A,existing_link,thumbnail_only,not_shared_detected,not_individually_verified,cannot_determine,unknown,not_approved_batch_2a,ready_for_manual_review,
LY-HOT-000377,فندق اجنحة قرطاج,hotel,,IMG-6569E1B0BB8E0782,IMG-6569E1B0BB8E0782,IMG-FA780C750B848E8D,existing_link,thumbnail_only,not_shared_detected,not_individually_verified,cannot_determine,unknown,not_approved_batch_2a,ready_for_manual_review,
LY-HOT-000378,فندق الباشا,hotel,,IMG-ED83FCE5201AF85C,IMG-ED83FCE5201AF85C,IMG-CCCFE0B970F832F5,existing_link,thumbnail_only,not_shared_detected,not_individually_verified,cannot_determine,unknown,not_approved_batch_2a,ready_for_manual_review,
LY-HOT-000379,دار السلام للشقق الفندقية,hotel,,IMG-65EB7AC18CE64A22,IMG-65EB7AC18CE64A22,IMG-5E477A1F8A6E89A1,existing_link,thumbnail_only,not_shared_detected,not_individually_verified,cannot_determine,unknown,not_approved_batch_2a,ready_for_manual_review,
LY-HOT-000380,فندق نيو سيتي,hotel,,IMG-E9E5D5D57BE0E74A,IMG-E9E5D5D57BE0E74A,IMG-85C063D8E242F238,existing_link,thumbnail_only,not_shared_detected,not_individually_verified,cannot_determine,unknown,not_approved_batch_2a,ready_for_manual_review,
LY-HOT-000384,فندق جولف,hotel,,IMG-666F1656E7D3A85E,IMG-666F1656E7D3A85E,IMG-16B5AE44B2B3A4BB,existing_link,thumbnail_only,not_shared_detected,not_individually_verified,cannot_determine,unknown,not_approved_batch_2a,ready_for_manual_review,
LY-HOT-000385,فندق زهرة الشمس,hotel,,IMG-D7133115A485D29B,IMG-D7133115A485D29B,IMG-200BAB60F0A18FCA,existing_link,thumbnail_only,not_shared_detected,not_individually_verified,cannot_determine,unknown,not_approved_batch_2a,ready_for_manual_review,
LY-HOT-000386,فندق سنترو,hotel,,IMG-BB1EDEC4DA9BCC9F,IMG-BB1EDEC4DA9BCC9F,IMG-D8F8879D56CD066C,existing_link,thumbnail_only,not_shared_detected,not_individually_verified,cannot_determine,unknown,not_approved_batch_2a,ready_for_manual_review,
LY-HOT-000388,فندق كيان 2,hostel,,IMG-A1754166EF9651FE,IMG-A1754166EF9651FE,IMG-B3423DCCF6AED163,existing_link,thumbnail_only,not_shared_detected,not_individually_verified,cannot_determine,unknown,not_approved_batch_2a,ready_for_manual_review,
LY-HOT-000389,فندق نور الثريا السياحى,hostel,,IMG-F19D53660A0C5316,IMG-F19D53660A0C5316,IMG-2A4B90E2E75CC0CA,existing_link,thumbnail_only,not_shared_detected,not_individually_verified,cannot_determine,unknown,not_approved_batch_2a,ready_for_manual_review,
LY-HOT-000390,فندق أويا,hotel,,IMG-DD01B3202625761C,IMG-DD01B3202625761C,IMG-9D034CE7E72965BE,existing_link,thumbnail_only,not_shared_detected,not_individually_verified,cannot_determine,unknown,not_approved_batch_2a,ready_for_manual_review,
LY-HOT-000392,اجنحة كراون للشقق الفندقية,apartment_hotel,,IMG-9B12B9937D7300CA,IMG-9B12B9937D7300CA,IMG-D40BFD5F1791242A,existing_link,thumbnail_only,not_shared_detected,not_individually_verified,cannot_determine,unknown,not_approved_batch_2a,ready_for_manual_review,
LY-HOT-000393,الدلتا للشقق الفندقية 2,apartment_hotel,,IMG-FEB66814946A0C34,IMG-FEB66814946A0C34,IMG-A54E8C552428C2A1,existing_link,thumbnail_only,not_shared_detected,not_individually_verified,cannot_determine,unknown,not_approved_batch_2a,ready_for_manual_review,
LY-HOT-000394,الدلتا للشقق الفندقية 1,apartment_hotel,,IMG-646D87B3751258C3,IMG-646D87B3751258C3,IMG-5CF299F9826456A1,existing_link,thumbnail_only,not_shared_detected,not_individually_verified,cannot_determine,unknown,not_approved_batch_2a,ready_for_manual_review,
LY-HOT-000395,الشاطي الذهبي,hotel,,IMG-3F3998976A1F9DD4,IMG-3F3998976A1F9DD4,IMG-7914DB8D81DF2433,existing_link,thumbnail_only,not_shared_detected,not_individually_verified,cannot_determine,unknown,not_approved_batch_2a,ready_for_manual_review,
LY-HOT-000396,العنوان للشقق الفندقيه,apartment_hotel,,IMG-4A9145DFE8B3BDD1,IMG-4A9145DFE8B3BDD1,IMG-30D22D96D4FCFF21,existing_link,thumbnail_only,not_shared_detected,not_individually_verified,cannot_determine,unknown,not_approved_batch_2a,ready_for_manual_review,
LY-HOT-000398,القبس لشقق الفندقيه,apartment_hotel,,IMG-8463F4C0B4C523C4,IMG-8463F4C0B4C523C4,,existing_link,thumbnail_only,not_shared_detected,not_individually_verified,cannot_determine,unknown,not_approved_batch_2a,ready_for_manual_review,
LY-HOT-000399,الماسة للأجنحة الفندقية,apartment_hotel,,IMG-A3238C4AC13F9C7F,IMG-A3238C4AC13F9C7F,IMG-B108DCDC5B17A513,existing_link,thumbnail_only,shared_case_requires_review,not_individually_verified,cannot_determine,unknown,not_approved_batch_2a,shared_image_conflict,
LY-HOT-000400,المجرة للشقق الفندقية,apartment_hotel,,IMG-9067216E5A3805E8,IMG-9067216E5A3805E8,IMG-28E682522CDA25C9,existing_link,thumbnail_only,shared_case_requires_review,not_individually_verified,cannot_determine,unknown,not_approved_batch_2a,shared_image_conflict,
LY-HOT-000401,المكان للشقق الفندقية,apartment_hotel,,IMG-071FE7CDBF486A2C,IMG-071FE7CDBF486A2C,IMG-AB80F3A7AC9DB921,existing_link,thumbnail_only,not_shared_detected,not_individually_verified,cannot_determine,unknown,not_approved_batch_2a,ready_for_manual_review,
LY-HOT-000402,اوكا لشقق الفندقيه vib,apartment_hotel,,IMG-62556205882AEEA0,IMG-62556205882AEEA0,IMG-0C9EAEDEE2B58063,existing_link,thumbnail_only,not_shared_detected,not_individually_verified,cannot_determine,unknown,not_approved_batch_2a,ready_for_manual_review,
LY-HOT-000404,إقامة قورينا الفاخرة,apartment_hotel,,IMG-1CE1F1A994793506,IMG-1CE1F1A994793506,IMG-04126E6080B045F0,existing_link,thumbnail_only,not_shared_detected,not_individually_verified,cannot_determine,unknown,not_approved_batch_2a,ready_for_manual_review,
LY-HOT-000405,أجنحة الفوانيس للشقق الفندقية,apartment_hotel,,IMG-04F9E0CDB205B35F,IMG-04F9E0CDB205B35F,IMG-5D78329B687890B1,existing_link,thumbnail_only,not_shared_detected,not_individually_verified,cannot_determine,unknown,not_approved_batch_2a,ready_for_manual_review,
LY-HOT-000406,بيت النوران للشقق الفندقية,apartment_hotel,,IMG-62C4E7036D00D879,IMG-62C4E7036D00D879,IMG-FC46269845F8CE10,existing_link,thumbnail_only,not_shared_detected,not_individually_verified,cannot_determine,unknown,not_approved_batch_2a,ready_for_manual_review,
LY-HOT-000407,بيوت العاصمة للشقق الفندقية,apartment_hotel,,IMG-D9EDED0098CA6015,IMG-D9EDED0098CA6015,IMG-A105AA72A1C35896,existing_link,thumbnail_only,not_shared_detected,not_individually_verified,cannot_determine,unknown,not_approved_batch_2a,ready_for_manual_review,
LY-HOT-000408,جواهر العاصمة للشقق الفندقية,hostel,,IMG-1841627598673B86,IMG-1841627598673B86,IMG-4EC27B635DB76293,existing_link,thumbnail_only,not_shared_detected,not_individually_verified,cannot_determine,unknown,not_approved_batch_2a,ready_for_manual_review,
LY-HOT-000409,جولايا للشقق الفندقية,apartment_hotel,,IMG-DE13875E15FF98C7,IMG-DE13875E15FF98C7,IMG-491C686DB6D65DE4,existing_link,thumbnail_only,not_shared_detected,not_individually_verified,cannot_determine,unknown,not_approved_batch_2a,ready_for_manual_review,
LY-HOT-000410,جوهرة السلام للشقق الفندقية,apartment_hotel,,IMG-B72D016B90536F00,IMG-B72D016B90536F00,IMG-F8219A12DC93F596,existing_link,thumbnail_only,not_shared_detected,not_individually_verified,cannot_determine,unknown,not_approved_batch_2a,ready_for_manual_review,
LY-HOT-000411,حدائق المشتل للشقق الفندقية,apartment_hotel,,IMG-176798488A35C25B,IMG-176798488A35C25B,IMG-BC60B14A0F88EEA4,existing_link,thumbnail_only,not_shared_detected,not_individually_verified,cannot_determine,unknown,not_approved_batch_2a,ready_for_manual_review,
LY-HOT-000412,دار الضيافة 2 للشقق الفندقية,apartment_hotel,,IMG-8C23E869CDE883F2,IMG-8C23E869CDE883F2,,existing_link,thumbnail_only,not_shared_detected,not_individually_verified,cannot_determine,unknown,not_approved_batch_2a,ready_for_manual_review,
LY-HOT-000413,شركة العميد لايجار الشقق الفندقية,apartment_hotel,,IMG-FD41C8ED19ACA6CA,IMG-FD41C8ED19ACA6CA,IMG-8DFBD08799490E77,existing_link,thumbnail_only,not_shared_detected,not_individually_verified,cannot_determine,unknown,not_approved_batch_2a,ready_for_manual_review,
LY-HOT-000414,شقق البرنس,apartment_hotel,,IMG-3859DF30E43751C6,IMG-3859DF30E43751C6,IMG-1A5188ACCF8A12DE,existing_link,thumbnail_only,not_shared_detected,not_individually_verified,cannot_determine,unknown,not_approved_batch_2a,ready_for_manual_review,
LY-HOT-000415,شقق الرواد المفروشة,apartment_hotel,,IMG-7053C4C6903C739C,IMG-7053C4C6903C739C,IMG-7380249A8BF93BA4,existing_link,thumbnail_only,not_shared_detected,not_individually_verified,cannot_determine,unknown,not_approved_batch_2a,ready_for_manual_review,
LY-HOT-000416,شقق فيلا ليبيا الفندقية,apartment_hotel,,IMG-7A112E81106A3622,IMG-7A112E81106A3622,IMG-51291E43F2B090B3,existing_link,thumbnail_only,not_shared_detected,not_individually_verified,cannot_determine,unknown,not_approved_batch_2a,ready_for_manual_review,
LY-HOT-000417,فندق اكاكوس,hostel,,IMG-71F0147F76EA876C,IMG-71F0147F76EA876C,IMG-89E98DEB4DDDEFFE,existing_link,thumbnail_only,not_shared_detected,not_individually_verified,cannot_determine,unknown,not_approved_batch_2a,ready_for_manual_review,
LY-HOT-000418,فندق الاخوة,hostel,,IMG-0369D2CCBFEBB36D,IMG-0369D2CCBFEBB36D,IMG-FB3E8CA4F7E595E4,existing_link,thumbnail_only,not_shared_detected,not_individually_verified,cannot_determine,unknown,not_approved_batch_2a,ready_for_manual_review,
LY-HOT-000419,فندق الاصالة,hostel,,IMG-DC8036C639747547,IMG-DC8036C639747547,IMG-105BDC6F23C3BD0D,existing_link,thumbnail_only,not_shared_detected,not_individually_verified,cannot_determine,unknown,not_approved_batch_2a,ready_for_manual_review,
LY-HOT-000421,فندق البتراء,hostel,,IMG-D5C7DDCCE12EA1FE,IMG-D5C7DDCCE12EA1FE,IMG-86FE165F8F5ADA77,existing_link,thumbnail_only,not_shared_detected,not_individually_verified,cannot_determine,unknown,not_approved_batch_2a,ready_for_manual_review,
LY-HOT-000423,فندق البيت الراقي للشقق الفندقية,apartment_hotel,,IMG-CEB56CEBA46AE29E,IMG-CEB56CEBA46AE29E,IMG-DA49C17306783B4F,existing_link,thumbnail_only,not_shared_detected,not_individually_verified,cannot_determine,unknown,not_approved_batch_2a,ready_for_manual_review,
LY-HOT-000424,فندق التاج,hotel,,IMG-46821D9B585FFE64,IMG-46821D9B585FFE64,IMG-54088895E3542EC3,existing_link,thumbnail_only,not_shared_detected,not_individually_verified,cannot_determine,unknown,not_approved_batch_2a,ready_for_manual_review,
LY-HOT-000425,فندق التوفيق بلازا,hostel,,IMG-622D25A255534D5F,IMG-622D25A255534D5F,IMG-8A7CD6243BB292CF,existing_link,high,not_shared_detected,not_individually_verified,cannot_determine,unknown,not_approved_batch_2a,ready_for_manual_review,
LY-HOT-000432,فندق الدبلوماسي,hotel,,IMG-1B3C9820F53BEE88,IMG-1B3C9820F53BEE88,IMG-483CA60D335C3AB5,existing_link,low,not_shared_detected,not_individually_verified,cannot_determine,unknown,not_approved_batch_2a,ready_for_manual_review,
LY-HOT-000434,فندق الديار,hotel,,IMG-9D2B03FE06D8CF71,IMG-9D2B03FE06D8CF71,IMG-CBB5E7BC1A652E66,existing_link,acceptable,not_shared_detected,not_individually_verified,cannot_determine,unknown,not_approved_batch_2a,ready_for_manual_review,
LY-HOT-000444,فندق الريان,hotel,,IMG-4CAA6944989EC466,IMG-4CAA6944989EC466,IMG-2614A446FDF324E4,existing_link,high,not_shared_detected,not_individually_verified,cannot_determine,unknown,not_approved_batch_2a,ready_for_manual_review,
LY-HOT-000445,فندق الزيتونة,hostel,,IMG-C2390CB8BDA7A88F,IMG-C2390CB8BDA7A88F,IMG-D23C714ED0FF8E33,existing_link,acceptable,not_shared_detected,not_individually_verified,cannot_determine,unknown,not_approved_batch_2a,ready_for_manual_review,
LY-HOT-000446,فندق السرايا,hotel,,IMG-5F0B87CC56980023,IMG-5F0B87CC56980023,IMG-A9FE60CE8BAB8B94,existing_link,high,shared_case_requires_review,not_individually_verified,cannot_determine,unknown,not_approved_batch_2a,shared_image_conflict,
LY-HOT-000484,فندق المهاري رادسون بلو,resort,,IMG-5907F4EB5DA0B991,IMG-5907F4EB5DA0B991,IMG-D8ACC0812637695D,existing_link,thumbnail_only,not_shared_detected,not_individually_verified,cannot_determine,unknown,not_approved_batch_2a,ready_for_manual_review,
LY-HOT-000496,فندق اوال,hotel,,IMG-D2C42BD4A4895D81,IMG-D2C42BD4A4895D81,IMG-B69842C26D2B8DC4,existing_link,thumbnail_only,not_shared_detected,not_individually_verified,cannot_determine,unknown,not_approved_batch_2a,ready_for_manual_review,
LY-HOT-000569,لانكاستر برج الحياة (ماريوت سابقا),hotel,,IMG-C73E517BCA650C42,IMG-C73E517BCA650C42,IMG-CD983E0AAA414E3B,existing_link,thumbnail_only,not_shared_detected,not_individually_verified,cannot_determine,unknown,not_approved_batch_2a,ready_for_manual_review,
