feature_id,image_id,technical_quality,resolution,aspect_ratio,sharpness_available,brightness_available,file_health,master_status,watermark_detectable_if_metadata_or_visual_review,duplicate_status,notes
LY-HOT-000001,IMG-FA97329E9A9EC2B8,thumbnail_only,recorded_in_phase_1_inventory,recorded_in_phase_1_inventory,not_recomputed,not_recomputed,valid_linkage_record,master_candidate,requires_manual_review,candidate_only,
LY-HOT-000002,IMG-498ED4DC235794F3,thumbnail_only,recorded_in_phase_1_inventory,recorded_in_phase_1_inventory,not_recomputed,not_recomputed,valid_linkage_record,master_candidate,requires_manual_review,candidate_only,
LY-HOT-000003,IMG-B802642D83C0705A,thumbnail_only,recorded_in_phase_1_inventory,recorded_in_phase_1_inventory,not_recomputed,not_recomputed,valid_linkage_record,master_candidate,requires_manual_review,candidate_only,
LY-HOT-000004,IMG-D290D5E752B7F249,thumbnail_only,recorded_in_phase_1_inventory,recorded_in_phase_1_inventory,not_recomputed,not_recomputed,valid_linkage_record,master_candidate,requires_manual_review,candidate_only,
LY-HOT-000005,IMG-02BE325FA2853805,acceptable,recorded_in_phase_1_inventory,recorded_in_phase_1_inventory,not_recomputed,not_recomputed,valid_linkage_record,master_candidate,requires_manual_review,candidate_only,
LY-HOT-000006,IMG-C1C05F1A9D79A78A,acceptable,recorded_in_phase_1_inventory,recorded_in_phase_1_inventory,not_recomputed,not_recomputed,valid_linkage_record,master_candidate,requires_manual_review,candidate_only,
LY-HOT-000007,IMG-7703B3398C7DF70E,thumbnail_only,recorded_in_phase_1_inventory,recorded_in_phase_1_inventory,not_recomputed,not_recomputed,valid_linkage_record,master_candidate,requires_manual_review,candidate_only,
LY-HOT-000008,IMG-5EB2C1FAE325444C,thumbnail_only,recorded_in_phase_1_inventory,recorded_in_phase_1_inventory,not_recomputed,not_recomputed,valid_linkage_record,master_candidate,requires_manual_review,candidate_only,
LY-HOT-000009,IMG-819089A3F33FB55C,thumbnail_only,recorded_in_phase_1_inventory,recorded_in_phase_1_inventory,not_recomputed,not_recomputed,valid_linkage_record,master_candidate,requires_manual_review,candidate_only,
LY-HOT-000010,IMG-55D8F93ACEA7906A,thumbnail_only,recorded_in_phase_1_inventory,recorded_in_phase_1_inventory,not_recomputed,not_recomputed,valid_linkage_record,master_candidate,requires_manual_review,candidate_only,
LY-HOT-000011,IMG-65AB52B2F6CC48F7,high,recorded_in_phase_1_inventory,recorded_in_phase_1_inventory,not_recomputed,not_recomputed,valid_linkage_record,master_candidate,requires_manual_review,candidate_only,
LY-HOT-000012,IMG-119A09082CDA83D7,thumbnail_only,recorded_in_phase_1_inventory,recorded_in_phase_1_inventory,not_recomputed,not_recomputed,valid_linkage_record,master_candidate,requires_manual_review,candidate_only,
LY-HOT-000018,IMG-70EDD68175987801,thumbnail_only,recorded_in_phase_1_inventory,recorded_in_phase_1_inventory,not_recomputed,not_recomputed,valid_linkage_record,master_candidate,requires_manual_review,candidate_only,
LY-HOT-000019,IMG-6A860408D3A66731,thumbnail_only,recorded_in_phase_1_inventory,recorded_in_phase_1_inventory,not_recomputed,not_recomputed,valid_linkage_record,master_candidate,requires_manual_review,candidate_only,
LY-HOT-000020,IMG-872A6D479BE28E01,thumbnail_only,recorded_in_phase_1_inventory,recorded_in_phase_1_inventory,not_recomputed,not_recomputed,valid_linkage_record,master_candidate,requires_manual_review,candidate_only,
LY-HOT-000021,IMG-3CBAB36D93017A02,thumbnail_only,recorded_in_phase_1_inventory,recorded_in_phase_1_inventory,not_recomputed,not_recomputed,valid_linkage_record,master_candidate,requires_manual_review,candidate_only,
LY-HOT-000022,IMG-19C3F36AD1E19044,thumbnail_only,recorded_in_phase_1_inventory,recorded_in_phase_1_inventory,not_recomputed,not_recomputed,valid_linkage_record,master_candidate,requires_manual_review,candidate_only,
LY-HOT-000023,IMG-56A6440E48860943,thumbnail_only,recorded_in_phase_1_inventory,recorded_in_phase_1_inventory,not_recomputed,not_recomputed,valid_linkage_record,master_candidate,requires_manual_review,candidate_only,
LY-HOT-000024,IMG-F5D8E40E6C1EA4DB,thumbnail_only,recorded_in_phase_1_inventory,recorded_in_phase_1_inventory,not_recomputed,not_recomputed,valid_linkage_record,master_candidate,requires_manual_review,candidate_only,
LY-HOT-000025,IMG-E4FA3718C8C00988,thumbnail_only,recorded_in_phase_1_inventory,recorded_in_phase_1_inventory,not_recomputed,not_recomputed,valid_linkage_record,master_candidate,requires_manual_review,candidate_only,
LY-HOT-000026,IMG-2B0470543FB41D5D,thumbnail_only,recorded_in_phase_1_inventory,recorded_in_phase_1_inventory,not_recomputed,not_recomputed,valid_linkage_record,master_candidate,requires_manual_review,candidate_only,
LY-HOT-000027,IMG-76159BDC315DE906,thumbnail_only,recorded_in_phase_1_inventory,recorded_in_phase_1_inventory,not_recomputed,not_recomputed,valid_linkage_record,master_candidate,requires_manual_review,candidate_only,
LY-HOT-000028,IMG-EEC9D5AE902233A5,thumbnail_only,recorded_in_phase_1_inventory,recorded_in_phase_1_inventory,not_recomputed,not_recomputed,valid_linkage_record,master_candidate,requires_manual_review,candidate_only,
LY-HOT-000029,IMG-0F373BA333C2EBDE,thumbnail_only,recorded_in_phase_1_inventory,recorded_in_phase_1_inventory,not_recomputed,not_recomputed,valid_linkage_record,master_candidate,requires_manual_review,candidate_only,
LY-HOT-000031,IMG-4B53EBB6AABCC1D3,thumbnail_only,recorded_in_phase_1_inventory,recorded_in_phase_1_inventory,not_recomputed,not_recomputed,valid_linkage_record,master_candidate,requires_manual_review,candidate_only,
LY-HOT-000032,IMG-5BA106F592D0332E,thumbnail_only,recorded_in_phase_1_inventory,recorded_in_phase_1_inventory,not_recomputed,not_recomputed,valid_linkage_record,master_candidate,requires_manual_review,candidate_only,
LY-HOT-000034,IMG-5ED99B628601EBD3,acceptable,recorded_in_phase_1_inventory,recorded_in_phase_1_inventory,not_recomputed,not_recomputed,valid_linkage_record,master_candidate,requires_manual_review,candidate_only,
LY-HOT-000035,IMG-657CB03042B5C04B,thumbnail_only,recorded_in_phase_1_inventory,recorded_in_phase_1_inventory,not_recomputed,not_recomputed,valid_linkage_record,master_candidate,requires_manual_review,candidate_only,
LY-HOT-000036,IMG-02413AAE55399FB1,thumbnail_only,recorded_in_phase_1_inventory,recorded_in_phase_1_inventory,not_recomputed,not_recomputed,valid_linkage_record,master_candidate,requires_manual_review,candidate_only,
LY-HOT-000037,IMG-5806382F3E321975,thumbnail_only,recorded_in_phase_1_inventory,recorded_in_phase_1_inventory,not_recomputed,not_recomputed,valid_linkage_record,master_candidate,requires_manual_review,candidate_only,
LY-HOT-000038,IMG-2BEC7C4B87BFEE2A,thumbnail_only,recorded_in_phase_1_inventory,recorded_in_phase_1_inventory,not_recomputed,not_recomputed,valid_linkage_record,master_candidate,requires_manual_review,candidate_only,
LY-HOT-000039,IMG-95E3447DAE58A495,thumbnail_only,recorded_in_phase_1_inventory,recorded_in_phase_1_inventory,not_recomputed,not_recomputed,valid_linkage_record,master_candidate,requires_manual_review,candidate_only,
LY-HOT-000040,IMG-4C26C96431EC63BA,thumbnail_only,recorded_in_phase_1_inventory,recorded_in_phase_1_inventory,not_recomputed,not_recomputed,valid_linkage_record,master_candidate,requires_manual_review,candidate_only,
LY-HOT-000041,IMG-A3FECBDF161B5CCE,thumbnail_only,recorded_in_phase_1_inventory,recorded_in_phase_1_inventory,not_recomputed,not_recomputed,valid_linkage_record,master_candidate,requires_manual_review,candidate_only,
LY-HOT-000042,IMG-C6DFB6BFEF341C5D,thumbnail_only,recorded_in_phase_1_inventory,recorded_in_phase_1_inventory,not_recomputed,not_recomputed,valid_linkage_record,master_candidate,requires_manual_review,candidate_only,
LY-HOT-000045,IMG-2A5F837F7840D805,thumbnail_only,recorded_in_phase_1_inventory,recorded_in_phase_1_inventory,not_recomputed,not_recomputed,valid_linkage_record,distinct_candidate,requires_manual_review,candidate_only,
LY-HOT-000046,IMG-2AE0615B4101D7F4,thumbnail_only,recorded_in_phase_1_inventory,recorded_in_phase_1_inventory,not_recomputed,not_recomputed,valid_linkage_record,master_candidate,requires_manual_review,candidate_only,
LY-HOT-000049,IMG-C7239FBDF94ED0B0,thumbnail_only,recorded_in_phase_1_inventory,recorded_in_phase_1_inventory,not_recomputed,not_recomputed,valid_linkage_record,master_candidate,requires_manual_review,candidate_only,
LY-HOT-000050,IMG-B51A8889CBB17DA7,thumbnail_only,recorded_in_phase_1_inventory,recorded_in_phase_1_inventory,not_recomputed,not_recomputed,valid_linkage_record,master_candidate,requires_manual_review,candidate_only,
LY-HOT-000051,IMG-9A077AB897E06613,thumbnail_only,recorded_in_phase_1_inventory,recorded_in_phase_1_inventory,not_recomputed,not_recomputed,valid_linkage_record,master_candidate,requires_manual_review,candidate_only,
LY-HOT-000053,IMG-76FF508F0B7A8565,thumbnail_only,recorded_in_phase_1_inventory,recorded_in_phase_1_inventory,not_recomputed,not_recomputed,valid_linkage_record,master_candidate,requires_manual_review,candidate_only,
LY-HOT-000054,IMG-5A8F81B9322E3F57,thumbnail_only,recorded_in_phase_1_inventory,recorded_in_phase_1_inventory,not_recomputed,not_recomputed,valid_linkage_record,master_candidate,requires_manual_review,candidate_only,
LY-HOT-000055,IMG-C75C7E18E8905149,thumbnail_only,recorded_in_phase_1_inventory,recorded_in_phase_1_inventory,not_recomputed,not_recomputed,valid_linkage_record,master_candidate,requires_manual_review,candidate_only,
LY-HOT-000056,IMG-67A5A64E322D0F37,thumbnail_only,recorded_in_phase_1_inventory,recorded_in_phase_1_inventory,not_recomputed,not_recomputed,valid_linkage_record,master_candidate,requires_manual_review,candidate_only,
LY-HOT-000057,IMG-B7DE3703E4372DC6,thumbnail_only,recorded_in_phase_1_inventory,recorded_in_phase_1_inventory,not_recomputed,not_recomputed,valid_linkage_record,master_candidate,requires_manual_review,candidate_only,
LY-HOT-000058,IMG-63F705E27DA71CF5,acceptable,recorded_in_phase_1_inventory,recorded_in_phase_1_inventory,not_recomputed,not_recomputed,valid_linkage_record,master_candidate,requires_manual_review,candidate_only,
LY-HOT-000059,IMG-12604B3B51DF48AE,thumbnail_only,recorded_in_phase_1_inventory,recorded_in_phase_1_inventory,not_recomputed,not_recomputed,valid_linkage_record,master_candidate,requires_manual_review,candidate_only,
LY-HOT-000060,IMG-529535B1FF6858C1,thumbnail_only,recorded_in_phase_1_inventory,recorded_in_phase_1_inventory,not_recomputed,not_recomputed,valid_linkage_record,master_candidate,requires_manual_review,candidate_only,
LY-HOT-000061,IMG-1FEA6DD92699F439,thumbnail_only,recorded_in_phase_1_inventory,recorded_in_phase_1_inventory,not_recomputed,not_recomputed,valid_linkage_record,master_candidate,requires_manual_review,candidate_only,
LY-HOT-000062,IMG-20030B09B95C21F0,thumbnail_only,recorded_in_phase_1_inventory,recorded_in_phase_1_inventory,not_recomputed,not_recomputed,valid_linkage_record,master_candidate,requires_manual_review,candidate_only,
LY-HOT-000064,IMG-301D258252D7F3D2,thumbnail_only,recorded_in_phase_1_inventory,recorded_in_phase_1_inventory,not_recomputed,not_recomputed,valid_linkage_record,master_candidate,requires_manual_review,candidate_only,
LY-HOT-000065,IMG-FC2F7E0A509C8E80,thumbnail_only,recorded_in_phase_1_inventory,recorded_in_phase_1_inventory,not_recomputed,not_recomputed,valid_linkage_record,master_candidate,requires_manual_review,candidate_only,
LY-HOT-000066,IMG-07D179D8F1F3B4C8,thumbnail_only,recorded_in_phase_1_inventory,recorded_in_phase_1_inventory,not_recomputed,not_recomputed,valid_linkage_record,master_candidate,requires_manual_review,candidate_only,
LY-HOT-000067,IMG-506CFAE19599447E,thumbnail_only,recorded_in_phase_1_inventory,recorded_in_phase_1_inventory,not_recomputed,not_recomputed,valid_linkage_record,master_candidate,requires_manual_review,candidate_only,
LY-HOT-000068,IMG-2754AC0FDB2BC23D,thumbnail_only,recorded_in_phase_1_inventory,recorded_in_phase_1_inventory,not_recomputed,not_recomputed,valid_linkage_record,master_candidate,requires_manual_review,candidate_only,
LY-HOT-000071,IMG-8F2297D7FBB16C96,thumbnail_only,recorded_in_phase_1_inventory,recorded_in_phase_1_inventory,not_recomputed,not_recomputed,valid_linkage_record,master_candidate,requires_manual_review,candidate_only,
LY-HOT-000072,IMG-0FA01A3B05B019A0,thumbnail_only,recorded_in_phase_1_inventory,recorded_in_phase_1_inventory,not_recomputed,not_recomputed,valid_linkage_record,master_candidate,requires_manual_review,candidate_only,
LY-HOT-000074,IMG-5F1F8C35419379DF,thumbnail_only,recorded_in_phase_1_inventory,recorded_in_phase_1_inventory,not_recomputed,not_recomputed,valid_linkage_record,master_candidate,requires_manual_review,candidate_only,
LY-HOT-000075,IMG-4F0A3CE02FA1B883,thumbnail_only,recorded_in_phase_1_inventory,recorded_in_phase_1_inventory,not_recomputed,not_recomputed,valid_linkage_record,master_candidate,requires_manual_review,candidate_only,
LY-HOT-000077,IMG-31E0CFFABE88906C,thumbnail_only,recorded_in_phase_1_inventory,recorded_in_phase_1_inventory,not_recomputed,not_recomputed,valid_linkage_record,master_candidate,requires_manual_review,candidate_only,
LY-HOT-000078,IMG-F83777E607F937D9,thumbnail_only,recorded_in_phase_1_inventory,recorded_in_phase_1_inventory,not_recomputed,not_recomputed,valid_linkage_record,master_candidate,requires_manual_review,candidate_only,
LY-HOT-000079,IMG-280C1B178E8D3CFF,thumbnail_only,recorded_in_phase_1_inventory,recorded_in_phase_1_inventory,not_recomputed,not_recomputed,valid_linkage_record,master_candidate,requires_manual_review,candidate_only,
LY-HOT-000080,IMG-03FE1BFC24DF7657,thumbnail_only,recorded_in_phase_1_inventory,recorded_in_phase_1_inventory,not_recomputed,not_recomputed,valid_linkage_record,master_candidate,requires_manual_review,candidate_only,
LY-HOT-000081,IMG-00DF5A97DE0DCF00,thumbnail_only,recorded_in_phase_1_inventory,recorded_in_phase_1_inventory,not_recomputed,not_recomputed,valid_linkage_record,master_candidate,requires_manual_review,candidate_only,
LY-HOT-000084,IMG-612CCDBF36460E46,thumbnail_only,recorded_in_phase_1_inventory,recorded_in_phase_1_inventory,not_recomputed,not_recomputed,valid_linkage_record,master_candidate,requires_manual_review,candidate_only,
LY-HOT-000085,IMG-477F3B49EC08BB94,thumbnail_only,recorded_in_phase_1_inventory,recorded_in_phase_1_inventory,not_recomputed,not_recomputed,valid_linkage_record,master_candidate,requires_manual_review,candidate_only,
LY-HOT-000086,IMG-F7EC6271B650752B,thumbnail_only,recorded_in_phase_1_inventory,recorded_in_phase_1_inventory,not_recomputed,not_recomputed,valid_linkage_record,master_candidate,requires_manual_review,candidate_only,
LY-HOT-000088,IMG-599C8099E31AA502,acceptable,recorded_in_phase_1_inventory,recorded_in_phase_1_inventory,not_recomputed,not_recomputed,valid_linkage_record,master_candidate,requires_manual_review,candidate_only,
LY-HOT-000090,IMG-51AB10EF4C188BE1,thumbnail_only,recorded_in_phase_1_inventory,recorded_in_phase_1_inventory,not_recomputed,not_recomputed,valid_linkage_record,master_candidate,requires_manual_review,candidate_only,
LY-HOT-000091,IMG-EF3B1425ACE980F9,high,recorded_in_phase_1_inventory,recorded_in_phase_1_inventory,not_recomputed,not_recomputed,valid_linkage_record,master_candidate,requires_manual_review,candidate_only,
LY-HOT-000093,IMG-CB4676B3E9A8B840,thumbnail_only,recorded_in_phase_1_inventory,recorded_in_phase_1_inventory,not_recomputed,not_recomputed,valid_linkage_record,master_candidate,requires_manual_review,candidate_only,
LY-HOT-000094,IMG-7AC07FEBBAB341ED,thumbnail_only,recorded_in_phase_1_inventory,recorded_in_phase_1_inventory,not_recomputed,not_recomputed,valid_linkage_record,master_candidate,requires_manual_review,candidate_only,
LY-HOT-000095,IMG-92E4F00620C05EFB,thumbnail_only,recorded_in_phase_1_inventory,recorded_in_phase_1_inventory,not_recomputed,not_recomputed,valid_linkage_record,master_candidate,requires_manual_review,candidate_only,
LY-HOT-000096,IMG-F9F53CED1C50A8BD,thumbnail_only,recorded_in_phase_1_inventory,recorded_in_phase_1_inventory,not_recomputed,not_recomputed,valid_linkage_record,master_candidate,requires_manual_review,candidate_only,
LY-HOT-000097,IMG-0D74F9F296DF86DD,thumbnail_only,recorded_in_phase_1_inventory,recorded_in_phase_1_inventory,not_recomputed,not_recomputed,valid_linkage_record,master_candidate,requires_manual_review,candidate_only,
LY-HOT-000098,IMG-C8F2AC0814DA6F5B,thumbnail_only,recorded_in_phase_1_inventory,recorded_in_phase_1_inventory,not_recomputed,not_recomputed,valid_linkage_record,master_candidate,requires_manual_review,candidate_only,
LY-HOT-000099,IMG-9F297B4C0B40C957,thumbnail_only,recorded_in_phase_1_inventory,recorded_in_phase_1_inventory,not_recomputed,not_recomputed,valid_linkage_record,master_candidate,requires_manual_review,candidate_only,
LY-HOT-000100,IMG-50C88BA946BC9961,thumbnail_only,recorded_in_phase_1_inventory,recorded_in_phase_1_inventory,not_recomputed,not_recomputed,valid_linkage_record,master_candidate,requires_manual_review,candidate_only,
LY-HOT-000102,IMG-055271F1382E9D5A,thumbnail_only,recorded_in_phase_1_inventory,recorded_in_phase_1_inventory,not_recomputed,not_recomputed,valid_linkage_record,master_candidate,requires_manual_review,candidate_only,
LY-HOT-000103,IMG-5FD7D29019D53E4A,thumbnail_only,recorded_in_phase_1_inventory,recorded_in_phase_1_inventory,not_recomputed,not_recomputed,valid_linkage_record,master_candidate,requires_manual_review,candidate_only,
LY-HOT-000105,IMG-9D9788DF5F512236,thumbnail_only,recorded_in_phase_1_inventory,recorded_in_phase_1_inventory,not_recomputed,not_recomputed,valid_linkage_record,master_candidate,requires_manual_review,candidate_only,
LY-HOT-000106,IMG-473D64CC0B4F095E,thumbnail_only,recorded_in_phase_1_inventory,recorded_in_phase_1_inventory,not_recomputed,not_recomputed,valid_linkage_record,master_candidate,requires_manual_review,candidate_only,
LY-HOT-000107,IMG-6580CB7EB805DFF0,thumbnail_only,recorded_in_phase_1_inventory,recorded_in_phase_1_inventory,not_recomputed,not_recomputed,valid_linkage_record,master_candidate,requires_manual_review,candidate_only,
LY-HOT-000108,IMG-60AE2A53516D38B5,thumbnail_only,recorded_in_phase_1_inventory,recorded_in_phase_1_inventory,not_recomputed,not_recomputed,valid_linkage_record,master_candidate,requires_manual_review,candidate_only,
LY-HOT-000109,IMG-14E7A433C1AA23C9,thumbnail_only,recorded_in_phase_1_inventory,recorded_in_phase_1_inventory,not_recomputed,not_recomputed,valid_linkage_record,master_candidate,requires_manual_review,candidate_only,
LY-HOT-000110,IMG-DA0ECA578123941F,thumbnail_only,recorded_in_phase_1_inventory,recorded_in_phase_1_inventory,not_recomputed,not_recomputed,valid_linkage_record,master_candidate,requires_manual_review,candidate_only,
LY-HOT-000112,IMG-6BCB30EA9DC9D585,thumbnail_only,recorded_in_phase_1_inventory,recorded_in_phase_1_inventory,not_recomputed,not_recomputed,valid_linkage_record,master_candidate,requires_manual_review,candidate_only,
LY-HOT-000113,IMG-046EDC55FFD15293,thumbnail_only,recorded_in_phase_1_inventory,recorded_in_phase_1_inventory,not_recomputed,not_recomputed,valid_linkage_record,master_candidate,requires_manual_review,candidate_only,
LY-HOT-000114,IMG-9177C7EFBB2B6B7C,thumbnail_only,recorded_in_phase_1_inventory,recorded_in_phase_1_inventory,not_recomputed,not_recomputed,valid_linkage_record,master_candidate,requires_manual_review,candidate_only,
LY-HOT-000115,IMG-110FEF464D2C395F,thumbnail_only,recorded_in_phase_1_inventory,recorded_in_phase_1_inventory,not_recomputed,not_recomputed,valid_linkage_record,master_candidate,requires_manual_review,candidate_only,
LY-HOT-000116,IMG-418C257283B4249C,thumbnail_only,recorded_in_phase_1_inventory,recorded_in_phase_1_inventory,not_recomputed,not_recomputed,valid_linkage_record,master_candidate,requires_manual_review,candidate_only,
LY-HOT-000118,IMG-67129E3029742E03,thumbnail_only,recorded_in_phase_1_inventory,recorded_in_phase_1_inventory,not_recomputed,not_recomputed,valid_linkage_record,master_candidate,requires_manual_review,candidate_only,
LY-HOT-000119,IMG-E6FB468A34553F69,thumbnail_only,recorded_in_phase_1_inventory,recorded_in_phase_1_inventory,not_recomputed,not_recomputed,valid_linkage_record,master_candidate,requires_manual_review,candidate_only,
LY-HOT-000120,IMG-E154B829B141A067,thumbnail_only,recorded_in_phase_1_inventory,recorded_in_phase_1_inventory,not_recomputed,not_recomputed,valid_linkage_record,master_candidate,requires_manual_review,candidate_only,
LY-HOT-000121,IMG-433F949188978281,thumbnail_only,recorded_in_phase_1_inventory,recorded_in_phase_1_inventory,not_recomputed,not_recomputed,valid_linkage_record,master_candidate,requires_manual_review,candidate_only,
LY-HOT-000123,IMG-4CC4FED28261BA62,thumbnail_only,recorded_in_phase_1_inventory,recorded_in_phase_1_inventory,not_recomputed,not_recomputed,valid_linkage_record,master_candidate,requires_manual_review,candidate_only,
LY-HOT-000125,IMG-E62FE6C2A48E1957,thumbnail_only,recorded_in_phase_1_inventory,recorded_in_phase_1_inventory,not_recomputed,not_recomputed,valid_linkage_record,master_candidate,requires_manual_review,candidate_only,
LY-HOT-000128,IMG-8D254ED37F12A687,thumbnail_only,recorded_in_phase_1_inventory,recorded_in_phase_1_inventory,not_recomputed,not_recomputed,valid_linkage_record,master_candidate,requires_manual_review,candidate_only,
LY-HOT-000130,IMG-274B8FDFA79EB046,thumbnail_only,recorded_in_phase_1_inventory,recorded_in_phase_1_inventory,not_recomputed,not_recomputed,valid_linkage_record,master_candidate,requires_manual_review,candidate_only,
LY-HOT-000131,IMG-BD576D6C7A28616B,thumbnail_only,recorded_in_phase_1_inventory,recorded_in_phase_1_inventory,not_recomputed,not_recomputed,valid_linkage_record,master_candidate,requires_manual_review,candidate_only,
LY-HOT-000132,IMG-E4F857A3669A2646,thumbnail_only,recorded_in_phase_1_inventory,recorded_in_phase_1_inventory,not_recomputed,not_recomputed,valid_linkage_record,master_candidate,requires_manual_review,candidate_only,
LY-HOT-000134,IMG-8084340B4BB7CB22,thumbnail_only,recorded_in_phase_1_inventory,recorded_in_phase_1_inventory,not_recomputed,not_recomputed,valid_linkage_record,master_candidate,requires_manual_review,candidate_only,
LY-HOT-000135,IMG-94025569E10A3EC8,thumbnail_only,recorded_in_phase_1_inventory,recorded_in_phase_1_inventory,not_recomputed,not_recomputed,valid_linkage_record,master_candidate,requires_manual_review,candidate_only,
LY-HOT-000137,IMG-692D357EF64EECF5,thumbnail_only,recorded_in_phase_1_inventory,recorded_in_phase_1_inventory,not_recomputed,not_recomputed,valid_linkage_record,master_candidate,requires_manual_review,candidate_only,
LY-HOT-000138,IMG-29F498B195A17DAE,thumbnail_only,recorded_in_phase_1_inventory,recorded_in_phase_1_inventory,not_recomputed,not_recomputed,valid_linkage_record,master_candidate,requires_manual_review,candidate_only,
LY-HOT-000143,IMG-C04C7358AE4C64F2,thumbnail_only,recorded_in_phase_1_inventory,recorded_in_phase_1_inventory,not_recomputed,not_recomputed,valid_linkage_record,master_candidate,requires_manual_review,candidate_only,
LY-HOT-000145,IMG-4F1BF241FA1C1032,thumbnail_only,recorded_in_phase_1_inventory,recorded_in_phase_1_inventory,not_recomputed,not_recomputed,valid_linkage_record,master_candidate,requires_manual_review,candidate_only,
LY-HOT-000148,IMG-1E9790A7A8F159ED,thumbnail_only,recorded_in_phase_1_inventory,recorded_in_phase_1_inventory,not_recomputed,not_recomputed,valid_linkage_record,master_candidate,requires_manual_review,candidate_only,
LY-HOT-000150,IMG-03C03752D4FFB0D9,thumbnail_only,recorded_in_phase_1_inventory,recorded_in_phase_1_inventory,not_recomputed,not_recomputed,valid_linkage_record,distinct_candidate,requires_manual_review,candidate_only,
LY-HOT-000151,IMG-7408B0FEE6E15B14,thumbnail_only,recorded_in_phase_1_inventory,recorded_in_phase_1_inventory,not_recomputed,not_recomputed,valid_linkage_record,master_candidate,requires_manual_review,candidate_only,
LY-HOT-000152,IMG-E3245A512704B018,thumbnail_only,recorded_in_phase_1_inventory,recorded_in_phase_1_inventory,not_recomputed,not_recomputed,valid_linkage_record,master_candidate,requires_manual_review,candidate_only,
LY-HOT-000154,IMG-4DE50FE5C77F11DC,thumbnail_only,recorded_in_phase_1_inventory,recorded_in_phase_1_inventory,not_recomputed,not_recomputed,valid_linkage_record,distinct_candidate,requires_manual_review,candidate_only,
LY-HOT-000155,IMG-C1A63B7C18A696CC,thumbnail_only,recorded_in_phase_1_inventory,recorded_in_phase_1_inventory,not_recomputed,not_recomputed,valid_linkage_record,master_candidate,requires_manual_review,candidate_only,
LY-HOT-000157,IMG-65010E3F7285D3C4,thumbnail_only,recorded_in_phase_1_inventory,recorded_in_phase_1_inventory,not_recomputed,not_recomputed,valid_linkage_record,master_candidate,requires_manual_review,candidate_only,
LY-HOT-000158,IMG-4F0A3CE02FA1B883,thumbnail_only,recorded_in_phase_1_inventory,recorded_in_phase_1_inventory,not_recomputed,not_recomputed,valid_linkage_record,master_candidate,requires_manual_review,candidate_only,
LY-HOT-000160,IMG-4ECEDB1678C21ED6,thumbnail_only,recorded_in_phase_1_inventory,recorded_in_phase_1_inventory,not_recomputed,not_recomputed,valid_linkage_record,master_candidate,requires_manual_review,candidate_only,
LY-HOT-000163,IMG-4D69B0877B8F026F,thumbnail_only,recorded_in_phase_1_inventory,recorded_in_phase_1_inventory,not_recomputed,not_recomputed,valid_linkage_record,master_candidate,requires_manual_review,candidate_only,
LY-HOT-000164,IMG-36DA0CCAB2BCB61C,thumbnail_only,recorded_in_phase_1_inventory,recorded_in_phase_1_inventory,not_recomputed,not_recomputed,valid_linkage_record,master_candidate,requires_manual_review,candidate_only,
LY-HOT-000166,IMG-D345EAAFD727F3C0,thumbnail_only,recorded_in_phase_1_inventory,recorded_in_phase_1_inventory,not_recomputed,not_recomputed,valid_linkage_record,master_candidate,requires_manual_review,candidate_only,
LY-HOT-000169,IMG-87993A1E3CB548BA,thumbnail_only,recorded_in_phase_1_inventory,recorded_in_phase_1_inventory,not_recomputed,not_recomputed,valid_linkage_record,master_candidate,requires_manual_review,candidate_only,
LY-HOT-000171,IMG-1DBC5EAF16A5E4BE,thumbnail_only,recorded_in_phase_1_inventory,recorded_in_phase_1_inventory,not_recomputed,not_recomputed,valid_linkage_record,master_candidate,requires_manual_review,candidate_only,
LY-HOT-000181,IMG-ED94159E9BC6C717,thumbnail_only,recorded_in_phase_1_inventory,recorded_in_phase_1_inventory,not_recomputed,not_recomputed,valid_linkage_record,master_candidate,requires_manual_review,candidate_only,
LY-HOT-000187,IMG-3B56150C8DAA5F16,thumbnail_only,recorded_in_phase_1_inventory,recorded_in_phase_1_inventory,not_recomputed,not_recomputed,valid_linkage_record,master_candidate,requires_manual_review,candidate_only,
LY-HOT-000190,IMG-2F048837E230F91F,thumbnail_only,recorded_in_phase_1_inventory,recorded_in_phase_1_inventory,not_recomputed,not_recomputed,valid_linkage_record,distinct_candidate,requires_manual_review,candidate_only,
LY-HOT-000193,IMG-A3170ECA96244672,high,recorded_in_phase_1_inventory,recorded_in_phase_1_inventory,not_recomputed,not_recomputed,valid_linkage_record,master_candidate,requires_manual_review,candidate_only,
LY-HOT-000196,IMG-5FE1ABA6DADBA795,acceptable,recorded_in_phase_1_inventory,recorded_in_phase_1_inventory,not_recomputed,not_recomputed,valid_linkage_record,master_candidate,requires_manual_review,candidate_only,
LY-HOT-000201,IMG-00D26D8EDC613DDE,high,recorded_in_phase_1_inventory,recorded_in_phase_1_inventory,not_recomputed,not_recomputed,valid_linkage_record,master_candidate,requires_manual_review,candidate_only,
LY-HOT-000209,IMG-23AE35FD4B853F4A,thumbnail_only,recorded_in_phase_1_inventory,recorded_in_phase_1_inventory,not_recomputed,not_recomputed,valid_linkage_record,master_candidate,requires_manual_review,candidate_only,
LY-HOT-000221,IMG-7D1036F871E7B856,thumbnail_only,recorded_in_phase_1_inventory,recorded_in_phase_1_inventory,not_recomputed,not_recomputed,valid_linkage_record,master_candidate,requires_manual_review,candidate_only,
LY-HOT-000223,IMG-5255F49255B9CDBC,acceptable,recorded_in_phase_1_inventory,recorded_in_phase_1_inventory,not_recomputed,not_recomputed,valid_linkage_record,master_candidate,requires_manual_review,candidate_only,
LY-HOT-000268,IMG-674C0626690A6B84,thumbnail_only,recorded_in_phase_1_inventory,recorded_in_phase_1_inventory,not_recomputed,not_recomputed,valid_linkage_record,master_candidate,requires_manual_review,candidate_only,
LY-HOT-000273,IMG-07823DE59E73877A,high,recorded_in_phase_1_inventory,recorded_in_phase_1_inventory,not_recomputed,not_recomputed,valid_linkage_record,master_candidate,requires_manual_review,candidate_only,
LY-HOT-000275,IMG-AB2F785A48F45260,high,recorded_in_phase_1_inventory,recorded_in_phase_1_inventory,not_recomputed,not_recomputed,valid_linkage_record,master_candidate,requires_manual_review,candidate_only,
LY-HOT-000276,IMG-E240158CEC65F3C9,thumbnail_only,recorded_in_phase_1_inventory,recorded_in_phase_1_inventory,not_recomputed,not_recomputed,valid_linkage_record,master_candidate,requires_manual_review,candidate_only,
LY-HOT-000277,IMG-4D715E6F645A91E4,high,recorded_in_phase_1_inventory,recorded_in_phase_1_inventory,not_recomputed,not_recomputed,valid_linkage_record,master_candidate,requires_manual_review,candidate_only,
LY-HOT-000278,IMG-3143393C3BB12C6B,thumbnail_only,recorded_in_phase_1_inventory,recorded_in_phase_1_inventory,not_recomputed,not_recomputed,valid_linkage_record,master_candidate,requires_manual_review,candidate_only,
LY-HOT-000279,IMG-D58DFEE97D5305FF,thumbnail_only,recorded_in_phase_1_inventory,recorded_in_phase_1_inventory,not_recomputed,not_recomputed,valid_linkage_record,master_candidate,requires_manual_review,candidate_only,
LY-HOT-000281,IMG-D0E4C14FEF216C2C,thumbnail_only,recorded_in_phase_1_inventory,recorded_in_phase_1_inventory,not_recomputed,not_recomputed,valid_linkage_record,master_candidate,requires_manual_review,candidate_only,
LY-HOT-000282,IMG-BED506EA5E4A268B,thumbnail_only,recorded_in_phase_1_inventory,recorded_in_phase_1_inventory,not_recomputed,not_recomputed,valid_linkage_record,master_candidate,requires_manual_review,candidate_only,
LY-HOT-000283,IMG-F3E648AD7CE0F676,acceptable,recorded_in_phase_1_inventory,recorded_in_phase_1_inventory,not_recomputed,not_recomputed,valid_linkage_record,master_candidate,requires_manual_review,candidate_only,
LY-HOT-000284,IMG-FD63377BEAD728F4,acceptable,recorded_in_phase_1_inventory,recorded_in_phase_1_inventory,not_recomputed,not_recomputed,valid_linkage_record,master_candidate,requires_manual_review,candidate_only,
LY-HOT-000295,IMG-AB22C6D40D93616F,acceptable,recorded_in_phase_1_inventory,recorded_in_phase_1_inventory,not_recomputed,not_recomputed,valid_linkage_record,master_candidate,requires_manual_review,candidate_only,
LY-HOT-000297,IMG-4B501E6BBD73EAFE,high,recorded_in_phase_1_inventory,recorded_in_phase_1_inventory,not_recomputed,not_recomputed,valid_linkage_record,master_candidate,requires_manual_review,candidate_only,
LY-HOT-000305,IMG-23317BED444CE147,thumbnail_only,recorded_in_phase_1_inventory,recorded_in_phase_1_inventory,not_recomputed,not_recomputed,valid_linkage_record,master_candidate,requires_manual_review,candidate_only,
LY-HOT-000307,IMG-B957081BDFD31AD9,thumbnail_only,recorded_in_phase_1_inventory,recorded_in_phase_1_inventory,not_recomputed,not_recomputed,valid_linkage_record,master_candidate,requires_manual_review,candidate_only,
LY-HOT-000314,IMG-B9573C8C7FB931A8,acceptable,recorded_in_phase_1_inventory,recorded_in_phase_1_inventory,not_recomputed,not_recomputed,valid_linkage_record,master_candidate,requires_manual_review,candidate_only,
LY-HOT-000318,IMG-C342E390F07568AB,thumbnail_only,recorded_in_phase_1_inventory,recorded_in_phase_1_inventory,not_recomputed,not_recomputed,valid_linkage_record,master_candidate,requires_manual_review,candidate_only,
LY-HOT-000319,IMG-FB95B3497C1F55CA,thumbnail_only,recorded_in_phase_1_inventory,recorded_in_phase_1_inventory,not_recomputed,not_recomputed,valid_linkage_record,master_candidate,requires_manual_review,candidate_only,
LY-HOT-000320,IMG-007802D9BC5D755F,thumbnail_only,recorded_in_phase_1_inventory,recorded_in_phase_1_inventory,not_recomputed,not_recomputed,valid_linkage_record,master_candidate,requires_manual_review,candidate_only,
LY-HOT-000321,IMG-6114B601BF0B1A8C,thumbnail_only,recorded_in_phase_1_inventory,recorded_in_phase_1_inventory,not_recomputed,not_recomputed,valid_linkage_record,master_candidate,requires_manual_review,candidate_only,
LY-HOT-000322,IMG-8E4486514CFFA7F7,thumbnail_only,recorded_in_phase_1_inventory,recorded_in_phase_1_inventory,not_recomputed,not_recomputed,valid_linkage_record,master_candidate,requires_manual_review,candidate_only,
LY-HOT-000323,IMG-7C37736A8EF80145,thumbnail_only,recorded_in_phase_1_inventory,recorded_in_phase_1_inventory,not_recomputed,not_recomputed,valid_linkage_record,master_candidate,requires_manual_review,candidate_only,
LY-HOT-000324,IMG-F11E4A59FEBF8315,thumbnail_only,recorded_in_phase_1_inventory,recorded_in_phase_1_inventory,not_recomputed,not_recomputed,valid_linkage_record,master_candidate,requires_manual_review,candidate_only,
LY-HOT-000331,IMG-844AB3082A456BFB,thumbnail_only,recorded_in_phase_1_inventory,recorded_in_phase_1_inventory,not_recomputed,not_recomputed,valid_linkage_record,master_candidate,requires_manual_review,candidate_only,
LY-HOT-000332,IMG-C1AE737C120905FA,thumbnail_only,recorded_in_phase_1_inventory,recorded_in_phase_1_inventory,not_recomputed,not_recomputed,valid_linkage_record,master_candidate,requires_manual_review,candidate_only,
LY-HOT-000333,IMG-D93EABF8C6526D6E,thumbnail_only,recorded_in_phase_1_inventory,recorded_in_phase_1_inventory,not_recomputed,not_recomputed,valid_linkage_record,master_candidate,requires_manual_review,candidate_only,
LY-HOT-000334,IMG-35322FD32CA106B6,thumbnail_only,recorded_in_phase_1_inventory,recorded_in_phase_1_inventory,not_recomputed,not_recomputed,valid_linkage_record,master_candidate,requires_manual_review,candidate_only,
LY-HOT-000335,IMG-C99CB2EDA0546E4A,thumbnail_only,recorded_in_phase_1_inventory,recorded_in_phase_1_inventory,not_recomputed,not_recomputed,valid_linkage_record,master_candidate,requires_manual_review,candidate_only,
LY-HOT-000336,IMG-9B0A5BE0E41F60DC,thumbnail_only,recorded_in_phase_1_inventory,recorded_in_phase_1_inventory,not_recomputed,not_recomputed,valid_linkage_record,master_candidate,requires_manual_review,candidate_only,
LY-HOT-000337,IMG-8965EEC8E5FF047F,thumbnail_only,recorded_in_phase_1_inventory,recorded_in_phase_1_inventory,not_recomputed,not_recomputed,valid_linkage_record,master_candidate,requires_manual_review,candidate_only,
LY-HOT-000338,IMG-500722E7A72A0CB8,thumbnail_only,recorded_in_phase_1_inventory,recorded_in_phase_1_inventory,not_recomputed,not_recomputed,valid_linkage_record,master_candidate,requires_manual_review,candidate_only,
LY-HOT-000339,IMG-85FF2A28B63234FE,thumbnail_only,recorded_in_phase_1_inventory,recorded_in_phase_1_inventory,not_recomputed,not_recomputed,valid_linkage_record,master_candidate,requires_manual_review,candidate_only,
LY-HOT-000340,IMG-BD20E72787241A92,thumbnail_only,recorded_in_phase_1_inventory,recorded_in_phase_1_inventory,not_recomputed,not_recomputed,valid_linkage_record,master_candidate,requires_manual_review,candidate_only,
LY-HOT-000342,IMG-4B76AA9E191EC586,thumbnail_only,recorded_in_phase_1_inventory,recorded_in_phase_1_inventory,not_recomputed,not_recomputed,valid_linkage_record,master_candidate,requires_manual_review,candidate_only,
LY-HOT-000343,IMG-B2F0F8C95D27D07E,thumbnail_only,recorded_in_phase_1_inventory,recorded_in_phase_1_inventory,not_recomputed,not_recomputed,valid_linkage_record,master_candidate,requires_manual_review,candidate_only,
LY-HOT-000344,IMG-A99658DB11939621,thumbnail_only,recorded_in_phase_1_inventory,recorded_in_phase_1_inventory,not_recomputed,not_recomputed,valid_linkage_record,master_candidate,requires_manual_review,candidate_only,
LY-HOT-000345,IMG-C1997F4EB6ECAB93,thumbnail_only,recorded_in_phase_1_inventory,recorded_in_phase_1_inventory,not_recomputed,not_recomputed,valid_linkage_record,master_candidate,requires_manual_review,candidate_only,
LY-HOT-000346,IMG-5875E6DDBB7440C2,thumbnail_only,recorded_in_phase_1_inventory,recorded_in_phase_1_inventory,not_recomputed,not_recomputed,valid_linkage_record,master_candidate,requires_manual_review,candidate_only,
LY-HOT-000349,IMG-65F952AC1826FCC9,thumbnail_only,recorded_in_phase_1_inventory,recorded_in_phase_1_inventory,not_recomputed,not_recomputed,valid_linkage_record,master_candidate,requires_manual_review,candidate_only,
LY-HOT-000352,IMG-2986C5A66BB26BE3,thumbnail_only,recorded_in_phase_1_inventory,recorded_in_phase_1_inventory,not_recomputed,not_recomputed,valid_linkage_record,master_candidate,requires_manual_review,candidate_only,
LY-HOT-000355,IMG-CCB429063BDA2EAE,thumbnail_only,recorded_in_phase_1_inventory,recorded_in_phase_1_inventory,not_recomputed,not_recomputed,valid_linkage_record,master_candidate,requires_manual_review,candidate_only,
LY-HOT-000356,IMG-17E2B625E5E1BCA6,thumbnail_only,recorded_in_phase_1_inventory,recorded_in_phase_1_inventory,not_recomputed,not_recomputed,valid_linkage_record,master_candidate,requires_manual_review,candidate_only,
LY-HOT-000357,IMG-819089A3F33FB55C,thumbnail_only,recorded_in_phase_1_inventory,recorded_in_phase_1_inventory,not_recomputed,not_recomputed,valid_linkage_record,master_candidate,requires_manual_review,candidate_only,
LY-HOT-000358,IMG-14245C39708E3BCD,thumbnail_only,recorded_in_phase_1_inventory,recorded_in_phase_1_inventory,not_recomputed,not_recomputed,valid_linkage_record,master_candidate,requires_manual_review,candidate_only,
LY-HOT-000360,IMG-BACA013556C590D9,thumbnail_only,recorded_in_phase_1_inventory,recorded_in_phase_1_inventory,not_recomputed,not_recomputed,valid_linkage_record,master_candidate,requires_manual_review,candidate_only,
LY-HOT-000361,IMG-9BF85753F3D4472A,thumbnail_only,recorded_in_phase_1_inventory,recorded_in_phase_1_inventory,not_recomputed,not_recomputed,valid_linkage_record,master_candidate,requires_manual_review,candidate_only,
LY-HOT-000363,IMG-0457C54827D282C9,thumbnail_only,recorded_in_phase_1_inventory,recorded_in_phase_1_inventory,not_recomputed,not_recomputed,valid_linkage_record,master_candidate,requires_manual_review,candidate_only,
LY-HOT-000364,IMG-BDD22CBAB3D84BB7,thumbnail_only,recorded_in_phase_1_inventory,recorded_in_phase_1_inventory,not_recomputed,not_recomputed,valid_linkage_record,master_candidate,requires_manual_review,candidate_only,
LY-HOT-000365,IMG-6DE54E582E1827F9,thumbnail_only,recorded_in_phase_1_inventory,recorded_in_phase_1_inventory,not_recomputed,not_recomputed,valid_linkage_record,master_candidate,requires_manual_review,candidate_only,
LY-HOT-000366,IMG-0AD416076AE4E41A,high,recorded_in_phase_1_inventory,recorded_in_phase_1_inventory,not_recomputed,not_recomputed,valid_linkage_record,master_candidate,requires_manual_review,candidate_only,
LY-HOT-000375,IMG-3689B35FCE5A7ED0,thumbnail_only,recorded_in_phase_1_inventory,recorded_in_phase_1_inventory,not_recomputed,not_recomputed,valid_linkage_record,master_candidate,requires_manual_review,candidate_only,
LY-HOT-000376,IMG-1BD693AB20394DC5,thumbnail_only,recorded_in_phase_1_inventory,recorded_in_phase_1_inventory,not_recomputed,not_recomputed,valid_linkage_record,master_candidate,requires_manual_review,candidate_only,
LY-HOT-000377,IMG-6569E1B0BB8E0782,thumbnail_only,recorded_in_phase_1_inventory,recorded_in_phase_1_inventory,not_recomputed,not_recomputed,valid_linkage_record,master_candidate,requires_manual_review,candidate_only,
LY-HOT-000378,IMG-ED83FCE5201AF85C,thumbnail_only,recorded_in_phase_1_inventory,recorded_in_phase_1_inventory,not_recomputed,not_recomputed,valid_linkage_record,master_candidate,requires_manual_review,candidate_only,
LY-HOT-000379,IMG-65EB7AC18CE64A22,thumbnail_only,recorded_in_phase_1_inventory,recorded_in_phase_1_inventory,not_recomputed,not_recomputed,valid_linkage_record,master_candidate,requires_manual_review,candidate_only,
LY-HOT-000380,IMG-E9E5D5D57BE0E74A,thumbnail_only,recorded_in_phase_1_inventory,recorded_in_phase_1_inventory,not_recomputed,not_recomputed,valid_linkage_record,master_candidate,requires_manual_review,candidate_only,
LY-HOT-000384,IMG-666F1656E7D3A85E,thumbnail_only,recorded_in_phase_1_inventory,recorded_in_phase_1_inventory,not_recomputed,not_recomputed,valid_linkage_record,master_candidate,requires_manual_review,candidate_only,
LY-HOT-000385,IMG-D7133115A485D29B,thumbnail_only,recorded_in_phase_1_inventory,recorded_in_phase_1_inventory,not_recomputed,not_recomputed,valid_linkage_record,master_candidate,requires_manual_review,candidate_only,
LY-HOT-000386,IMG-BB1EDEC4DA9BCC9F,thumbnail_only,recorded_in_phase_1_inventory,recorded_in_phase_1_inventory,not_recomputed,not_recomputed,valid_linkage_record,master_candidate,requires_manual_review,candidate_only,
LY-HOT-000388,IMG-A1754166EF9651FE,thumbnail_only,recorded_in_phase_1_inventory,recorded_in_phase_1_inventory,not_recomputed,not_recomputed,valid_linkage_record,master_candidate,requires_manual_review,candidate_only,
LY-HOT-000389,IMG-F19D53660A0C5316,thumbnail_only,recorded_in_phase_1_inventory,recorded_in_phase_1_inventory,not_recomputed,not_recomputed,valid_linkage_record,master_candidate,requires_manual_review,candidate_only,
LY-HOT-000390,IMG-DD01B3202625761C,thumbnail_only,recorded_in_phase_1_inventory,recorded_in_phase_1_inventory,not_recomputed,not_recomputed,valid_linkage_record,master_candidate,requires_manual_review,candidate_only,
LY-HOT-000392,IMG-9B12B9937D7300CA,thumbnail_only,recorded_in_phase_1_inventory,recorded_in_phase_1_inventory,not_recomputed,not_recomputed,valid_linkage_record,master_candidate,requires_manual_review,candidate_only,
LY-HOT-000393,IMG-FEB66814946A0C34,thumbnail_only,recorded_in_phase_1_inventory,recorded_in_phase_1_inventory,not_recomputed,not_recomputed,valid_linkage_record,master_candidate,requires_manual_review,candidate_only,
LY-HOT-000394,IMG-646D87B3751258C3,thumbnail_only,recorded_in_phase_1_inventory,recorded_in_phase_1_inventory,not_recomputed,not_recomputed,valid_linkage_record,master_candidate,requires_manual_review,candidate_only,
LY-HOT-000395,IMG-3F3998976A1F9DD4,thumbnail_only,recorded_in_phase_1_inventory,recorded_in_phase_1_inventory,not_recomputed,not_recomputed,valid_linkage_record,master_candidate,requires_manual_review,candidate_only,
LY-HOT-000396,IMG-4A9145DFE8B3BDD1,thumbnail_only,recorded_in_phase_1_inventory,recorded_in_phase_1_inventory,not_recomputed,not_recomputed,valid_linkage_record,master_candidate,requires_manual_review,candidate_only,
LY-HOT-000398,IMG-8463F4C0B4C523C4,thumbnail_only,recorded_in_phase_1_inventory,recorded_in_phase_1_inventory,not_recomputed,not_recomputed,valid_linkage_record,distinct_candidate,requires_manual_review,candidate_only,
LY-HOT-000399,IMG-A3238C4AC13F9C7F,thumbnail_only,recorded_in_phase_1_inventory,recorded_in_phase_1_inventory,not_recomputed,not_recomputed,valid_linkage_record,master_candidate,requires_manual_review,candidate_only,
LY-HOT-000400,IMG-9067216E5A3805E8,thumbnail_only,recorded_in_phase_1_inventory,recorded_in_phase_1_inventory,not_recomputed,not_recomputed,valid_linkage_record,master_candidate,requires_manual_review,candidate_only,
LY-HOT-000401,IMG-071FE7CDBF486A2C,thumbnail_only,recorded_in_phase_1_inventory,recorded_in_phase_1_inventory,not_recomputed,not_recomputed,valid_linkage_record,master_candidate,requires_manual_review,candidate_only,
LY-HOT-000402,IMG-62556205882AEEA0,thumbnail_only,recorded_in_phase_1_inventory,recorded_in_phase_1_inventory,not_recomputed,not_recomputed,valid_linkage_record,master_candidate,requires_manual_review,candidate_only,
LY-HOT-000404,IMG-1CE1F1A994793506,thumbnail_only,recorded_in_phase_1_inventory,recorded_in_phase_1_inventory,not_recomputed,not_recomputed,valid_linkage_record,master_candidate,requires_manual_review,candidate_only,
LY-HOT-000405,IMG-04F9E0CDB205B35F,thumbnail_only,recorded_in_phase_1_inventory,recorded_in_phase_1_inventory,not_recomputed,not_recomputed,valid_linkage_record,master_candidate,requires_manual_review,candidate_only,
LY-HOT-000406,IMG-62C4E7036D00D879,thumbnail_only,recorded_in_phase_1_inventory,recorded_in_phase_1_inventory,not_recomputed,not_recomputed,valid_linkage_record,master_candidate,requires_manual_review,candidate_only,
LY-HOT-000407,IMG-D9EDED0098CA6015,thumbnail_only,recorded_in_phase_1_inventory,recorded_in_phase_1_inventory,not_recomputed,not_recomputed,valid_linkage_record,master_candidate,requires_manual_review,candidate_only,
LY-HOT-000408,IMG-1841627598673B86,thumbnail_only,recorded_in_phase_1_inventory,recorded_in_phase_1_inventory,not_recomputed,not_recomputed,valid_linkage_record,master_candidate,requires_manual_review,candidate_only,
LY-HOT-000409,IMG-DE13875E15FF98C7,thumbnail_only,recorded_in_phase_1_inventory,recorded_in_phase_1_inventory,not_recomputed,not_recomputed,valid_linkage_record,master_candidate,requires_manual_review,candidate_only,
LY-HOT-000410,IMG-B72D016B90536F00,thumbnail_only,recorded_in_phase_1_inventory,recorded_in_phase_1_inventory,not_recomputed,not_recomputed,valid_linkage_record,master_candidate,requires_manual_review,candidate_only,
LY-HOT-000411,IMG-176798488A35C25B,thumbnail_only,recorded_in_phase_1_inventory,recorded_in_phase_1_inventory,not_recomputed,not_recomputed,valid_linkage_record,master_candidate,requires_manual_review,candidate_only,
LY-HOT-000412,IMG-8C23E869CDE883F2,thumbnail_only,recorded_in_phase_1_inventory,recorded_in_phase_1_inventory,not_recomputed,not_recomputed,valid_linkage_record,distinct_candidate,requires_manual_review,candidate_only,
LY-HOT-000413,IMG-FD41C8ED19ACA6CA,thumbnail_only,recorded_in_phase_1_inventory,recorded_in_phase_1_inventory,not_recomputed,not_recomputed,valid_linkage_record,master_candidate,requires_manual_review,candidate_only,
LY-HOT-000414,IMG-3859DF30E43751C6,thumbnail_only,recorded_in_phase_1_inventory,recorded_in_phase_1_inventory,not_recomputed,not_recomputed,valid_linkage_record,master_candidate,requires_manual_review,candidate_only,
LY-HOT-000415,IMG-7053C4C6903C739C,thumbnail_only,recorded_in_phase_1_inventory,recorded_in_phase_1_inventory,not_recomputed,not_recomputed,valid_linkage_record,master_candidate,requires_manual_review,candidate_only,
LY-HOT-000416,IMG-7A112E81106A3622,thumbnail_only,recorded_in_phase_1_inventory,recorded_in_phase_1_inventory,not_recomputed,not_recomputed,valid_linkage_record,master_candidate,requires_manual_review,candidate_only,
LY-HOT-000417,IMG-71F0147F76EA876C,thumbnail_only,recorded_in_phase_1_inventory,recorded_in_phase_1_inventory,not_recomputed,not_recomputed,valid_linkage_record,master_candidate,requires_manual_review,candidate_only,
LY-HOT-000418,IMG-0369D2CCBFEBB36D,thumbnail_only,recorded_in_phase_1_inventory,recorded_in_phase_1_inventory,not_recomputed,not_recomputed,valid_linkage_record,master_candidate,requires_manual_review,candidate_only,
LY-HOT-000419,IMG-DC8036C639747547,thumbnail_only,recorded_in_phase_1_inventory,recorded_in_phase_1_inventory,not_recomputed,not_recomputed,valid_linkage_record,master_candidate,requires_manual_review,candidate_only,
LY-HOT-000421,IMG-D5C7DDCCE12EA1FE,thumbnail_only,recorded_in_phase_1_inventory,recorded_in_phase_1_inventory,not_recomputed,not_recomputed,valid_linkage_record,master_candidate,requires_manual_review,candidate_only,
LY-HOT-000423,IMG-CEB56CEBA46AE29E,thumbnail_only,recorded_in_phase_1_inventory,recorded_in_phase_1_inventory,not_recomputed,not_recomputed,valid_linkage_record,master_candidate,requires_manual_review,candidate_only,
LY-HOT-000424,IMG-46821D9B585FFE64,thumbnail_only,recorded_in_phase_1_inventory,recorded_in_phase_1_inventory,not_recomputed,not_recomputed,valid_linkage_record,master_candidate,requires_manual_review,candidate_only,
LY-HOT-000425,IMG-622D25A255534D5F,high,recorded_in_phase_1_inventory,recorded_in_phase_1_inventory,not_recomputed,not_recomputed,valid_linkage_record,master_candidate,requires_manual_review,candidate_only,
LY-HOT-000432,IMG-1B3C9820F53BEE88,low,recorded_in_phase_1_inventory,recorded_in_phase_1_inventory,not_recomputed,not_recomputed,valid_linkage_record,master_candidate,requires_manual_review,candidate_only,
LY-HOT-000434,IMG-9D2B03FE06D8CF71,acceptable,recorded_in_phase_1_inventory,recorded_in_phase_1_inventory,not_recomputed,not_recomputed,valid_linkage_record,master_candidate,requires_manual_review,candidate_only,
LY-HOT-000444,IMG-4CAA6944989EC466,high,recorded_in_phase_1_inventory,recorded_in_phase_1_inventory,not_recomputed,not_recomputed,valid_linkage_record,master_candidate,requires_manual_review,candidate_only,
LY-HOT-000445,IMG-C2390CB8BDA7A88F,acceptable,recorded_in_phase_1_inventory,recorded_in_phase_1_inventory,not_recomputed,not_recomputed,valid_linkage_record,master_candidate,requires_manual_review,candidate_only,
LY-HOT-000446,IMG-5F0B87CC56980023,high,recorded_in_phase_1_inventory,recorded_in_phase_1_inventory,not_recomputed,not_recomputed,valid_linkage_record,master_candidate,requires_manual_review,candidate_only,
LY-HOT-000484,IMG-5907F4EB5DA0B991,thumbnail_only,recorded_in_phase_1_inventory,recorded_in_phase_1_inventory,not_recomputed,not_recomputed,valid_linkage_record,master_candidate,requires_manual_review,candidate_only,
LY-HOT-000496,IMG-D2C42BD4A4895D81,thumbnail_only,recorded_in_phase_1_inventory,recorded_in_phase_1_inventory,not_recomputed,not_recomputed,valid_linkage_record,master_candidate,requires_manual_review,candidate_only,
LY-HOT-000569,IMG-C73E517BCA650C42,thumbnail_only,recorded_in_phase_1_inventory,recorded_in_phase_1_inventory,not_recomputed,not_recomputed,valid_linkage_record,master_candidate,requires_manual_review,candidate_only,
