feature_id,name_ar,facility_type,city_ar,municipality_ar,classification,stars,candidate_count,possible_remote_reference,priority_for_future_collection,recommended_collection_method,notes
LY-HOT-000013,فندق الهديل,hostel,"شارع القهاوي خلف مصرف الجمهورية , Al Bayda', Libya","شارع القهاوي خلف مصرف الجمهورية , Al Bayda', Libya",نزل,3,0,false,B,institutional or facility-provided image request,
LY-HOT-000014,فندق بن يدر,hotel,غدامس,غدامس,فندق,3,0,false,B,institutional or facility-provided image request,
LY-HOT-000015,فندق نجوم غدامس,hotel,غدامس,غدامس,فندق,3,0,false,B,institutional or facility-provided image request,
LY-HOT-000016,فندق باب الفتح,hostel,ليبيا غدامس,ليبيا غدامس,نزل,3,0,false,B,institutional or facility-provided image request,
LY-HOT-000017,فندق فكتوريا,hotel,شارع الظهرة الكبيرة,شارع الظهرة الكبيرة,فندق,,0,false,B,institutional or facility-provided image request,
LY-HOT-000030,فندق طيبة,hostel,سبها حي عبدالكافي.. جزيرة التقويم والقياس,سبها حي عبدالكافي.. جزيرة التقويم والقياس,نزل,3,0,false,B,institutional or facility-provided image request,
LY-HOT-000033,فندق ابونواس,hotel,لا يوجد معلومات عن مرفق,لا يوجد معلومات عن مرفق,فندق,,0,false,B,institutional or facility-provided image request,
LY-HOT-000043,(فندق الطُبجية )فندق التاجوري,hotel,المدينة القديمة طرابلس,المدينة القديمة طرابلس,فندق,,0,false,B,institutional or facility-provided image request,
LY-HOT-000044,فندق الجبل,hotel,مصراتة,مصراتة,فندق,,0,false,B,institutional or facility-provided image request,
LY-HOT-000047,يعرف باسم (فندق الوادي ) فندق الحديقة,hotel,شارع الوادي، بالقرب من وسط البلاد وجزيرة الجرات، طرابلس، ليبيا,شارع الوادي، بالقرب من وسط البلاد وجزيرة الجرات، طرابلس، ليبيا,فندق,3,0,false,B,institutional or facility-provided image request,
LY-HOT-000048,فندق الحمام السياحي,hotel,لا يعمل حالياً كفندق أو شقق إقامة متاحة للمواطنين,لا يعمل حالياً كفندق أو شقق إقامة متاحة للمواطنين,فندق,,0,false,B,institutional or facility-provided image request,
LY-HOT-000052,فندق الدوحة,hotel,يقع الفندق في وسط المدينة، تحديداً في شارع عمر المختار مقابل شارع العملة,يقع الفندق في وسط المدينة، تحديداً في شارع عمر المختار مقابل شارع العملة,فندق,3,0,false,B,institutional or facility-provided image request,
LY-HOT-000063,فندق الشرق,hotel,,,فندق,,0,false,B,institutional or facility-provided image request,
LY-HOT-000069,فندق الغدامسية,hotel,,,فندق,,0,false,B,institutional or facility-provided image request,
LY-HOT-000070,فندق القرقني,hotel,,,فندق,,0,false,B,institutional or facility-provided image request,
LY-HOT-000073,فندق الكرومة,hotel,,,فندق,,0,false,B,institutional or facility-provided image request,
LY-HOT-000076,فندق المدينة,hotel,,,فندق,,0,false,B,institutional or facility-provided image request,
LY-HOT-000082,فندق الهنشيري,hotel,,,فندق,,0,false,B,institutional or facility-provided image request,
LY-HOT-000083,فندق الهيشة,hotel,,,فندق,,0,false,B,institutional or facility-provided image request,
LY-HOT-000087,فندق أفريقيا,hotel,,,فندق,,0,false,B,institutional or facility-provided image request,
LY-HOT-000089,فندق بودلغوسة,hotel,يقع الفندق في محلة المدينة القديمة، تحديداً عند طريق الحِلقة (أو زنقة جامع الدروج,يقع الفندق في محلة المدينة القديمة، تحديداً عند طريق الحِلقة (أو زنقة جامع الدروج,فندق,,0,false,B,institutional or facility-provided image request,
LY-HOT-000092,فندق تابكت,hotel,,,فندق,,0,false,B,institutional or facility-provided image request,
LY-HOT-000101,فندق سرايا الليبو,hotel,,,فندق,,0,false,B,institutional or facility-provided image request,
LY-HOT-000104,فندق شروق افريقيا,hotel,,,فندق,,0,false,B,institutional or facility-provided image request,
LY-HOT-000111,فندق غابة الكشافة,hotel,,,فندق,,0,false,B,institutional or facility-provided image request,
LY-HOT-000117,فندق كونتنتال,hotel,,,فندق,,0,false,B,institutional or facility-provided image request,
LY-HOT-000122,فندق واستراحة جادو,hotel,,,فندق,,0,false,B,institutional or facility-provided image request,
LY-HOT-000124,فندق ومطعم النزهة,hotel,,,فندق,,0,false,B,institutional or facility-provided image request,
LY-HOT-000126,طرابلس للشقق الفندقية,hotel,,,فندق,,0,false,B,institutional or facility-provided image request,
LY-HOT-000127,نزل طرابلس الحديث,hostel,,,نزل,,0,false,B,institutional or facility-provided image request,
LY-HOT-000129,فندق الأنيس,hotel,,,فندق,,0,false,B,institutional or facility-provided image request,
LY-HOT-000133,فندق الجبل الأخضر,hotel,,,فندق,,0,false,B,institutional or facility-provided image request,
LY-HOT-000140,فندق الزيتونة,hotel,,,فندق,,0,false,B,institutional or facility-provided image request,
LY-HOT-000142,فندق السلام,hotel,,,فندق,,0,false,B,institutional or facility-provided image request,
LY-HOT-000144,فندق اجدابيا,hotel,,,فندق,,0,false,B,institutional or facility-provided image request,
LY-HOT-000146,فندق الصحراوي,hotel,,,فندق,,0,false,B,institutional or facility-provided image request,
LY-HOT-000149,فندق الفردوس,hotel,يقع في منطقة المغار، وسط البلاد، درنة، ليبيا,يقع في منطقة المغار، وسط البلاد، درنة، ليبيا,فندق,,0,false,B,institutional or facility-provided image request,
LY-HOT-000153,فندق القرضابية,hotel,,,فندق,,0,false,B,institutional or facility-provided image request,
LY-HOT-000159,فندق المدينة,hotel,,,فندق,,0,false,B,institutional or facility-provided image request,
LY-HOT-000162,فندق المدينة,hotel,اجدابيا ليبيا,اجدابيا ليبيا,فندق,,0,false,B,institutional or facility-provided image request,
LY-HOT-000167,فندق المنار,hotel,,,فندق,,0,false,B,institutional or facility-provided image request,
LY-HOT-000168,فندق النادي الليبي,hotel,,,فندق,,0,false,B,institutional or facility-provided image request,
LY-HOT-000170,فندق النخيل - مغلق,hotel,,,فندق,,0,false,B,institutional or facility-provided image request,
LY-HOT-000172,فندق الهاروج,hotel,,,فندق,,0,false,B,institutional or facility-provided image request,
LY-HOT-000176,فندق الوادي,hotel,,,فندق,,0,false,B,institutional or facility-provided image request,
LY-HOT-000178,فندق الياقوتة,hotel,,,فندق,,0,false,B,institutional or facility-provided image request,
LY-HOT-000179,فندق الياقوتة,hotel,,,فندق,,0,false,B,institutional or facility-provided image request,
LY-HOT-000180,فندق اليقين,hostel,شارع المسيرة الكبرى,شارع المسيرة الكبرى,نزل,,0,false,B,institutional or facility-provided image request,
LY-HOT-000182,فندق اوزو,hotel,,,فندق,,0,false,B,institutional or facility-provided image request,
LY-HOT-000183,فندق ايلاف,hotel,,,فندق,,0,false,B,institutional or facility-provided image request,
LY-HOT-000184,فندق أبراج المدينة,hotel,,,فندق,,0,false,B,institutional or facility-provided image request,
LY-HOT-000185,فندق أجنحة قرطاج,hotel,,,فندق,,0,false,B,institutional or facility-provided image request,
LY-HOT-000186,فندق أفريقيا,hotel,,,فندق,,0,false,B,institutional or facility-provided image request,
LY-HOT-000188,فندق أكاكوس,hotel,,,فندق,,0,false,B,institutional or facility-provided image request,
LY-HOT-000189,فندق أكاكوس,hotel,,,فندق,,0,false,B,institutional or facility-provided image request,
LY-HOT-000191,فندق أوجلة السياحي,hotel,,,فندق,,0,false,B,institutional or facility-provided image request,
LY-HOT-000192,فندق أويا,hotel,,,فندق,,0,false,B,institutional or facility-provided image request,
LY-HOT-000194,فندق براك,hotel,,,فندق,,0,false,B,institutional or facility-provided image request,
LY-HOT-000195,فندق برينيتشي,hotel,,,فندق,,0,false,B,institutional or facility-provided image request,
LY-HOT-000198,فندق بنغازي,hotel,,,فندق,,0,false,B,institutional or facility-provided image request,
LY-HOT-000202,فندق تيبستي,hotel,,,فندق,,0,false,B,institutional or facility-provided image request,
LY-HOT-000203,فندق جاكرتا,hotel,,,فندق,,0,false,B,institutional or facility-provided image request,
LY-HOT-000204,فندق جالو السياحي,hotel,,,فندق,,0,false,B,institutional or facility-provided image request,
LY-HOT-000205,فندق جرمة السياحي,hotel,,,فندق,,0,false,B,institutional or facility-provided image request,
LY-HOT-000206,فندق جليانة,hotel,,,فندق,,0,false,B,institutional or facility-provided image request,
LY-HOT-000207,فندق دار جرمة,hotel,,,فندق,,0,false,B,institutional or facility-provided image request,
LY-HOT-000208,فندق دوجال السياحي,hotel,,,فندق,,0,false,B,institutional or facility-provided image request,
LY-HOT-000210,فندق رواسي,hotel,,,فندق,,0,false,B,institutional or facility-provided image request,
LY-HOT-000211,فندق رويال,hotel,,,فندق,,0,false,B,institutional or facility-provided image request,
LY-HOT-000212,فندق ريباس,hotel,,,فندق,,0,false,B,institutional or facility-provided image request,
LY-HOT-000216,فندق زهرة البطنان,hotel,,,فندق,,0,false,B,institutional or facility-provided image request,
LY-HOT-000218,فندق زين,hotel,,,فندق,,0,false,B,institutional or facility-provided image request,
LY-HOT-000226,فندق عمر الخيام,hotel,,,فندق,,0,false,B,institutional or facility-provided image request,
LY-HOT-000229,فندق فيلا النوران,hotel,,,فندق,,0,false,B,institutional or facility-provided image request,
LY-HOT-000230,فندق قاطش,hotel,,,فندق,,0,false,B,institutional or facility-provided image request,
LY-HOT-000232,فندق قصر البيضاء,hotel,,,فندق,,0,false,B,institutional or facility-provided image request,
LY-HOT-000234,فندق قصر الفضيل,hotel,,,فندق,,0,false,B,institutional or facility-provided image request,
LY-HOT-000236,فندق قصر النيل,hotel,,,فندق,,0,false,B,institutional or facility-provided image request,
LY-HOT-000237,فندق قصر الواحة,hotel,,,فندق,,0,false,B,institutional or facility-provided image request,
LY-HOT-000238,فندق قصور الضيافة,hotel,,,فندق,,0,false,B,institutional or facility-provided image request,
LY-HOT-000239,فندق قصي للشقق المفروشة,hotel,,,فندق,,0,false,B,institutional or facility-provided image request,
LY-HOT-000241,فندق قورينا,hotel,,,فندق,,0,false,B,institutional or facility-provided image request,
LY-HOT-000243,فندق لؤلؤة درنة,hotel,,,فندق,,0,false,B,institutional or facility-provided image request,
LY-HOT-000246,فندق ميزران,hotel,,,فندق,,0,false,B,institutional or facility-provided image request,
LY-HOT-000247,فندق هارون,hotel,,,فندق,,0,false,B,institutional or facility-provided image request,
LY-HOT-000251,الفندق السياحي,hotel,,,فندق,,0,false,B,institutional or facility-provided image request,
LY-HOT-000252,الفندق القديم,hotel,,,فندق,,0,false,B,institutional or facility-provided image request,
LY-HOT-000253,الفندق الكبير,hotel,,,فندق,,0,false,B,institutional or facility-provided image request,
LY-HOT-000254,القرية السياحية قاريونس,tourist_village,,,قرية سياحية,,0,false,A,institutional or facility-provided image request,
LY-HOT-000256,نزل المدينة,hostel,,,نزل,,0,false,B,institutional or facility-provided image request,
LY-HOT-000257,نزل أمباي,hostel,,,نزل,,0,false,B,institutional or facility-provided image request,
LY-HOT-000258,نزل بيروت,hostel,شارع الرفاعي، شارع عمر المختار طرابلس المركز,شارع الرفاعي، شارع عمر المختار طرابلس المركز,نزل,3,0,false,B,institutional or facility-provided image request,
LY-HOT-000260,نزل مرحبا,hostel,,,نزل,,0,false,B,institutional or facility-provided image request,
LY-HOT-000261,الماسة للشقق الفندقية,hotel,,,فندق,,0,false,B,institutional or facility-provided image request,
LY-HOT-000262,فندق فزان,hotel,,,فندق,,0,false,B,institutional or facility-provided image request,
LY-HOT-000263,فندق المختار,hostel,يقع الفندق في شارع الكندي المتفرع قرب شارع الرشيد وشارع عمر المختار، طرابلس، ليبيا,يقع الفندق في شارع الكندي المتفرع قرب شارع الرشيد وشارع عمر المختار، طرابلس، ليبيا,نزل,,0,false,B,institutional or facility-provided image request,
LY-HOT-000264,فندق قصر كاباو,hotel,طريق قصر كاباو، كاباو,طريق قصر كاباو، كاباو,فندق,,0,false,B,institutional or facility-provided image request,
LY-HOT-000265,فندق الأفريقي,hotel,,,فندق,,0,false,B,institutional or facility-provided image request,
LY-HOT-000266,فندق قرطاج السياحى1,hotel,,,فندق,,0,false,B,institutional or facility-provided image request,
LY-HOT-000267,فندق السارة,hotel,,,فندق,,0,false,B,institutional or facility-provided image request,
LY-HOT-000269,فندق أوال,hotel,,,فندق,,0,false,B,institutional or facility-provided image request,
LY-HOT-000270,فندق المتوسط,hotel,,,فندق,,0,false,B,institutional or facility-provided image request,
LY-HOT-000271,فندق قرطاج السياحى2,hotel,,,فندق,,0,false,B,institutional or facility-provided image request,
LY-HOT-000272,فندق التوفيق 2,hotel,,,فندق,,0,false,B,institutional or facility-provided image request,
LY-HOT-000274,نزل كيلو بتراء,hostel,,,نزل,,0,false,B,institutional or facility-provided image request,
LY-HOT-000280,فندق بوابة أفريقيا,hotel,,,فندق,,0,false,B,institutional or facility-provided image request,
LY-HOT-000285,فندق النورس,hotel,,,فندق,,0,false,B,institutional or facility-provided image request,
LY-HOT-000286,فندق التوفيق 1,hotel,,,فندق,,0,false,B,institutional or facility-provided image request,
LY-HOT-000287,فندق اليسر,hotel,,,فندق,,0,false,B,institutional or facility-provided image request,
LY-HOT-000288,فندق الخيام العربية,hotel,,,فندق,,0,false,B,institutional or facility-provided image request,
LY-HOT-000289,فندق الرشيد,hotel,,,فندق,,0,false,B,institutional or facility-provided image request,
LY-HOT-000290,فندق أسامة,hotel,,,فندق,,0,false,B,institutional or facility-provided image request,
LY-HOT-000291,فندق الزيتونة,hotel,,,فندق,,0,false,B,institutional or facility-provided image request,
LY-HOT-000292,فندق ريباس,hotel,,,فندق,,0,false,B,institutional or facility-provided image request,
LY-HOT-000293,فندق طليطلة,hotel,,,فندق,,0,false,B,institutional or facility-provided image request,
LY-HOT-000294,فندق صبراتة,hotel,السويحلي طرابلس,السويحلي طرابلس,فندق,,0,false,B,institutional or facility-provided image request,
LY-HOT-000296,فندق الكندي,hotel,اربعة شوارع الكندي طرابلس ليبيا,اربعة شوارع الكندي طرابلس ليبيا,فندق,3,0,false,B,institutional or facility-provided image request,
LY-HOT-000298,فندق البشير,hotel,شارع الكندي، طرابلس، ليبيا,شارع الكندي، طرابلس، ليبيا,فندق,3,0,false,B,institutional or facility-provided image request,
LY-HOT-000299,فندق الهاني,hostel,يقع الفندق في شارع أنطونيو ستوباني ما يعرف محليا ب بورقيبة,يقع الفندق في شارع أنطونيو ستوباني ما يعرف محليا ب بورقيبة,نزل,3,0,false,B,institutional or facility-provided image request,
LY-HOT-000300,فندق القنصل فندق القنصل,hotel,شارع الكندي طرابلس ليبيا,شارع الكندي طرابلس ليبيا,فندق,,0,false,B,institutional or facility-provided image request,
LY-HOT-000301,فندق الجبل الاخضر,hotel,يقع الفندق في وسط المدينة الحيوي، وتحديداً في شارع المأمون,يقع الفندق في وسط المدينة الحيوي، وتحديداً في شارع المأمون,فندق,3,0,false,B,institutional or facility-provided image request,
LY-HOT-000302,الفتح,review_required,مغلق مؤقتا,مغلق مؤقتا,تحتاج مراجعة,,0,false,B,institutional or facility-provided image request,
LY-HOT-000303,فندق قصر ليبيا,hotel,,,فندق,,0,false,B,institutional or facility-provided image request,
LY-HOT-000304,Hotel Haroun 2,hotel,,,فندق,,0,false,B,institutional or facility-provided image request,
LY-HOT-000306,فندق كيان طرابلس,hotel,,,فندق,,0,false,B,institutional or facility-provided image request,
LY-HOT-000308,فندق نيو ستي New City hotel,hotel,,,فندق,,0,false,B,institutional or facility-provided image request,
LY-HOT-000309,فندق الدالي,hotel,,,فندق,,0,false,B,institutional or facility-provided image request,
LY-HOT-000310,زهرة الشمس,review_required,,,تحتاج مراجعة,,0,false,B,institutional or facility-provided image request,
LY-HOT-000311,فندق ضيافة طرابلس,hotel,,,فندق,,0,false,B,institutional or facility-provided image request,
LY-HOT-000312,فندق الفتح شارع الرشيد,hotel,,,فندق,,0,false,B,institutional or facility-provided image request,
LY-HOT-000313,فندق بلخير,hotel,,,فندق,,0,false,B,institutional or facility-provided image request,
LY-HOT-000315,فندق الوحدة العربية,hotel,يقع الفندق عند الإشارة الضوئية بشارع جمال عبد الناصر في طرابلس,يقع الفندق عند الإشارة الضوئية بشارع جمال عبد الناصر في طرابلس,فندق,,0,false,B,institutional or facility-provided image request,
LY-HOT-000316,فندق الكنوز الذهبية,hostel,شارع عمر المختار سيمافرو جمال عبد الناصر السويحلي,شارع عمر المختار سيمافرو جمال عبد الناصر السويحلي,نزل,3,0,false,B,institutional or facility-provided image request,
LY-HOT-000317,فندق الشراع,hotel,لا يوجد معلومات متوافرة,لا يوجد معلومات متوافرة,فندق,,0,false,B,institutional or facility-provided image request,
LY-HOT-000325,النجمة الذهبية لشقق الفندقية,hotel,,,فندق,,0,false,B,institutional or facility-provided image request,
LY-HOT-000326,الفخامه للشقق المفروشه,review_required,091-0343800,091-0343800,تحتاج مراجعة,,0,false,B,institutional or facility-provided image request,
LY-HOT-000327,اوس لشقق المفروشه,review_required,,,تحتاج مراجعة,,0,false,B,institutional or facility-provided image request,
LY-HOT-000328,فندق الساحل,apartment_hotel,صبراتة,صبراتة,شقق فندقية,,0,false,B,institutional or facility-provided image request,
LY-HOT-000329,الجوهرة للشقق الفندقية,apartment_hotel,اجدابيا ليبيا طريق اوجلة,اجدابيا ليبيا طريق اوجلة,شقق فندقية,,0,false,B,institutional or facility-provided image request,
LY-HOT-000330,فندق اجدابيا السياحي,hotel,,,فندق,,0,false,B,institutional or facility-provided image request,
LY-HOT-000341,فندق سمر قند,hotel,غريان، بالقرب من محطة الركوبة العامة,غريان، بالقرب من محطة الركوبة العامة,فندق,,0,false,B,institutional or facility-provided image request,
LY-HOT-000347,فندق قصر البيضاء,hotel,تم ازالته,تم ازالته,فندق,,0,false,B,institutional or facility-provided image request,
LY-HOT-000348,فندق القاهرة البيضاء,hotel,مغلق حاليا,مغلق حاليا,فندق,,0,false,B,institutional or facility-provided image request,
LY-HOT-000350,مكة للشقق الفندقية البيضاء,apartment_hotel,,,شقق فندقية,,0,false,B,institutional or facility-provided image request,
LY-HOT-000351,برج المدينة للشقق الفندقية البيضاء,hotel,يقع البرج في شارع البكوش بمدينة البيضاء، ويتميز بموقع استراتيجي وحيوي,يقع البرج في شارع البكوش بمدينة البيضاء، ويتميز بموقع استراتيجي وحيوي,فندق,,0,false,B,institutional or facility-provided image request,
LY-HOT-000353,فندق برقة السياحي,hotel,,,فندق,,0,false,B,institutional or facility-provided image request,
LY-HOT-000354,فندق افريقيا البيضاء,hostel,يقع الفندق في مدينة البيضاء، ويتميز بموقع هادئ وسهل الوصول إليه,يقع الفندق في مدينة البيضاء، ويتميز بموقع هادئ وسهل الوصول إليه,نزل,3,0,false,B,institutional or facility-provided image request,
LY-HOT-000359,فندق قصر الضيافة للشقق الفندقية البيضاء,apartment_hotel,يقع الفندق في المدخل الغربي لمدينة البيضاء، وتحديداً عند مفترق رويفع الأنصاري على الطريق المؤدية إلى الطريق الدائري,يقع الفندق في المدخل الغربي لمدينة البيضاء، وتحديداً عند مفترق رويفع الأنصاري على الطريق المؤدية إلى الطريق الدائري,شقق فندقية,,0,false,B,institutional or facility-provided image request,
LY-HOT-000362,فندق الاندلس السياحي الخمس,hotel,يقع فندق الأندلس في مدينة الخمس بليبيا على الطريق الساحلي (طريق طرابلس),يقع فندق الأندلس في مدينة الخمس بليبيا على الطريق الساحلي (طريق طرابلس),فندق,,0,false,B,institutional or facility-provided image request,
LY-HOT-000367,فندق الليلك ALlilac hotel,hotel,,,فندق,,0,false,B,institutional or facility-provided image request,
LY-HOT-000368,فندق البحيرات السبعة السياحي,hotel,"بجوار مقهى الديوانية, بنغازي","بجوار مقهى الديوانية, بنغازي",فندق,,0,false,B,institutional or facility-provided image request,
LY-HOT-000369,فندق برنيتشي السياحي,hotel,,,فندق,,0,false,B,institutional or facility-provided image request,
LY-HOT-000370,Sabratha youth hostel _بيت شباب صبراتة,review_required,,,تحتاج مراجعة,,0,false,B,institutional or facility-provided image request,
LY-HOT-000371,Lancaster Al Salam Resort - منتجع لانكستر السلام,resort,,,منتجع سياحي,,0,false,B,institutional or facility-provided image request,
LY-HOT-000372,فندق الساحل,hotel,,,فندق,,0,false,B,institutional or facility-provided image request,
LY-HOT-000373,المعهد القومي العلاج الأورام صبراتة,review_required,,,تحتاج مراجعة,,0,false,B,institutional or facility-provided image request,
LY-HOT-000374,السيلفيوم للشقق المفروشة,review_required,,,تحتاج مراجعة,,0,false,B,institutional or facility-provided image request,
LY-HOT-000381,فندق الهانى,hotel,,,فندق,,0,false,B,institutional or facility-provided image request,
LY-HOT-000382,فندق اليسر,hotel,,,فندق,,0,false,B,institutional or facility-provided image request,
LY-HOT-000383,فندق جنان النوار,hotel,,,فندق,,0,false,B,institutional or facility-provided image request,
LY-HOT-000387,فندق صبراتة,hotel,,,فندق,,0,false,B,institutional or facility-provided image request,
LY-HOT-000391,فندق منتجع الطاووس,resort,,,منتجع سياحي,4,0,false,B,institutional or facility-provided image request,
LY-HOT-000397,تحت الصيانة الفندق الكبير,hotel,,,فندق,4,0,false,B,institutional or facility-provided image request,
LY-HOT-000403,إقامة إيفا للشق الفندقية,apartment_hotel,,,شقق فندقية,,0,false,B,institutional or facility-provided image request,
LY-HOT-000420,فندق الاندلس,hostel,,,نزل,,0,false,B,institutional or facility-provided image request,
LY-HOT-000422,فندق البشير,hotel,,,فندق,,0,false,B,institutional or facility-provided image request,
LY-HOT-000426,فندق الجبل الأخضر,hotel,,,فندق,3,0,false,B,institutional or facility-provided image request,
LY-HOT-000427,فندق الجرات,hotel,,,فندق,,0,false,B,institutional or facility-provided image request,
LY-HOT-000428,فندق الخان الطرابلسي,hotel,,,فندق,4,0,false,B,institutional or facility-provided image request,
LY-HOT-000429,فندق الخليج,hostel,,,نزل,3,0,false,B,institutional or facility-provided image request,
LY-HOT-000430,فندق الخيام العربية,hotel,,,فندق,,0,false,B,institutional or facility-provided image request,
LY-HOT-000431,فندق الدالي,hotel,,,فندق,1,0,false,B,institutional or facility-provided image request,
LY-HOT-000433,فندق الدوحة,hotel,,,فندق,,0,false,B,institutional or facility-provided image request,
LY-HOT-000435,فندق الديوان,hotel,,,فندق,3,0,false,B,institutional or facility-provided image request,
LY-HOT-000436,فندق الديوان,hotel,,,فندق,,0,false,B,institutional or facility-provided image request,
LY-HOT-000439,فندق الرحاب,hotel,,,فندق,,0,false,B,institutional or facility-provided image request,
LY-HOT-000440,فندق الرحاب 1,hotel,,,فندق,,0,false,B,institutional or facility-provided image request,
LY-HOT-000441,فندق الرحاب 2,hotel,,,فندق,,0,false,B,institutional or facility-provided image request,
LY-HOT-000442,فندق الرفيع,hotel,,,فندق,,0,false,B,institutional or facility-provided image request,
LY-HOT-000443,فندق الرواد,hotel,,,فندق,,0,false,B,institutional or facility-provided image request,
LY-HOT-000447,فندق السرايا السياحي,hotel,,,فندق,,0,false,B,institutional or facility-provided image request,
LY-HOT-000448,فندق السفير,hotel,,,فندق,,0,false,B,institutional or facility-provided image request,
LY-HOT-000449,فندق السفينة الزرقاء,hotel,,,فندق,,0,false,B,institutional or facility-provided image request,
LY-HOT-000450,فندق السلاسل الذهبية,hotel,,,فندق,,0,false,B,institutional or facility-provided image request,
LY-HOT-000451,فندق السلطان,hotel,,,فندق,,0,false,B,institutional or facility-provided image request,
LY-HOT-000452,فندق السلطان داون تاون,hotel,,,فندق,,0,false,B,institutional or facility-provided image request,
LY-HOT-000453,فندق السندباد,hotel,,,فندق,,0,false,B,institutional or facility-provided image request,
LY-HOT-000454,فندق الشاطئ الذهبي,hotel,,,فندق,3,0,false,B,institutional or facility-provided image request,
LY-HOT-000455,فندق الشجرة,hotel,,,فندق,4,0,false,B,institutional or facility-provided image request,
LY-HOT-000456,فندق الشمس,hotel,,,فندق,,0,false,B,institutional or facility-provided image request,
LY-HOT-000457,فندق الصافي,hotel,,,فندق,3,0,false,B,institutional or facility-provided image request,
LY-HOT-000458,فندق الصفوة للشقق الفندقية,apartment_hotel,,,شقق فندقية,3,0,false,B,institutional or facility-provided image request,
LY-HOT-000459,فندق الصولجان,hotel,,,فندق,,0,false,B,institutional or facility-provided image request,
LY-HOT-000460,فندق الضيافة,hotel,,,فندق,,0,false,B,institutional or facility-provided image request,
LY-HOT-000461,فندق الطريق,hotel,,,فندق,,0,false,B,institutional or facility-provided image request,
LY-HOT-000462,فندق العاصمة,hotel,,,فندق,,0,false,B,institutional or facility-provided image request,
LY-HOT-000463,فندق الفتح,hotel,,,فندق,,0,false,B,institutional or facility-provided image request,
LY-HOT-000464,فندق الفردوس,hotel,,,فندق,1,0,false,B,institutional or facility-provided image request,
LY-HOT-000465,فندق الفصول الأربعة ( 1 ),hotel,,,فندق,3,0,false,B,institutional or facility-provided image request,
LY-HOT-000466,فندق الفصول الأربعة ( 2 ),hotel,,,فندق,,0,false,B,institutional or facility-provided image request,
LY-HOT-000467,فندق الفصول الأربعة ( 3 ),hotel,,,فندق,,0,false,B,institutional or facility-provided image request,
LY-HOT-000468,فندق القلعة السياحي للشقق المفروشة,apartment_hotel,,,شقق فندقية,,0,false,B,institutional or facility-provided image request,
LY-HOT-000469,فندق القنصل,hotel,,,فندق,3,0,false,B,institutional or facility-provided image request,
LY-HOT-000470,فندق القوس,hotel,,,فندق,,0,false,B,institutional or facility-provided image request,
LY-HOT-000471,فندق الكندي,hotel,,,فندق,3,0,false,B,institutional or facility-provided image request,
LY-HOT-000472,فندق الكنوز الدهبية,hotel,,,فندق,,0,false,B,institutional or facility-provided image request,
LY-HOT-000473,فندق اللؤلؤة,apartment_hotel,,,شقق فندقية,,0,false,B,institutional or facility-provided image request,
LY-HOT-000474,فندق الليلك,hotel,,,فندق,,0,false,B,institutional or facility-provided image request,
LY-HOT-000475,فندق المأمون,hotel,,,فندق,3,0,false,B,institutional or facility-provided image request,
LY-HOT-000476,فندق المبروك,hotel,,,فندق,,0,false,B,institutional or facility-provided image request,
LY-HOT-000477,فندق المتوسط,hotel,,,فندق,,0,false,B,institutional or facility-provided image request,
LY-HOT-000478,فندق المتوسط,hotel,,,فندق,,0,false,B,institutional or facility-provided image request,
LY-HOT-000481,فندق المختار,hotel,,,فندق,,0,false,B,institutional or facility-provided image request,
LY-HOT-000482,فندق المشكاة,hotel,,,فندق,,0,false,B,institutional or facility-provided image request,
LY-HOT-000483,فندق المنامة,hotel,,,فندق,,0,false,B,institutional or facility-provided image request,
LY-HOT-000485,فندق النخلة السياحي,hotel,,,فندق,,0,false,B,institutional or facility-provided image request,
LY-HOT-000486,فندق النهر,hotel,,,فندق,,0,false,B,institutional or facility-provided image request,
LY-HOT-000487,فندق النورس,hotel,,,فندق,,0,false,B,institutional or facility-provided image request,
LY-HOT-000488,فندق الهاني,hotel,,,فندق,,0,false,B,institutional or facility-provided image request,
LY-HOT-000489,فندق الهناء,hotel,,,فندق,,0,false,B,institutional or facility-provided image request,
LY-HOT-000490,فندق الواحات,hotel,,,فندق,3,0,false,B,institutional or facility-provided image request,
LY-HOT-000491,فندق الوادي,hotel,,,فندق,,0,false,B,institutional or facility-provided image request,
LY-HOT-000492,فندق الودان,hotel,,,فندق,,0,false,B,institutional or facility-provided image request,
LY-HOT-000493,فندق الياسمينة,hotel,,,فندق,,0,false,B,institutional or facility-provided image request,
LY-HOT-000494,فندق الياقوتة,hotel,,,فندق,,0,false,B,institutional or facility-provided image request,
LY-HOT-000495,فندق اليقين,hotel,,,فندق,,0,false,B,institutional or facility-provided image request,
LY-HOT-000497,فندق أجنحة الوليد,hotel,,,فندق,,0,false,B,institutional or facility-provided image request,
LY-HOT-000498,فندق أسامة,hotel,,,فندق,,0,false,B,institutional or facility-provided image request,
LY-HOT-000499,فندق أسامة,hotel,,,فندق,,0,false,B,institutional or facility-provided image request,
LY-HOT-000500,فندق أسامة,hotel,,,فندق,,0,false,B,institutional or facility-provided image request,
LY-HOT-000501,فندق أسامة,hotel,,,فندق,,0,false,B,institutional or facility-provided image request,
LY-HOT-000502,فندق باب البحر,hotel,,,فندق,4,0,false,B,institutional or facility-provided image request,
LY-HOT-000503,فندق باب طرابلس,hotel,,,فندق,5,0,false,B,institutional or facility-provided image request,
LY-HOT-000504,فندق برج المدينة,hotel,,,فندق,,0,false,B,institutional or facility-provided image request,
LY-HOT-000505,فندق برج كورنثيا باب أفريقيا,hotel,,,فندق,5,0,false,B,institutional or facility-provided image request,
LY-HOT-000506,فندق بلازما,hotel,,,فندق,,0,false,B,institutional or facility-provided image request,
LY-HOT-000507,فندق بلخير,hotel,,,فندق,3,0,false,B,institutional or facility-provided image request,
LY-HOT-000508,فندق بلخير السياحي,hotel,,,فندق,,0,false,B,institutional or facility-provided image request,
LY-HOT-000509,فندق بيت الامان,hotel,,,فندق,,0,false,B,institutional or facility-provided image request,
LY-HOT-000510,فندق بيت الشرق,hotel,,,فندق,,0,false,B,institutional or facility-provided image request,
LY-HOT-000511,فندق بيت الضيافة,hotel,,,فندق,,0,false,B,institutional or facility-provided image request,
LY-HOT-000512,فندق بيروت,hotel,,,فندق,,0,false,B,institutional or facility-provided image request,
LY-HOT-000513,فندق تاج دبي,hotel,,,فندق,,0,false,B,institutional or facility-provided image request,
LY-HOT-000514,فندق توباكتس,hotel,,,فندق,3,0,false,B,institutional or facility-provided image request,
LY-HOT-000515,فندق جاكرتا,hotel,,,فندق,,0,false,B,institutional or facility-provided image request,
LY-HOT-000516,فندق جي دبليو ماروت,hotel,,,فندق,5,0,false,B,institutional or facility-provided image request,
LY-HOT-000517,فندق دار طرابلس,hotel,,,فندق,,0,false,B,institutional or facility-provided image request,
LY-HOT-000518,فندق ديكنة,hotel,,,فندق,,0,false,B,institutional or facility-provided image request,
LY-HOT-000519,فندق ذا ريسدنس,hotel,,,فندق,,0,false,B,institutional or facility-provided image request,
LY-HOT-000520,فندق رويال جاردنس,hotel,,,فندق,,0,false,B,institutional or facility-provided image request,
LY-HOT-000521,فندق ريزيدينس,hotel,,,فندق,,0,false,B,institutional or facility-provided image request,
LY-HOT-000522,فندق زميت الأثري,hotel,,,فندق,,0,false,B,institutional or facility-provided image request,
LY-HOT-000523,فندق زهرة الخليج,hotel,,,فندق,3,0,false,B,institutional or facility-provided image request,
LY-HOT-000524,فندق سارة,hotel,,,فندق,,0,false,B,institutional or facility-provided image request,
LY-HOT-000525,فندق سبراتا,hotel,,,فندق,5,0,false,B,institutional or facility-provided image request,
LY-HOT-000526,فندق سفارى,hotel,,,فندق,,0,false,B,institutional or facility-provided image request,
LY-HOT-000527,فندق سما و بلقيس,hotel,,,فندق,,0,false,B,institutional or facility-provided image request,
LY-HOT-000528,فندق سما وبلقيس,hotel,,,فندق,,0,false,B,institutional or facility-provided image request,
LY-HOT-000529,فندق صحراء ليبيا,hotel,,,فندق,,0,false,B,institutional or facility-provided image request,
LY-HOT-000530,فندق ضيافة ونيس,hotel,,,فندق,,0,false,B,institutional or facility-provided image request,
LY-HOT-000531,فندق طرابلس الدولى,hotel,,,فندق,,0,false,B,institutional or facility-provided image request,
LY-HOT-000532,فندق طليطلة,hotel,,,فندق,,0,false,B,institutional or facility-provided image request,
LY-HOT-000533,فندق طيبة,hotel,,,فندق,,0,false,B,institutional or facility-provided image request,
LY-HOT-000534,فندق عمير,hotel,,,فندق,,0,false,B,institutional or facility-provided image request,
LY-HOT-000535,فندق غصن الذهب,hotel,,,فندق,,0,false,B,institutional or facility-provided image request,
LY-HOT-000536,فندق فكتوريا,hotel,,,فندق,,0,false,B,institutional or facility-provided image request,
LY-HOT-000537,فندق الاندلس /فندق فوربوينتس شيرتون,hotel,,,فندق,,0,false,B,institutional or facility-provided image request,
LY-HOT-000538,فندق قرطاج,hotel,,,فندق,,0,false,B,institutional or facility-provided image request,
LY-HOT-000539,فندق قصر الظهرة,hotel,,,فندق,,0,false,B,institutional or facility-provided image request,
LY-HOT-000540,فندق قصر الياقوت,hotel,,,فندق,,0,false,B,institutional or facility-provided image request,
LY-HOT-000541,فندق قصر ليبيا,hotel,,,فندق,,0,false,B,institutional or facility-provided image request,
LY-HOT-000542,فندق قلعة صفيت,hotel,,,فندق,,0,false,B,institutional or facility-provided image request,
LY-HOT-000543,فندق هارون,hotel,,,فندق,,0,false,B,institutional or facility-provided image request,
LY-HOT-000544,فندق قورينا,hotel,,,فندق,,0,false,B,institutional or facility-provided image request,
LY-HOT-000545,فندق كريستال,hotel,,,فندق,,0,false,B,institutional or facility-provided image request,
LY-HOT-000546,فندق كليوباترا,hotel,,,فندق,,0,false,B,institutional or facility-provided image request,
LY-HOT-000547,فندق كيان,hotel,,,فندق,,0,false,B,institutional or facility-provided image request,
LY-HOT-000548,فندق كيفالاي,hotel,,,فندق,,0,false,B,institutional or facility-provided image request,
LY-HOT-000549,فندق كيلو بترا,hotel,,,فندق,,0,false,B,institutional or facility-provided image request,
LY-HOT-000550,فندق ليبوس,hotel,,,فندق,,0,false,B,institutional or facility-provided image request,
LY-HOT-000551,فندق ليبيا السياحي,hotel,,,فندق,,0,false,B,institutional or facility-provided image request,
LY-HOT-000552,فندق ماريقولد,hotel,,,فندق,,0,false,B,institutional or facility-provided image request,
LY-HOT-000553,فندق مجد الضيافة,apartment_hotel,,,شقق فندقية,,0,false,B,institutional or facility-provided image request,
LY-HOT-000554,فندق مرحبا,hotel,,,فندق,,0,false,B,institutional or facility-provided image request,
LY-HOT-000555,فندق ناريـز ( NARIZ HOTEL),hotel,,,فندق,,0,false,B,institutional or facility-provided image request,
LY-HOT-000556,فندق نزهة,hotel,,,فندق,,0,false,B,institutional or facility-provided image request,
LY-HOT-000557,فندق نيو ستي,hotel,,,فندق,3,0,false,B,institutional or facility-provided image request,
LY-HOT-000558,فندق هايتي,hotel,,,فندق,,0,false,B,institutional or facility-provided image request,
LY-HOT-000559,قرية تاجوراء السياحية,hotel,,,فندق,3,0,false,B,institutional or facility-provided image request,
LY-HOT-000560,قصر العائلة للشقق الفندقية الفرع الثاني,apartment_hotel,,,شقق فندقية,,0,false,B,institutional or facility-provided image request,
LY-HOT-000561,لبدة إفريقيا للشقق الفندقية,apartment_hotel,,,شقق فندقية,,0,false,B,institutional or facility-provided image request,
LY-HOT-000562,لمسة للشقق الفندقية,apartment_hotel,,,شقق فندقية,,0,false,B,institutional or facility-provided image request,
LY-HOT-000563,مساكن القدس للشقق الفندقية,apartment_hotel,,,شقق فندقية,,0,false,B,institutional or facility-provided image request,
LY-HOT-000564,مساكن القدس للشقق الفندقية,apartment_hotel,,,شقق فندقية,,0,false,B,institutional or facility-provided image request,
LY-HOT-000567,منازل الشط للشقق الفندقية,apartment_hotel,,,شقق فندقية,,0,false,B,institutional or facility-provided image request,
LY-HOT-000568,والي للشقق الفندقية,apartment_hotel,,,شقق فندقية,,0,false,B,institutional or facility-provided image request,
LY-HOT-000571,فندق اليمامة,hotel,,,فندق,,0,false,B,institutional or facility-provided image request,
LY-HOT-000572,فندق الصفوة,hotel,,,فندق,,0,false,B,institutional or facility-provided image request,
LY-ACC-RES-ZUW-00001,قرية إدوس السياحية,beach_resort,زوارة,زوارة,منتجع شاطئي,,0,false,B,institutional or facility-provided image request,
LY-ACC-RES-TRI-00001,قرية مرمرة السياحية,tourist_resort,طرابلس,طرابلس,منتجع سياحي,,0,false,A,institutional or facility-provided image request,
LY-ACC-RES-ZUW-00002,قرية فيرونا السياحية,tourist_village,زوارة,زوارة,قرية سياحية,,0,false,A,institutional or facility-provided image request,
LY-ACC-RES-ZUW-00003,قرية البرتقالة,tourist_village,زوارة,زوارة,قرية سياحية,,0,false,A,institutional or facility-provided image request,
LY-ACC-RES-ZUW-00004,قرية شط النخيل زوارة,accommodation_resort_other,زوارة,زوارة,منشأة سياحية أخرى,,0,false,B,institutional or facility-provided image request,
LY-ACC-RES-ZUW-00005,قرية أوليڤيا السياحية - زوارة,tourist_resort,زوارة,زوارة,منتجع سياحي,,0,false,A,institutional or facility-provided image request,
LY-ACC-RES-ZUW-00006,منتجع تايتانيك,tourist_resort,زوارة,زوارة,منتجع سياحي,,0,false,A,institutional or facility-provided image request,
LY-ACC-RES-ZUW-00007,إقامة تولين السياحية,tourist_village,زوارة,زوارة,قرية سياحية,,0,false,A,institutional or facility-provided image request,
LY-ACC-RES-ZUW-00008,VILLA HAYA,tourist_resort,زوارة,زوارة,منتجع سياحي,,0,false,A,institutional or facility-provided image request,
LY-ACC-RES-ZUW-00009,منتجع زين السياحي,accommodation_resort_other,زوارة,زوارة,منشأة سياحية أخرى,,0,false,B,institutional or facility-provided image request,
LY-ACC-RES-ZUW-00010,قرية تيبودا السياحيه,tourist_resort,زوارة,زوارة,منتجع سياحي,,0,false,A,institutional or facility-provided image request,
LY-ACC-RES-ZUW-00011,منتجع سيتي بارك زوارة,tourist_resort,زوارة,زوارة,منتجع سياحي,,0,false,A,institutional or facility-provided image request,
LY-ACC-RES-SAB-00001,قرية جوهرة صبراتة السياحية,tourist_village,صبراتة,صبراتة,قرية سياحية,,0,false,A,institutional or facility-provided image request,
LY-ACC-RES-SAB-00002,قرية المغرب العربي صبراتة,tourist_village,صبراتة,صبراتة,قرية سياحية,,0,false,A,institutional or facility-provided image request,
LY-ACC-RES-SAB-00003,مركب تليل السياحي_صبراتة,tourist_village,صبراتة,صبراتة,قرية سياحية,,0,false,A,institutional or facility-provided image request,
LY-ACC-RES-NAT-00001,القرية السياحية جنزور,tourist_village,,,قرية سياحية,,0,false,A,institutional or facility-provided image request,
LY-ACC-RES-TRI-00002,قرية بالم سيتي/قرية النخيل السياحية طرابلس,tourist_village,طرابلس,طرابلس,قرية سياحية,,0,false,A,institutional or facility-provided image request,
LY-ACC-RES-TRI-00003,القرية السياحية الريقاتة,tourist_village,طرابلس,طرابلس,قرية سياحية,,0,false,A,institutional or facility-provided image request,
LY-ACC-RES-TRI-00004,مركب شيراتون - النقاط الأربعة,tourist_complex,طرابلس,طرابلس,مجمع سياحي,,0,false,B,institutional or facility-provided image request,
LY-ACC-RES-NAT-00002,القرية السياحية تاجوراء,tourist_village,,,قرية سياحية,,0,false,A,institutional or facility-provided image request,
LY-ACC-RES-NAT-00003,منتجع سمرلاند المائي,tourist_resort,,,منتجع سياحي,,0,false,A,institutional or facility-provided image request,
LY-ACC-RES-KHO-00001,مصيف قرية مارينا السياحية,tourist_village,الخمس,الخمس,قرية سياحية,,0,false,A,institutional or facility-provided image request,
LY-ACC-RES-KHO-00002,قرية قصر سيلين العائلية,family_resort,الخمس,الخمس,منتجع عائلي,,0,false,B,institutional or facility-provided image request,
LY-ACC-RES-KHO-00003,قرية حدائق غنيمة,tourist_village,الخمس,الخمس,قرية سياحية,,0,false,A,institutional or facility-provided image request,
LY-ACC-RES-KHO-00004,إستراحة شط غنيمة,accommodation_resort_other,الخمس,الخمس,منشأة سياحية أخرى,,0,false,B,institutional or facility-provided image request,
LY-ACC-RES-TRI-00005,قرية المتوسط العائلية,family_resort,طرابلس,طرابلس,منتجع عائلي,,0,false,B,institutional or facility-provided image request,
LY-ACC-RES-KHO-00005,قرية قوس غنيمة السياحية,tourist_village,الخمس,الخمس,قرية سياحية,,0,false,A,institutional or facility-provided image request,
LY-ACC-RES-KHO-00006,قرية لؤلؤة غنيمة العائلية,family_resort,الخمس,الخمس,منتجع عائلي,,0,false,B,institutional or facility-provided image request,
LY-ACC-RES-KHO-00007,قرية شمس البحر,tourist_village,الخمس,الخمس,قرية سياحية,,0,false,A,institutional or facility-provided image request,
LY-ACC-RES-KHO-00008,قرية الشاطيء الذهبي,tourist_resort,الخمس,الخمس,منتجع سياحي,,0,false,A,institutional or facility-provided image request,
LY-ACC-RES-KHO-00009,منتجع سي شيلز,tourist_resort,الخمس,الخمس,منتجع سياحي,,0,false,A,institutional or facility-provided image request,
LY-ACC-RES-KHO-00010,منتجع حوض البحر Seapool Resort,tourist_village,الخمس,الخمس,قرية سياحية,,0,false,A,institutional or facility-provided image request,
LY-ACC-RES-KHO-00011,قرية الخمس السياحية,accommodation_resort_other,الخمس,الخمس,منشأة سياحية أخرى,,0,false,B,institutional or facility-provided image request,
LY-ACC-RES-KHO-00012,قريه غنيمه العائليه,family_resort,الخمس,الخمس,منتجع عائلي,,0,false,B,institutional or facility-provided image request,
LY-ACC-RES-KHO-00013,قرية اكوا مارين السياحية,tourist_village,الخمس,الخمس,قرية سياحية,,0,false,A,institutional or facility-provided image request,
LY-ACC-RES-KHO-00014,قرية جنيف العائلية غنيمة,family_resort,الخمس,الخمس,منتجع عائلي,,0,false,B,institutional or facility-provided image request,
LY-ACC-RES-KHO-00015,منتجع شاطئ غنيمة,tourist_village,الخمس,الخمس,قرية سياحية,,0,false,A,institutional or facility-provided image request,
LY-ACC-RES-KHO-00016,شاليهات بن حمودة العائلي,family_resort,الخمس,الخمس,منتجع عائلي,,0,false,B,institutional or facility-provided image request,
LY-ACC-RES-NAT-00004,منتجع كريستال السياحي,tourist_resort,,,منتجع سياحي,,0,false,A,institutional or facility-provided image request,
LY-ACC-RES-NAT-00005,منتجع رويال السياحي,tourist_resort,,,منتجع سياحي,,0,false,A,institutional or facility-provided image request,
LY-ACC-RES-NAT-00006,القويعة,beach_resort,,,منتجع شاطئي,,0,false,B,institutional or facility-provided image request,
LY-ACC-RES-NAT-00007,منتجع فيلا دريم هاوس,tourist_resort,,,منتجع سياحي,,0,false,A,institutional or facility-provided image request,
LY-ACC-RES-NAT-00008,منتجع شط مريم,tourist_resort,,,منتجع سياحي,,0,false,A,institutional or facility-provided image request,
LY-ACC-RES-NAT-00009,استراحة الجود القويعه,tourist_resort,,,منتجع سياحي,,0,false,A,institutional or facility-provided image request,
LY-ACC-RES-NAT-00010,منتجع اتش تي السياحي,tourist_resort,,,منتجع سياحي,,0,false,A,institutional or facility-provided image request,
LY-ACC-RES-NAT-00011,منتجع اتش تي 3,tourist_resort,,,منتجع سياحي,,0,false,A,institutional or facility-provided image request,
LY-ACC-RES-NAT-00012,منتجع شاليهات للاجار,tourist_resort,,,منتجع سياحي,,0,false,A,institutional or facility-provided image request,
LY-ACC-RES-NAT-00013,قرية العطايا العائلية,family_resort,,,منتجع عائلي,,0,false,B,institutional or facility-provided image request,
LY-ACC-RES-NAT-00014,منتجع برستيج,tourist_resort,,,منتجع سياحي,,0,false,A,institutional or facility-provided image request,
LY-ACC-RES-NAT-00015,قرية القويعة السياحية,tourist_village,,,قرية سياحية,,0,false,A,institutional or facility-provided image request,
LY-ACC-RES-NAT-00016,شاليهات بن بية,tourist_resort,,,منتجع سياحي,,0,false,A,institutional or facility-provided image request,
LY-ACC-RES-NAT-00017,قرية ميار البحر العائليه,family_resort,,,منتجع عائلي,,0,false,B,institutional or facility-provided image request,
LY-ACC-RES-NAT-00018,قرية أغيث السياحية,tourist_village,,,قرية سياحية,,0,false,A,institutional or facility-provided image request,
LY-ACC-RES-NAT-00019,قرية الخلة السياحية العائلية,family_resort,,,منتجع عائلي,,0,false,B,institutional or facility-provided image request,
LY-ACC-RES-NAT-00020,مجمع جواهر لاند,tourist_village,,,قرية سياحية,,0,false,A,institutional or facility-provided image request,
LY-ACC-RES-NAT-00021,منتجع دار البحر,tourist_village,,,قرية سياحية,,0,false,A,institutional or facility-provided image request,
LY-ACC-RES-NAT-00022,منتجع وادي بالنور,family_resort,,,منتجع عائلي,,0,false,B,institutional or facility-provided image request,
LY-ACC-RES-NAT-00023,منتجع بيتش هاوس,tourist_village,,,قرية سياحية,,0,false,A,institutional or facility-provided image request,
LY-ACC-RES-NAT-00024,قرية قوس غنيمة السياحية,tourist_village,,,قرية سياحية,,0,false,A,institutional or facility-provided image request,
LY-ACC-RES-NAT-00025,منتجع ايليت السياحي,tourist_village,,,قرية سياحية,,0,false,A,institutional or facility-provided image request,
LY-ACC-RES-NAT-00026,قرية شمس البحر,tourist_village,,,قرية سياحية,,0,false,A,institutional or facility-provided image request,
LY-ACC-RES-KHO-00017,قرية لؤلؤة غنيمة العائلية,family_resort,الخمس,الخمس,منتجع عائلي,,0,false,B,institutional or facility-provided image request,
LY-ACC-RES-NAT-00027,شاليهات ركن النيروز,accommodation_resort_other,,,منشأة سياحية أخرى,,0,false,B,institutional or facility-provided image request,
LY-ACC-RES-NAT-00028,قرية رأس الحمراء العائلية,family_resort,,,منتجع عائلي,,0,false,B,institutional or facility-provided image request,
LY-ACC-RES-KHO-00018,قرية شاطئ النخيل الذهبي,tourist_village,الخمس,الخمس,قرية سياحية,,0,false,A,institutional or facility-provided image request,
LY-ACC-RES-ZLI-00001,قرية أصيل السياحية,tourist_village,زليتن,زليتن,قرية سياحية,,0,false,A,institutional or facility-provided image request,
LY-ACC-RES-ZLI-00002,قرية الهُزم السياحية,tourist_village,زليتن,زليتن,قرية سياحية,,0,false,A,institutional or facility-provided image request,
LY-ACC-RES-MIS-00001,منتجع الأمان السياحي,tourist_resort,مصراتة,مصراتة,منتجع سياحي,,0,false,A,institutional or facility-provided image request,
LY-ACC-RES-MIS-00002,منتجع مصراتة,tourist_resort,مصراتة,مصراتة,منتجع سياحي,,0,false,A,institutional or facility-provided image request,
LY-ACC-RES-MIS-00003,منتجع فينيسيا/مصراتة,tourist_resort,مصراتة,مصراتة,منتجع سياحي,,0,false,A,institutional or facility-provided image request,
LY-ACC-RES-MIS-00004,قرية زريق السياحية,tourist_village,مصراتة,مصراتة,قرية سياحية,,0,false,A,institutional or facility-provided image request,
LY-ACC-RES-NAT-00029,حي قصور الضيافة_سرت,tourist_village,,,قرية سياحية,,0,false,A,institutional or facility-provided image request,
LY-ACC-RES-BEN-00001,شاليهات ريماس,accommodation_resort_other,بنغازي,بنغازي,منشأة سياحية أخرى,,0,false,B,institutional or facility-provided image request,
LY-ACC-RES-BEN-00002,قرية شاطيء النخيل,tourist_village,بنغازي,بنغازي,قرية سياحية,,0,false,A,institutional or facility-provided image request,
LY-ACC-RES-BEN-00003,منتجع مارينا بنغازي السياحي,tourist_village,بنغازي,بنغازي,قرية سياحية,,0,false,A,institutional or facility-provided image request,
LY-ACC-RES-BEN-00004,منتجع الصفوة السياحي,tourist_village,بنغازي,بنغازي,قرية سياحية,,0,false,A,institutional or facility-provided image request,
LY-ACC-RES-BEN-00005,منتجع ماربيلا السياحي,tourist_village,بنغازي,بنغازي,قرية سياحية,,0,false,A,institutional or facility-provided image request,
LY-ACC-RES-BEN-00006,مجمع الاصالة السياحي,tourist_village,بنغازي,بنغازي,قرية سياحية,,0,false,A,institutional or facility-provided image request,
LY-ACC-RES-BEN-00007,قرية الفاضل,tourist_village,بنغازي,بنغازي,قرية سياحية,,0,false,A,institutional or facility-provided image request,
LY-ACC-RES-BEN-00008,منتجع الأسيل,tourist_village,بنغازي,بنغازي,قرية سياحية,,0,false,A,institutional or facility-provided image request,
LY-ACC-RES-BEN-00009,منتجع الماسة السياحي,accommodation_resort_other,بنغازي,بنغازي,منشأة سياحية أخرى,,0,false,B,institutional or facility-provided image request,
LY-ACC-RES-BEN-00010,منتجع قاريونس العائلي,family_resort,بنغازي,بنغازي,منتجع عائلي,,0,false,B,institutional or facility-provided image request,
LY-ACC-RES-BEN-00011,منتجع النخلة الذهبية,tourist_village,بنغازي,بنغازي,قرية سياحية,,0,false,A,institutional or facility-provided image request,
LY-ACC-RES-BEN-00012,منتجع فايا لارجو,tourist_village,بنغازي,بنغازي,قرية سياحية,,0,false,A,institutional or facility-provided image request,
LY-ACC-RES-BEN-00013,قرية قمرت السياحية,tourist_village,بنغازي,بنغازي,قرية سياحية,,0,false,A,institutional or facility-provided image request,
LY-ACC-RES-NAT-00030,منتجع التلال الحمامة,tourist_resort,,,منتجع سياحي,,0,false,A,institutional or facility-provided image request,
LY-ACC-RES-NAT-00031,منتجع الجراري السياحي - للعائلات,family_resort,,,منتجع عائلي,,0,false,B,institutional or facility-provided image request,
LY-ACC-RES-NAT-00032,منتجع ومصيف الحمامة,tourist_resort,,,منتجع سياحي,,0,false,A,institutional or facility-provided image request,
LY-ACC-RES-NAT-00033,قرية إيلاف السياحية,tourist_village,,,قرية سياحية,,0,false,A,institutional or facility-provided image request,
LY-ACC-RES-BAY-00001,شاليهات الحدائق الملكية,accommodation_resort_other,البيضاء,البيضاء,منشأة سياحية أخرى,,0,false,B,institutional or facility-provided image request,
LY-ACC-RES-BAY-00002,منتجع وادي الكوف,tourist_resort,البيضاء,البيضاء,منتجع سياحي,,0,false,A,institutional or facility-provided image request,
LY-ACC-RES-NAT-00034,منتجع إيلاند السياحي,tourist_village,,,قرية سياحية,,0,false,A,institutional or facility-provided image request,
LY-ACC-RES-NAT-00035,منتجع كنزي السياحي,tourist_village,,,قرية سياحية,,0,false,A,institutional or facility-provided image request,
LY-ACC-RES-NAT-00036,منتجع سوسه,tourist_village,,,قرية سياحية,,0,false,A,institutional or facility-provided image request,
LY-ACC-RES-NAT-00037,مصيف القريه/رأس الهلال,tourist_village,,,قرية سياحية,,0,false,A,institutional or facility-provided image request,
LY-ACC-RES-NAT-00038,منتجع الينابيع السياحي,tourist_village,,,قرية سياحية,,0,false,A,institutional or facility-provided image request,
LY-ACC-RES-NAT-00039,منتجع الاثرون السياحي,tourist_resort,,,منتجع سياحي,,0,false,A,institutional or facility-provided image request,
LY-ACC-RES-DER-00001,منتجع إيميليا السياحي,tourist_resort,درنة,درنة,منتجع سياحي,,0,false,A,institutional or facility-provided image request,
LY-ACC-RES-DER-00002,مصيف 1805,tourist_resort,درنة,درنة,منتجع سياحي,,0,false,A,institutional or facility-provided image request,
LY-ACC-RES-NAT-00040,منتجع الابرق السياحي,tourist_resort,,,منتجع سياحي,,0,false,A,institutional or facility-provided image request,
LY-ACC-RES-SHA-00001,منتج شحات السياحي,tourist_resort,شحات,شحات,منتجع سياحي,,0,false,A,institutional or facility-provided image request,
LY-ACC-RES-SHA-00002,منتجع وموتيل الأمان 1,tourist_resort,شحات,شحات,منتجع سياحي,,0,false,A,institutional or facility-provided image request,
LY-ACC-RES-SHA-00003,منتجع وموتيل الأمان 3,tourist_resort,شحات,شحات,منتجع سياحي,,0,false,A,institutional or facility-provided image request,
LY-ACC-RES-SHA-00004,شاليهات بوعطية,tourist_resort,شحات,شحات,منتجع سياحي,,0,false,A,institutional or facility-provided image request,
LY-ACC-RES-SHA-00005,منتجع جود السياحي,tourist_resort,شحات,شحات,منتجع سياحي,,0,false,A,institutional or facility-provided image request,
LY-ACC-RES-KHO-00019,إستراحات فردية درجة أولى,tourist_resort,الخمس,الخمس,منتجع سياحي,,0,false,A,institutional or facility-provided image request,
LY-ACC-RES-SHA-00006,إستراحات فردية,tourist_resort,شحات,شحات,منتجع سياحي,,0,false,A,institutional or facility-provided image request,
LY-ACC-RES-SHA-00007,منتجع الاسرة السعيدة,tourist_resort,شحات,شحات,منتجع سياحي,,0,false,A,institutional or facility-provided image request,
LY-ACC-RES-SHA-00008,شاليهات بومؤمن,tourist_resort,شحات,شحات,منتجع سياحي,,0,false,A,institutional or facility-provided image request,
LY-ACC-RES-SHA-00009,منتجع سيف للسياحه ولاستثمار,tourist_resort,شحات,شحات,منتجع سياحي,,0,false,A,institutional or facility-provided image request,
LY-ACC-RES-TOB-00001,منتجع وفندق ريفان السياحي,accommodation_resort_other,طبرق,طبرق,منشأة سياحية أخرى,,0,false,B,institutional or facility-provided image request,
LY-ACC-RES-ZUW-00012,قرية سبتيموس السياحية - زوارة,tourist_village,زوارة,زوارة,قرية سياحية,,0,false,A,institutional or facility-provided image request,
LY-ACC-RES-ZUW-00013,قرية سيمو السياحية - زوارة,accommodation_resort_other,زوارة,زوارة,منشأة سياحية أخرى,,0,false,B,institutional or facility-provided image request,
LY-ACC-RES-ZLI-00003,منتجع الهادريان زليتن,accommodation_resort_other,زليتن,زليتن,منشأة سياحية أخرى,,0,false,B,institutional or facility-provided image request,
LY-ACC-RES-NAT-00041,منتجع سفارى السياحى,accommodation_resort_other,,,منشأة سياحية أخرى,,0,false,B,institutional or facility-provided image request,
LY-ACC-RES-ZUW-00014,قرية اوديسا السياحية,tourist_village,زوارة,زوارة,قرية سياحية,,0,false,A,institutional or facility-provided image request,
LY-ACC-RES-ZUW-00015,Azul house استراحة ازول,tourist_village,زوارة,زوارة,قرية سياحية,,0,false,A,institutional or facility-provided image request,
LY-ACC-RES-ZUW-00016,DiVano Resort,tourist_resort,زوارة,زوارة,منتجع سياحي,,0,false,A,institutional or facility-provided image request,
LY-ACC-RES-ZUW-00017,منتجع لاجون Lagoon Resort,tourist_resort,زوارة,زوارة,منتجع سياحي,,0,false,A,institutional or facility-provided image request,
LY-ACC-RES-ZUW-00018,Barracuda Village - منتجع باراكودا,accommodation_resort_other,زوارة,زوارة,منشأة سياحية أخرى,,0,false,B,institutional or facility-provided image request,
LY-ACC-RES-NAT-00042,Oea Village - Diar Al Bahr,tourist_village,,,قرية سياحية,,0,false,A,institutional or facility-provided image request,
LY-ACC-RES-NAT-00043,قرية قوس غنيمة السياحية,accommodation_resort_other,,,منشأة سياحية أخرى,,0,false,B,institutional or facility-provided image request,
LY-ACC-RES-NAT-00044,La Vida Resort & Beach Club,tourist_resort,,,منتجع سياحي,,0,false,A,institutional or facility-provided image request,
LY-ACC-RES-NAT-00045,استراحة اونان,review_required,,,تحتاج مراجعة,,0,false,B,institutional or facility-provided image request,
LY-ACC-RES-NAT-00046,Resort Zuwara,tourist_resort,,,منتجع سياحي,,0,false,A,institutional or facility-provided image request,
LY-ACC-RES-NAT-00047,Beach House,review_required,,,تحتاج مراجعة,,0,false,B,institutional or facility-provided image request,
LY-ACC-RES-ZUW-00019,استراحة سيليا زوارة,review_required,زوارة,زوارة,تحتاج مراجعة,,0,false,B,institutional or facility-provided image request,
LY-ACC-RES-NAT-00048,استراحة نبض الحياة,review_required,,,تحتاج مراجعة,,0,false,B,institutional or facility-provided image request,
LY-ACC-RES-NAT-00049,Villa Helena,review_required,,,تحتاج مراجعة,,0,false,B,institutional or facility-provided image request,
LY-ACC-RES-NAT-00050,Crystal House إستراحة كريستال,review_required,,,تحتاج مراجعة,,0,false,B,institutional or facility-provided image request,
LY-ACC-RES-NAT-00051,استرحات انيار المميزة,review_required,,,تحتاج مراجعة,,0,false,B,institutional or facility-provided image request,
LY-ACC-RES-NAT-00052,اقامة لونا,review_required,,,تحتاج مراجعة,,0,false,B,institutional or facility-provided image request,
LY-ACC-RES-NAT-00053,استراحة LAREN,review_required,,,تحتاج مراجعة,,0,false,B,institutional or facility-provided image request,
LY-ACC-RES-ZUW-00020,منتجع بالي زوارة/Bali village,review_required,زوارة,زوارة,تحتاج مراجعة,,0,false,B,institutional or facility-provided image request,
LY-ACC-RES-NAT-00054,Sea room,review_required,,,تحتاج مراجعة,,0,false,B,institutional or facility-provided image request,
LY-ACC-RES-NAT-00055,Guest house,review_required,,,تحتاج مراجعة,,0,false,B,institutional or facility-provided image request,
LY-ACC-RES-NAT-00056,منتجع الملّاحة,review_required,,,تحتاج مراجعة,,0,false,B,institutional or facility-provided image request,
LY-ACC-RES-ZUW-00021,مصيف أبناء الغالي العائلي-زوارة,family_resort,زوارة,زوارة,منتجع عائلي,,0,false,B,institutional or facility-provided image request,
LY-ACC-RES-NAT-00057,استراحة فايق بكه,review_required,,,تحتاج مراجعة,,0,false,B,institutional or facility-provided image request,
LY-ACC-RES-ZUW-00022,قصر الضيافة زوارة,review_required,زوارة,زوارة,تحتاج مراجعة,,0,false,B,institutional or facility-provided image request,
LY-ACC-RES-NAT-00058,استراحة الشاطئ,beach_resort,,,منتجع شاطئي,,0,false,B,institutional or facility-provided image request,
LY-ACC-RES-NAT-00059,استراحة دار الضيافة,review_required,,,تحتاج مراجعة,,0,false,B,institutional or facility-provided image request,
LY-ACC-RES-ZUW-00023,استراحة فيرونا زوارة,review_required,زوارة,زوارة,تحتاج مراجعة,,0,false,B,institutional or facility-provided image request,
LY-ACC-RES-NAT-00060,استراحة نوفل,review_required,,,تحتاج مراجعة,,0,false,B,institutional or facility-provided image request,
LY-ACC-RES-ZUW-00024,شاطئ بحر زوارة,review_required,زوارة,زوارة,تحتاج مراجعة,,0,false,B,institutional or facility-provided image request,
LY-ACC-RES-NAT-00061,المصيف المفتوح تليل,accommodation_resort_other,,,منشأة سياحية أخرى,,0,false,B,institutional or facility-provided image request,
LY-ACC-RES-NAT-00062,مصيف مارينا تليل العائلي,family_resort,,,منتجع عائلي,,0,false,B,institutional or facility-provided image request,
LY-ACC-RES-NAT-00063,Lancaster Al Salam Resort - منتجع لانكستر السلام,tourist_resort,,,منتجع سياحي,,0,false,A,institutional or facility-provided image request,
LY-ACC-RES-SAB-00004,مصيف اللوتس العائلي صبراتة,family_resort,صبراتة,صبراتة,منتجع عائلي,,0,false,B,institutional or facility-provided image request,
LY-ACC-RES-NAT-00064,شاطئ تليل السياحي,review_required,,,تحتاج مراجعة,,0,false,B,institutional or facility-provided image request,
LY-ACC-RES-NAT-00065,مصيف اللؤلؤة تليل,accommodation_resort_other,,,منشأة سياحية أخرى,,0,false,B,institutional or facility-provided image request,
LY-ACC-RES-SAB-00005,مصيف النادي البحري العائلي صبراتة,beach_resort,صبراتة,صبراتة,منتجع شاطئي,,0,false,B,institutional or facility-provided image request,
LY-ACC-RES-NAT-00066,استراحات الفخامة صبراته,review_required,,,تحتاج مراجعة,,0,false,B,institutional or facility-provided image request,
LY-ACC-RES-NAT-00067,إستراحة الجوهرة - تليل,review_required,,,تحتاج مراجعة,,0,false,B,institutional or facility-provided image request,
LY-ACC-RES-NAT-00068,استراحة رويال,review_required,,,تحتاج مراجعة,,0,false,B,institutional or facility-provided image request,
LY-ACC-RES-NAT-00069,استراحة تليل,review_required,,,تحتاج مراجعة,,0,false,B,institutional or facility-provided image request,
LY-ACC-RES-NAT-00070,استراحة روندا,review_required,,,تحتاج مراجعة,,0,false,B,institutional or facility-provided image request,
LY-ACC-RES-BAY-00003,استراحة البيضاء,review_required,البيضاء,البيضاء,تحتاج مراجعة,,0,false,B,institutional or facility-provided image request,
LY-ACC-RES-NAT-00071,إستراحة المنتزه تليل,review_required,,,تحتاج مراجعة,,0,false,B,institutional or facility-provided image request,
LY-ACC-RES-SAB-00006,استراحة القمر المضيء صبراتة تليل,review_required,صبراتة,صبراتة,تحتاج مراجعة,,0,false,B,institutional or facility-provided image request,
LY-ACC-RES-NAT-00072,استراحه مرجان,review_required,,,تحتاج مراجعة,,0,false,B,institutional or facility-provided image request,
LY-ACC-RES-NAT-00073,استراحة ليالي تليل,review_required,,,تحتاج مراجعة,,0,false,B,institutional or facility-provided image request,
LY-ACC-RES-NAT-00074,استراحة ادم,review_required,,,تحتاج مراجعة,,0,false,B,institutional or facility-provided image request,
LY-ACC-RES-NAT-00075,إستراحة أبان,review_required,,,تحتاج مراجعة,,0,false,B,institutional or facility-provided image request,
LY-ACC-RES-NAT-00076,منتجع الفنار السياحي,review_required,,,تحتاج مراجعة,,0,false,B,institutional or facility-provided image request,
LY-ACC-RES-NAT-00077,مجموعة استراحات الجرف,review_required,,,تحتاج مراجعة,,0,false,B,institutional or facility-provided image request,
LY-ACC-RES-NAT-00078,إستراحة بيت الفخامه,review_required,,,تحتاج مراجعة,,0,false,B,institutional or facility-provided image request,
LY-ACC-RES-NAT-00079,استراحة قورينا,review_required,,,تحتاج مراجعة,,0,false,B,institutional or facility-provided image request,
LY-ACC-RES-NAT-00080,استراحة اتار صبراته,review_required,,,تحتاج مراجعة,,0,false,B,institutional or facility-provided image request,
LY-ACC-RES-NAT-00081,استراحة ميار,review_required,,,تحتاج مراجعة,,0,false,B,institutional or facility-provided image request,
LY-ACC-RES-NAT-00082,استراحه فينيسيا صبراته,review_required,,,تحتاج مراجعة,,0,false,B,institutional or facility-provided image request,
LY-ACC-RES-NAT-00083,استراحة الزيتونة,review_required,,,تحتاج مراجعة,,0,false,B,institutional or facility-provided image request,
LY-ACC-RES-SAB-00007,Sabratha youth hostel _بيت شباب صبراتة,review_required,صبراتة,صبراتة,تحتاج مراجعة,,0,false,B,institutional or facility-provided image request,
LY-ACC-RES-NAT-00084,استراحة ومصيف باب البحر,accommodation_resort_other,,,منشأة سياحية أخرى,,0,false,B,institutional or facility-provided image request,
LY-ACC-RES-NAT-00085,مقسم استراحات بن سالم,review_required,,,تحتاج مراجعة,,0,false,B,institutional or facility-provided image request,
LY-ACC-RES-NAT-00086,إستراحة سوفانا,review_required,,,تحتاج مراجعة,,0,false,B,institutional or facility-provided image request,
LY-ACC-RES-NAT-00087,استراحة لازورد صبراته,review_required,,,تحتاج مراجعة,,0,false,B,institutional or facility-provided image request,
LY-ACC-RES-NAT-00088,استراحة مرجانة (الحرابي),review_required,,,تحتاج مراجعة,,0,false,B,institutional or facility-provided image request,
LY-ACC-RES-NAT-00089,مصيف ليبيا العائلي,family_resort,,,منتجع عائلي,,0,false,B,institutional or facility-provided image request,
LY-ACC-RES-NAT-00090,مصيف صرمان العائلي,family_resort,,,منتجع عائلي,,0,false,B,institutional or facility-provided image request,
LY-ACC-RES-NAT-00091,استراحة مرمرة جوددائم,review_required,,,تحتاج مراجعة,,0,false,B,institutional or facility-provided image request,
LY-ACC-RES-NAT-00092,استراحة البحر الابيض. JUDDIAM,review_required,,,تحتاج مراجعة,,0,false,B,institutional or facility-provided image request,
LY-ACC-RES-NAT-00093,مشروع برج النصر الفندقي/ شركة الذابلة للاستثمار,review_required,,,تحتاج مراجعة,,0,false,B,institutional or facility-provided image request,
LY-ACC-RES-NAT-00094,مشروع لؤلؤة المدينة قرية النفط,review_required,,,تحتاج مراجعة,,0,false,B,institutional or facility-provided image request,
LY-ACC-RES-NAT-00095,مصيف شاطئ الرمال,accommodation_resort_other,,,منشأة سياحية أخرى,,0,false,B,institutional or facility-provided image request,
LY-ACC-RES-NAT-00096,مصيف نسيم البحر العائلى,accommodation_resort_other,,,منشأة سياحية أخرى,,0,false,B,institutional or facility-provided image request,
LY-ACC-RES-NAT-00097,مصيف جنى العائلي,family_resort,,,منتجع عائلي,,0,false,B,institutional or facility-provided image request,
LY-ACC-RES-NAT-00098,مصيف وقرية بيلسان العائلي,family_resort,,,منتجع عائلي,,0,false,B,institutional or facility-provided image request,
LY-ACC-RES-NAT-00099,مصيف جسر الطاقة العائلي,family_resort,,,منتجع عائلي,,0,false,B,institutional or facility-provided image request,
LY-ACC-RES-NAT-00100,مصيف القلعة العائلي 32,family_resort,,,منتجع عائلي,,0,false,B,institutional or facility-provided image request,
LY-ACC-RES-NAT-00101,مصيف اﻻمان والمرح العائلي,family_resort,,,منتجع عائلي,,0,false,B,institutional or facility-provided image request,
LY-ACC-RES-NAT-00102,مصيف جيران البحر العائلي,family_resort,,,منتجع عائلي,,0,false,B,institutional or facility-provided image request,
LY-ACC-RES-NAT-00103,ڤيلا لاڤيستا,review_required,,,تحتاج مراجعة,,0,false,B,institutional or facility-provided image request,
LY-ACC-RES-NAT-00104,Private house برايفت هاوس,review_required,,,تحتاج مراجعة,,0,false,B,institutional or facility-provided image request,
LY-ACC-RES-NAT-00105,ROYAL DYAR Resort Hotel,tourist_resort,,,منتجع سياحي,,0,false,A,institutional or facility-provided image request,
LY-ACC-RES-NAT-00106,Cyrine Resort,tourist_resort,,,منتجع سياحي,,0,false,A,institutional or facility-provided image request,
LY-ACC-RES-NAT-00107,استراحة القويعة,review_required,,,تحتاج مراجعة,,0,false,B,institutional or facility-provided image request,
LY-ACC-RES-NAT-00108,Alameer Villa ڤيلا الأمير,review_required,,,تحتاج مراجعة,,0,false,B,institutional or facility-provided image request,
LY-ACC-RES-NAT-00109,Villa mfm,review_required,,,تحتاج مراجعة,,0,false,B,institutional or facility-provided image request,
LY-ACC-RES-NAT-00110,W استراحة,review_required,,,تحتاج مراجعة,,0,false,B,institutional or facility-provided image request,
LY-ACC-RES-NAT-00111,استراحة السلام,review_required,,,تحتاج مراجعة,,0,false,B,institutional or facility-provided image request,
LY-ACC-RES-NAT-00112,استراحات ابناء يوسف منيصير,review_required,,,تحتاج مراجعة,,0,false,B,institutional or facility-provided image request,
LY-ACC-RES-NAT-00113,استراحات شاطئ غوط الرمان,review_required,,,تحتاج مراجعة,,0,false,B,institutional or facility-provided image request,
LY-ACC-RES-NAT-00114,A.G.S villa,review_required,,,تحتاج مراجعة,,0,false,B,institutional or facility-provided image request,
LY-ACC-RES-NAT-00115,استراحة فاميلي رست,review_required,,,تحتاج مراجعة,,0,false,B,institutional or facility-provided image request,
LY-ACC-RES-NAT-00116,استراحة بن طابون,review_required,,,تحتاج مراجعة,,0,false,B,institutional or facility-provided image request,
LY-ACC-RES-NAT-00117,إستراحة ليان للإيجار اليومي,review_required,,,تحتاج مراجعة,,0,false,B,institutional or facility-provided image request,
LY-ACC-RES-NAT-00118,Villa SIMO,review_required,,,تحتاج مراجعة,,0,false,B,institutional or facility-provided image request,
LY-ACC-RES-NAT-00119,إستراحة ليان للإيجار اليومي,review_required,,,تحتاج مراجعة,,0,false,B,institutional or facility-provided image request,
LY-ACC-RES-NAT-00120,استراحة هلا مدريد القره بوللي,review_required,,,تحتاج مراجعة,,0,false,B,institutional or facility-provided image request,
LY-ACC-RES-NAT-00121,ليڤينت/Levent Family Resort,family_resort,,,منتجع عائلي,,0,false,B,institutional or facility-provided image request,
LY-ACC-RES-NAT-00122,منتجع الماسة السياحي,review_required,,,تحتاج مراجعة,,0,false,B,institutional or facility-provided image request,
LY-ACC-RES-NAT-00123,Compound Rawasi,review_required,,,تحتاج مراجعة,,0,false,B,institutional or facility-provided image request,
LY-ACC-RES-NAT-00124,استراحة فايف قولد ستار,review_required,,,تحتاج مراجعة,,0,false,B,institutional or facility-provided image request,
LY-ACC-RES-NAT-00125,استراحة زهرة القويعة,review_required,,,تحتاج مراجعة,,0,false,B,institutional or facility-provided image request,
LY-ACC-RES-NAT-00126,The Twins استراحات التوأم,review_required,,,تحتاج مراجعة,,0,false,B,institutional or facility-provided image request,
LY-ACC-RES-NAT-00127,منتجع إيليت,review_required,,,تحتاج مراجعة,,0,false,B,institutional or facility-provided image request,
LY-ACC-RES-NAT-00128,شاليه شمس البحر القره بوللي,accommodation_resort_other,,,منشأة سياحية أخرى,,0,false,B,institutional or facility-provided image request,
LY-ACC-RES-NAT-00129,شاليه النورس,accommodation_resort_other,,,منشأة سياحية أخرى,,0,false,B,institutional or facility-provided image request,
LY-ACC-RES-NAT-00130,استراحة ديلان,review_required,,,تحتاج مراجعة,,0,false,B,institutional or facility-provided image request,
LY-ACC-RES-NAT-00131,Crown Beach Resort,tourist_resort,,,منتجع سياحي,,0,false,A,institutional or facility-provided image request,
LY-ACC-RES-NAT-00132,Salem Elgamoudi Beach House,review_required,,,تحتاج مراجعة,,0,false,B,institutional or facility-provided image request,
LY-ACC-RES-NAT-00133,Bali s BEACH HOUSE,review_required,,,تحتاج مراجعة,,0,false,B,institutional or facility-provided image request,
LY-ACC-RES-NAT-00134,Alhady Elmelliti Beach House,review_required,,,تحتاج مراجعة,,0,false,B,institutional or facility-provided image request,
LY-ACC-RES-NAT-00135,Golden beach village,review_required,,,تحتاج مراجعة,,0,false,B,institutional or facility-provided image request,
LY-ACC-RES-NAT-00136,شاطي القره بوللي منطقة القويعة السياحية,review_required,,,تحتاج مراجعة,,0,false,B,institutional or facility-provided image request,
LY-ACC-RES-NAT-00137,منتجع كريستال السياحي 1,review_required,,,تحتاج مراجعة,,0,false,B,institutional or facility-provided image request,
LY-ACC-RES-NAT-00138,استراحة لابلازا -LA PLAZA,review_required,,,تحتاج مراجعة,,0,false,B,institutional or facility-provided image request,
LY-ACC-RES-NAT-00139,إستراحة القويعة العائلية,family_resort,,,منتجع عائلي,,0,false,B,institutional or facility-provided image request,
LY-ACC-RES-NAT-00140,استراحة كازا دولتشي,review_required,,,تحتاج مراجعة,,0,false,B,institutional or facility-provided image request,
LY-ACC-RES-NAT-00141,استراحات الدلفين الفاخرة 1 و 2 و 3 و4,review_required,,,تحتاج مراجعة,,0,false,B,institutional or facility-provided image request,
LY-ACC-RES-NAT-00142,استراحة ارام للاستجمام العائلي,family_resort,,,منتجع عائلي,,0,false,B,institutional or facility-provided image request,
LY-ACC-RES-NAT-00143,Villa Lugano ڤيلا لوچانو,review_required,,,تحتاج مراجعة,,0,false,B,institutional or facility-provided image request,
LY-ACC-RES-NAT-00144,حلا البحر للعائلات,family_resort,,,منتجع عائلي,,0,false,B,institutional or facility-provided image request,
LY-ACC-RES-NAT-00145,Villa Mia فيلا ميا,review_required,,,تحتاج مراجعة,,0,false,B,institutional or facility-provided image request,
LY-ACC-RES-NAT-00146,لمة العيلة,review_required,,,تحتاج مراجعة,,0,false,B,institutional or facility-provided image request,
LY-ACC-RES-NAT-00147,استراحة نسائم البحر,review_required,,,تحتاج مراجعة,,0,false,B,institutional or facility-provided image request,
LY-ACC-RES-NAT-00148,Villa golden star,review_required,,,تحتاج مراجعة,,0,false,B,institutional or facility-provided image request,
LY-ACC-RES-NAT-00149,فيلا الصاري العائلية,family_resort,,,منتجع عائلي,,0,false,B,institutional or facility-provided image request,
LY-ACC-RES-NAT-00150,بيت الصبار,review_required,,,تحتاج مراجعة,,0,false,B,institutional or facility-provided image request,
LY-ACC-RES-NAT-00151,فيلا الشاهين,review_required,,,تحتاج مراجعة,,0,false,B,institutional or facility-provided image request,
LY-ACC-RES-NAT-00152,Hesham Al Askari Marine Rest House,review_required,,,تحتاج مراجعة,,0,false,B,institutional or facility-provided image request,
LY-ACC-RES-NAT-00153,La Coral,review_required,,,تحتاج مراجعة,,0,false,B,institutional or facility-provided image request,
LY-ACC-RES-NAT-00154,استراحة شمس للعائلات,family_resort,,,منتجع عائلي,,0,false,B,institutional or facility-provided image request,
LY-ACC-RES-NAT-00155,فيلا ملكة A,review_required,,,تحتاج مراجعة,,0,false,B,institutional or facility-provided image request,
LY-ACC-RES-NAT-00156,فيلا غسق,review_required,,,تحتاج مراجعة,,0,false,B,institutional or facility-provided image request,
LY-ACC-RES-NAT-00157,فيلا روعة,review_required,,,تحتاج مراجعة,,0,false,B,institutional or facility-provided image request,
LY-ACC-RES-NAT-00158,شاليه قطر الندى,accommodation_resort_other,,,منشأة سياحية أخرى,,0,false,B,institutional or facility-provided image request,
LY-ACC-RES-NAT-00159,النوران العائلية,family_resort,,,منتجع عائلي,,0,false,B,institutional or facility-provided image request,
LY-ACC-RES-NAT-00160,شاليه الدلفين,accommodation_resort_other,,,منشأة سياحية أخرى,,0,false,B,institutional or facility-provided image request,
LY-ACC-RES-NAT-00161,شاليه همام,accommodation_resort_other,,,منشأة سياحية أخرى,,0,false,B,institutional or facility-provided image request,
LY-ACC-RES-NAT-00162,Villa Mare ڤيلا ماري,review_required,,,تحتاج مراجعة,,0,false,B,institutional or facility-provided image request,
LY-ACC-RES-NAT-00163,فيلا كراون Villa Crown,review_required,,,تحتاج مراجعة,,0,false,B,institutional or facility-provided image request,
LY-ACC-RES-NAT-00164,فيلا سانتوريني,review_required,,,تحتاج مراجعة,,0,false,B,institutional or facility-provided image request,
LY-ACC-RES-NAT-00165,شاليه ماسة,accommodation_resort_other,,,منشأة سياحية أخرى,,0,false,B,institutional or facility-provided image request,
LY-ACC-RES-NAT-00166,استراحة مارية العائلية,family_resort,,,منتجع عائلي,,0,false,B,institutional or facility-provided image request,
LY-ACC-RES-NAT-00167,استراحة اللؤلؤة,review_required,,,تحتاج مراجعة,,0,false,B,institutional or facility-provided image request,
LY-ACC-RES-NAT-00168,استراحة روح البحر,review_required,,,تحتاج مراجعة,,0,false,B,institutional or facility-provided image request,
LY-ACC-RES-NAT-00169,Ataya Resort,tourist_resort,,,منتجع سياحي,,0,false,A,institutional or facility-provided image request,
LY-ACC-RES-NAT-00170,مقسم شاطئ النرجس السياحي,review_required,,,تحتاج مراجعة,,0,false,B,institutional or facility-provided image request,
LY-ACC-RES-NAT-00171,استراحة فرحات لاند,review_required,,,تحتاج مراجعة,,0,false,B,institutional or facility-provided image request,
LY-ACC-RES-NAT-00172,مصيف الامان فم الوادي العائلي,family_resort,,,منتجع عائلي,,0,false,B,institutional or facility-provided image request,
