review_item_id,image_id,source_relative_path,master_image_id,feature_id,layer_id,feature_name_ar,facility_type,city_ar,review_reason,primary_candidate,shared_image_case,master_replacement_candidate,technical_quality,automatic_match_basis,rights_status,manual_review_required,notes
B2A-ITEM-00001,IMG-4B76AA9E191EC586,assets/images/hotels/hotels-LY-HOTELS-00342-01.webp,IMG-E46FAAB47F3CCBB1,LY-HOT-000342,hotels,فندق غريان السياحي,hotel,,primary_candidate,true,false,true,thumbnail_only,existing_link,unknown,true,"Existing local linkage; technical evidence only, not visual verification."
B2A-ITEM-00002,IMG-007802D9BC5D755F,assets/images/hotels/hotels-LY-HOTELS-00320-01.webp,IMG-F35449759FEAB1E9,LY-HOT-000320,hotels,فندق الرحال,apartment_hotel,,primary_candidate,true,false,true,thumbnail_only,existing_link,unknown,true,"Existing local linkage; technical evidence only, not visual verification."
B2A-ITEM-00003,IMG-253F76E0FE94EBF3,assets/images/hotels/hotels-LY-HOTELS-00020-03.webp,,LY-HOT-000164,hotels,فندق المسيرة,hotel,,shared_image_case,false,true,false,thumbnail_only,existing_link,unknown,true,"Existing local linkage; technical evidence only, not visual verification."
B2A-ITEM-00004,IMG-BACA013556C590D9,assets/images/hotels/hotels-LY-HOTELS-00360-01.webp,IMG-B0AD9CF0FB43F42C,LY-HOT-000360,hotels,فندق مرحبا للخدمات السياحية,hotel,,primary_candidate,true,false,true,thumbnail_only,existing_link,unknown,true,"Existing local linkage; technical evidence only, not visual verification."
B2A-ITEM-00005,IMG-1841627598673B86,assets/images/hotels/hotels-LY-HOTELS-00408-01.webp,IMG-4EC27B635DB76293,LY-HOT-000408,hotels,جواهر العاصمة للشقق الفندقية,hostel,,primary_candidate,true,false,true,thumbnail_only,existing_link,unknown,true,"Existing local linkage; technical evidence only, not visual verification."
B2A-ITEM-00006,IMG-8F2297D7FBB16C96,assets/images/hotels/hotels-LY-HOTELS-00071-01.webp,IMG-4C4A7EF4E59E1C56,LY-HOT-000071,hotels,فندق القوس,hotel,,primary_candidate,true,false,true,thumbnail_only,existing_link,unknown,true,"Existing local linkage; technical evidence only, not visual verification."
B2A-ITEM-00007,IMG-418C257283B4249C,assets/images/hotels/hotels-LY-HOTELS-00116-01.webp,IMG-C8E867675C8382FE,LY-HOT-000116,hotels,فندق قمر صبراتة,hotel,,primary_candidate,true,false,true,thumbnail_only,existing_link,unknown,true,"Existing local linkage; technical evidence only, not visual verification."
B2A-ITEM-00008,IMG-110FEF464D2C395F,assets/images/hotels/hotels-LY-HOTELS-00031-02.webp,IMG-BE5EAB4A5C09CAA4,LY-HOT-000115,hotels,فندق قصر الفيروز,hotel,,primary_candidate,true,true,true,thumbnail_only,existing_link,unknown,true,"Existing local linkage; technical evidence only, not visual verification."
B2A-ITEM-00009,IMG-23AE35FD4B853F4A,assets/images/hotels/hotels-LY-HOTELS-00209-01.webp,IMG-183CEDE059F1A189,LY-HOT-000209,hotels,فندق ديار الهناء,hotel,,primary_candidate,true,false,true,thumbnail_only,existing_link,unknown,true,"Existing local linkage; technical evidence only, not visual verification."
B2A-ITEM-00010,IMG-4CAA6944989EC466,assets/images/hotels/hotels-LY-HOTELS-00444-01.webp,IMG-2614A446FDF324E4,LY-HOT-000444,hotels,فندق الريان,hotel,,primary_candidate,true,false,true,high,existing_link,unknown,true,"Existing local linkage; technical evidence only, not visual verification."
B2A-ITEM-00011,IMG-88F9E3D4EBB82F29,assets/images/hotels/hotels-LY-HOTELS-00031-04.webp,IMG-7B49A9BE9EE45794,LY-HOT-000115,hotels,فندق قصر الفيروز,hotel,,shared_image_case,false,true,true,thumbnail_only,existing_link,unknown,true,"Existing local linkage; technical evidence only, not visual verification."
B2A-ITEM-00012,IMG-4F1BF241FA1C1032,assets/images/hotels/hotels-LY-HOTELS-00145-01.webp,IMG-341A618CE06A6ADF,LY-HOT-000145,hotels,فندق الحياة,hotel,,primary_candidate,true,false,true,thumbnail_only,existing_link,unknown,true,"Existing local linkage; technical evidence only, not visual verification."
B2A-ITEM-00013,IMG-498ED4DC235794F3,assets/images/hotels/hotels-LY-HOTELS-00002-02.webp,IMG-8A7CCCA2B7E60737,LY-HOT-000002,hotels,فندق بينثابوليس,hotel,,primary_candidate,true,false,true,thumbnail_only,existing_link,unknown,true,"Existing local linkage; technical evidence only, not visual verification."
B2A-ITEM-00014,IMG-5907F4EB5DA0B991,assets/images/hotels/hotels-LY-HOTELS-00484-01.webp,IMG-D8ACC0812637695D,LY-HOT-000484,hotels,فندق المهاري رادسون بلو,resort,,primary_candidate,true,false,true,thumbnail_only,existing_link,unknown,true,"Existing local linkage; technical evidence only, not visual verification."
B2A-ITEM-00015,IMG-E6FB468A34553F69,assets/images/hotels/hotels-LY-HOTELS-00113-02.webp,IMG-B10F334A01F52BC3,LY-HOT-000119,hotels,فندق ليالي قرطاج,hotel,,primary_candidate,true,true,true,thumbnail_only,existing_link,unknown,true,"Existing local linkage; technical evidence only, not visual verification."
B2A-ITEM-00016,IMG-DE13875E15FF98C7,assets/images/hotels/hotels-LY-HOTELS-00409-01.webp,IMG-491C686DB6D65DE4,LY-HOT-000409,hotels,جولايا للشقق الفندقية,apartment_hotel,,primary_candidate,true,false,true,thumbnail_only,existing_link,unknown,true,"Existing local linkage; technical evidence only, not visual verification."
B2A-ITEM-00017,IMG-2A5F837F7840D805,assets/images/hotels/hotels-LY-HOTELS-00045-01.webp,,LY-HOT-000045,hotels,فندق جوهرة صبراتة السياحي,hotel,,primary_candidate,true,false,false,thumbnail_only,existing_link,unknown,true,"Existing local linkage; technical evidence only, not visual verification."
B2A-ITEM-00018,IMG-C99CB2EDA0546E4A,assets/images/hotels/hotels-LY-HOTELS-00335-01.webp,IMG-882914DCCBCD4B08,LY-HOT-000335,hotels,نزل وقاعة الهاشمي,apartment_hotel,,primary_candidate,true,false,true,thumbnail_only,existing_link,unknown,true,"Existing local linkage; technical evidence only, not visual verification."
B2A-ITEM-00019,IMG-00D26D8EDC613DDE,assets/images/hotels/hotels-LY-HOTELS-00201-01.webp,IMG-6FA829EB83A8FCAC,LY-HOT-000201,hotels,فندق توباكتس,hotel,,primary_candidate,true,false,true,high,existing_link,unknown,true,"Existing local linkage; technical evidence only, not visual verification."
B2A-ITEM-00020,IMG-301D258252D7F3D2,assets/images/hotels/hotels-LY-HOTELS-00064-01.webp,IMG-B6E928DEACBB4687,LY-HOT-000064,hotels,فندق الشمس,hotel,,primary_candidate,true,false,true,thumbnail_only,existing_link,unknown,true,"Existing local linkage; technical evidence only, not visual verification."
B2A-ITEM-00021,IMG-0AD416076AE4E41A,assets/images/hotels/hotels-LY-HOTELS-00366-01.webp,IMG-B43053CBB4A73052,LY-HOT-000366,hotels,فندق الاخوة السياحي الخمس,hotel,,primary_candidate,true,false,true,high,existing_link,unknown,true,"Existing local linkage; technical evidence only, not visual verification."
B2A-ITEM-00022,IMG-2754AC0FDB2BC23D,assets/images/hotels/hotels-LY-HOTELS-00068-01.webp,IMG-2DF881E5E9936D8A,LY-HOT-000068,hotels,فندق العاصمة,hotel,,primary_candidate,true,false,true,thumbnail_only,existing_link,unknown,true,"Existing local linkage; technical evidence only, not visual verification."
B2A-ITEM-00023,IMG-9177C7EFBB2B6B7C,assets/images/hotels/hotels-LY-HOTELS-00114-01.webp,IMG-35D703EAB18EB32C,LY-HOT-000114,hotels,فندق قصر الظهرة,hotel,,primary_candidate,true,false,true,thumbnail_only,existing_link,unknown,true,"Existing local linkage; technical evidence only, not visual verification."
B2A-ITEM-00024,IMG-274B8FDFA79EB046,assets/images/hotels/hotels-LY-HOTELS-00130-01.webp,IMG-86FE165F8F5ADA77,LY-HOT-000130,hotels,فندق البتراء,hotel,,primary_candidate,true,false,true,thumbnail_only,existing_link,unknown,true,"Existing local linkage; technical evidence only, not visual verification."
B2A-ITEM-00025,IMG-E4F857A3669A2646,assets/images/hotels/hotels-LY-HOTELS-00132-01.webp,IMG-7FF5B1B7BB76C090,LY-HOT-000132,hotels,فندق التلال,hotel,,primary_candidate,true,false,true,thumbnail_only,existing_link,unknown,true,"Existing local linkage; technical evidence only, not visual verification."
B2A-ITEM-00026,IMG-D93EABF8C6526D6E,assets/images/hotels/hotels-LY-HOTELS-00333-01.webp,IMG-CCC9ACB679F36245,LY-HOT-000333,hotels,فندق مزايا اجدابيا,hostel,,primary_candidate,true,false,true,thumbnail_only,existing_link,unknown,true,"Existing local linkage; technical evidence only, not visual verification."
B2A-ITEM-00027,IMG-384CF3E5D620D13B,assets/images/hotels/hotels-LY-HOTELS-00187-03.webp,IMG-1E1AD151E679A094,LY-HOT-000190,hotels,فندق أمال ليبيا,hotel,,shared_image_case,false,true,true,thumbnail_only,existing_link,unknown,true,"Existing local linkage; technical evidence only, not visual verification."
B2A-ITEM-00028,IMG-9C201294D2C9C54F,assets/images/hotels/hotels-LY-HOTELS-00345-04.webp,IMG-2082243388C534FA,LY-HOT-000346,hotels,فندق لؤلؤة الخليج البيضاء,hotel,,shared_image_case,false,true,true,thumbnail_only,existing_link,unknown,true,"Existing local linkage; technical evidence only, not visual verification."
B2A-ITEM-00029,IMG-63F705E27DA71CF5,assets/images/hotels/hotels-LY-HOTELS-00058-01.webp,IMG-663C7115DAD00DDA,LY-HOT-000058,hotels,فندق الزيتونة,hostel,,primary_candidate,true,false,true,acceptable,existing_link,unknown,true,"Existing local linkage; technical evidence only, not visual verification."
B2A-ITEM-00030,IMG-CD389C5BBF989F52,assets/images/hotels/hotels-LY-HOTELS-00113-03.webp,IMG-7BC5A3EBECF4AF41,LY-HOT-000119,hotels,فندق ليالي قرطاج,hotel,,shared_image_case,false,true,true,thumbnail_only,existing_link,unknown,true,"Existing local linkage; technical evidence only, not visual verification."
B2A-ITEM-00031,IMG-9B0A5BE0E41F60DC,assets/images/hotels/hotels-LY-HOTELS-00336-01.webp,IMG-66BACF4E74F7ABB8,LY-HOT-000336,hotels,نزل وقاعة زهرة الخليج,hostel,,primary_candidate,true,false,true,thumbnail_only,existing_link,unknown,true,"Existing local linkage; technical evidence only, not visual verification."
B2A-ITEM-00032,IMG-60AE2A53516D38B5,assets/images/hotels/hotels-LY-HOTELS-00108-01.webp,IMG-F9A3C38667647920,LY-HOT-000108,hotels,فندق طيبة,hotel,,primary_candidate,true,false,true,thumbnail_only,existing_link,unknown,true,"Existing local linkage; technical evidence only, not visual verification."
B2A-ITEM-00033,IMG-19C3F36AD1E19044,assets/images/hotels/hotels-LY-HOTELS-00022-01.webp,IMG-7F6D30A79425F860,LY-HOT-000022,hotels,فندق الحسنين الكبير,hostel,,primary_candidate,true,false,true,thumbnail_only,existing_link,unknown,true,"Existing local linkage; technical evidence only, not visual verification."
B2A-ITEM-00034,IMG-4B501E6BBD73EAFE,assets/images/hotels/hotels-LY-HOTELS-00297-01.webp,IMG-3E4CED93BF7426F1,LY-HOT-000297,hotels,فندق أضواء قرطاج,hotel,,primary_candidate,true,false,true,high,existing_link,unknown,true,"Existing local linkage; technical evidence only, not visual verification."
B2A-ITEM-00035,IMG-FC7531F75F1D908E,assets/images/hotels/hotels-LY-HOTELS-00049-05.webp,IMG-49BED27537B37F32,LY-HOT-000137,hotels,فندق الخان الطرابلسي,hotel,,shared_image_case,false,true,true,thumbnail_only,existing_link,unknown,true,"Existing local linkage; technical evidence only, not visual verification."
B2A-ITEM-00036,IMG-5F1F8C35419379DF,assets/images/hotels/hotels-LY-HOTELS-00074-01.webp,IMG-29E63001ED6E6AA8,LY-HOT-000074,hotels,فندق الماسة,hotel,,primary_candidate,true,false,true,thumbnail_only,existing_link,unknown,true,"Existing local linkage; technical evidence only, not visual verification."
B2A-ITEM-00037,IMG-65AB52B2F6CC48F7,assets/images/hotels/hotels-LY-HOTELS-00011-04.webp,IMG-84252D7DCE95F6A0,LY-HOT-000011,hotels,منتجع الينابيع السياحي,resort,,primary_candidate,true,false,true,high,existing_link,unknown,true,"Existing local linkage; technical evidence only, not visual verification."
B2A-ITEM-00038,IMG-6569E1B0BB8E0782,assets/images/hotels/hotels-LY-HOTELS-00377-01.webp,IMG-FA780C750B848E8D,LY-HOT-000377,hotels,فندق اجنحة قرطاج,hotel,,primary_candidate,true,false,true,thumbnail_only,existing_link,unknown,true,"Existing local linkage; technical evidence only, not visual verification."
B2A-ITEM-00039,IMG-1B3C9820F53BEE88,assets/images/hotels/hotels-LY-HOTELS-00432-01.webp,IMG-483CA60D335C3AB5,LY-HOT-000432,hotels,فندق الدبلوماسي,hotel,,primary_candidate,true,false,true,low,existing_link,unknown,true,"Existing local linkage; technical evidence only, not visual verification."
B2A-ITEM-00040,IMG-2AE0615B4101D7F4,assets/images/hotels/hotels-LY-HOTELS-00046-01.webp,IMG-3219ADC72F5D3D54,LY-HOT-000046,hotels,فندق الجوهرة الزاوية,hotel,,primary_candidate,true,false,true,thumbnail_only,existing_link,unknown,true,"Existing local linkage; technical evidence only, not visual verification."
B2A-ITEM-00041,IMG-7408B0FEE6E15B14,assets/images/hotels/hotels-LY-HOTELS-00151-01.webp,IMG-37F5CC01C65299DE,LY-HOT-000151,hotels,فندق الفضيل رأس لانوف,hotel,,primary_candidate,true,false,true,thumbnail_only,existing_link,unknown,true,"Existing local linkage; technical evidence only, not visual verification."
B2A-ITEM-00042,IMG-B7DE3703E4372DC6,assets/images/hotels/hotels-LY-HOTELS-00057-01.webp,IMG-B12576573F81B667,LY-HOT-000057,hotels,فندق الزهر,hotel,,primary_candidate,true,false,true,thumbnail_only,existing_link,unknown,true,"Existing local linkage; technical evidence only, not visual verification."
B2A-ITEM-00043,IMG-9D2B03FE06D8CF71,assets/images/hotels/hotels-LY-HOTELS-00434-01.webp,IMG-CBB5E7BC1A652E66,LY-HOT-000434,hotels,فندق الديار,hotel,,primary_candidate,true,false,true,acceptable,existing_link,unknown,true,"Existing local linkage; technical evidence only, not visual verification."
B2A-ITEM-00044,IMG-7A112E81106A3622,assets/images/hotels/hotels-LY-HOTELS-00416-01.webp,IMG-51291E43F2B090B3,LY-HOT-000416,hotels,شقق فيلا ليبيا الفندقية,apartment_hotel,,primary_candidate,true,false,true,thumbnail_only,existing_link,unknown,true,"Existing local linkage; technical evidence only, not visual verification."
B2A-ITEM-00045,IMG-3689B35FCE5A7ED0,assets/images/hotels/hotels-LY-HOTELS-00375-01.webp,IMG-009FCBE892318CFC,LY-HOT-000375,hotels,فندق الخليج,hostel,,primary_candidate,true,false,true,thumbnail_only,existing_link,unknown,true,"Existing local linkage; technical evidence only, not visual verification."
B2A-ITEM-00046,IMG-23317BED444CE147,assets/images/hotels/hotels-LY-HOTELS-00305-01.webp,IMG-B936AD7EBE9DAF62,LY-HOT-000305,hotels,فندق الغزالة,hotel,,primary_candidate,true,false,true,thumbnail_only,existing_link,unknown,true,"Existing local linkage; technical evidence only, not visual verification."
B2A-ITEM-00047,IMG-3B56150C8DAA5F16,assets/images/hotels/hotels-LY-HOTELS-00187-01.webp,IMG-424BD318FC8C835A,LY-HOT-000187,hotels,فندق أفريقيا,hotel,,primary_candidate,true,false,true,thumbnail_only,existing_link,unknown,true,"Existing local linkage; technical evidence only, not visual verification."
B2A-ITEM-00048,IMG-31E0CFFABE88906C,assets/images/hotels/hotels-LY-HOTELS-00077-01.webp,IMG-FDB2049E02358947,LY-HOT-000077,hotels,فندق المشكاة,hotel,,primary_candidate,true,false,true,thumbnail_only,existing_link,unknown,true,"Existing local linkage; technical evidence only, not visual verification."
B2A-ITEM-00049,IMG-B51A8889CBB17DA7,assets/images/hotels/hotels-LY-HOTELS-00050-01.webp,IMG-DFF472B57CBC2904,LY-HOT-000050,hotels,فندق الخليج,hostel,,primary_candidate,true,false,true,thumbnail_only,existing_link,unknown,true,"Existing local linkage; technical evidence only, not visual verification."
B2A-ITEM-00050,IMG-C73E517BCA650C42,assets/images/hotels/hotels-LY-HOTELS-00569-01.webp,IMG-CD983E0AAA414E3B,LY-HOT-000569,hotels,لانكاستر برج الحياة (ماريوت سابقا),hotel,,primary_candidate,true,false,true,thumbnail_only,existing_link,unknown,true,"Existing local linkage; technical evidence only, not visual verification."
B2A-ITEM-00051,IMG-07823DE59E73877A,assets/images/hotels/hotels-LY-HOTELS-00273-01.webp,IMG-A8A2FE6C77946B50,LY-HOT-000273,hotels,فندق النعيم,hostel,,primary_candidate,true,false,true,high,existing_link,unknown,true,"Existing local linkage; technical evidence only, not visual verification."
B2A-ITEM-00052,IMG-071FE7CDBF486A2C,assets/images/hotels/hotels-LY-HOTELS-00401-01.webp,IMG-AB80F3A7AC9DB921,LY-HOT-000401,hotels,المكان للشقق الفندقية,apartment_hotel,,primary_candidate,true,false,true,thumbnail_only,existing_link,unknown,true,"Existing local linkage; technical evidence only, not visual verification."
B2A-ITEM-00053,IMG-07D179D8F1F3B4C8,assets/images/hotels/hotels-LY-HOTELS-00066-01.webp,IMG-67013592F955DB61,LY-HOT-000066,hotels,فندق الصناعية مصراتة,hotel,,primary_candidate,true,false,true,thumbnail_only,existing_link,unknown,true,"Existing local linkage; technical evidence only, not visual verification."
B2A-ITEM-00054,IMG-F184080C2E496B05,assets/images/hotels/hotels-LY-HOTELS-00345-02.webp,IMG-67676277997A687B,LY-HOT-000346,hotels,فندق لؤلؤة الخليج البيضاء,hotel,,shared_image_case,false,true,true,thumbnail_only,existing_link,unknown,true,"Existing local linkage; technical evidence only, not visual verification."
B2A-ITEM-00055,IMG-D9EDED0098CA6015,assets/images/hotels/hotels-LY-HOTELS-00407-01.webp,IMG-A105AA72A1C35896,LY-HOT-000407,hotels,بيوت العاصمة للشقق الفندقية,apartment_hotel,,primary_candidate,true,false,true,thumbnail_only,existing_link,unknown,true,"Existing local linkage; technical evidence only, not visual verification."
B2A-ITEM-00056,IMG-3CBAB36D93017A02,assets/images/hotels/hotels-LY-HOTELS-00021-01.webp,IMG-A6E700E352D9D346,LY-HOT-000021,hotels,فندق سان جورج,hotel,,primary_candidate,true,false,true,thumbnail_only,existing_link,unknown,true,"Existing local linkage; technical evidence only, not visual verification."
B2A-ITEM-00057,IMG-046EDC55FFD15293,assets/images/hotels/hotels-LY-HOTELS-00113-01.webp,IMG-C4A9802D583C2030,LY-HOT-000119,hotels,فندق ليالي قرطاج,hotel,,primary_candidate,true,true,true,thumbnail_only,existing_link,unknown,true,"Existing local linkage; technical evidence only, not visual verification."
B2A-ITEM-00058,IMG-ED83FCE5201AF85C,assets/images/hotels/hotels-LY-HOTELS-00378-01.webp,IMG-CCCFE0B970F832F5,LY-HOT-000378,hotels,فندق الباشا,hotel,,primary_candidate,true,false,true,thumbnail_only,existing_link,unknown,true,"Existing local linkage; technical evidence only, not visual verification."
B2A-ITEM-00059,IMG-DC8036C639747547,assets/images/hotels/hotels-LY-HOTELS-00419-01.webp,IMG-105BDC6F23C3BD0D,LY-HOT-000419,hotels,فندق الاصالة,hostel,,primary_candidate,true,false,true,thumbnail_only,existing_link,unknown,true,"Existing local linkage; technical evidence only, not visual verification."
B2A-ITEM-00060,IMG-76159BDC315DE906,assets/images/hotels/hotels-LY-HOTELS-00027-02.webp,IMG-2A66FD84B44F3088,LY-HOT-000027,hotels,بيوت شباب غدامس,review_required,,primary_candidate,true,false,true,thumbnail_only,existing_link,unknown,true,"Existing local linkage; technical evidence only, not visual verification."
B2A-ITEM-00061,IMG-792FD5E40F6FFFF5,assets/images/hotels/hotels-LY-HOTELS-00031-05.webp,IMG-6332230EC4683844,LY-HOT-000115,hotels,فندق قصر الفيروز,hotel,,shared_image_case,false,true,true,thumbnail_only,existing_link,unknown,true,"Existing local linkage; technical evidence only, not visual verification."
B2A-ITEM-00062,IMG-87993A1E3CB548BA,assets/images/hotels/hotels-LY-HOTELS-00169-01.webp,IMG-8A4782794B4D09FE,LY-HOT-000169,hotels,فندق النخلة السياحي,hotel,,primary_candidate,true,false,true,thumbnail_only,existing_link,unknown,true,"Existing local linkage; technical evidence only, not visual verification."
B2A-ITEM-00063,IMG-0F373BA333C2EBDE,assets/images/hotels/hotels-LY-HOTELS-00029-03.webp,IMG-CB96DDDE68C5CFBE,LY-HOT-000029,hotels,فندق أبراج الوسطى,hotel,,primary_candidate,true,false,true,thumbnail_only,existing_link,unknown,true,"Existing local linkage; technical evidence only, not visual verification."
B2A-ITEM-00064,IMG-7C37736A8EF80145,assets/images/hotels/hotels-LY-HOTELS-00323-01.webp,IMG-18EEA34E41204D8F,LY-HOT-000323,hotels,فندق بيزا السياحي,resort,,primary_candidate,true,false,true,thumbnail_only,existing_link,unknown,true,"Existing local linkage; technical evidence only, not visual verification."
B2A-ITEM-00065,IMG-04F9E0CDB205B35F,assets/images/hotels/hotels-LY-HOTELS-00405-01.webp,IMG-5D78329B687890B1,LY-HOT-000405,hotels,أجنحة الفوانيس للشقق الفندقية,apartment_hotel,,primary_candidate,true,false,true,thumbnail_only,existing_link,unknown,true,"Existing local linkage; technical evidence only, not visual verification."
B2A-ITEM-00066,IMG-590675C1DE7ECB98,assets/images/hotels/hotels-LY-HOTELS-00031-03.webp,IMG-ACCE222A1C8826AD,LY-HOT-000115,hotels,فندق قصر الفيروز,hotel,,shared_image_case,false,true,true,thumbnail_only,existing_link,unknown,true,"Existing local linkage; technical evidence only, not visual verification."
B2A-ITEM-00067,IMG-67A5A64E322D0F37,assets/images/hotels/hotels-LY-HOTELS-00056-01.webp,IMG-D4C607AB8D516F6C,LY-HOT-000056,hotels,فندق الريان,hotel,,primary_candidate,true,false,true,thumbnail_only,existing_link,unknown,true,"Existing local linkage; technical evidence only, not visual verification."
B2A-ITEM-00068,IMG-DA0ECA578123941F,assets/images/hotels/hotels-LY-HOTELS-00110-01.webp,IMG-48C35F15AFAC03C4,LY-HOT-000110,hotels,فندق عين الفرس,hotel,,primary_candidate,true,false,true,thumbnail_only,existing_link,unknown,true,"Existing local linkage; technical evidence only, not visual verification."
B2A-ITEM-00069,IMG-A621EC690B7CF91C,assets/images/hotels/hotels-LY-HOTELS-00314-03.webp,IMG-344CFBC9C6B372F8,LY-HOT-000446,hotels,فندق السرايا,hotel,,shared_image_case,false,true,true,acceptable,existing_link,unknown,true,"Existing local linkage; technical evidence only, not visual verification."
B2A-ITEM-00070,IMG-4CC4FED28261BA62,assets/images/hotels/hotels-LY-HOTELS-00123-01.webp,IMG-1CF0D3EE8287CA23,LY-HOT-000123,hotels,فندق ومطعم الامتياز,hotel,,primary_candidate,true,false,true,thumbnail_only,existing_link,unknown,true,"Existing local linkage; technical evidence only, not visual verification."
B2A-ITEM-00071,IMG-A3238C4AC13F9C7F,assets/images/hotels/hotels-LY-HOTELS-00399-01.webp,IMG-B108DCDC5B17A513,LY-HOT-000400,hotels,المجرة للشقق الفندقية,apartment_hotel,,primary_candidate,true,true,true,thumbnail_only,existing_link,unknown,true,"Existing local linkage; technical evidence only, not visual verification."
B2A-ITEM-00072,IMG-7053C4C6903C739C,assets/images/hotels/hotels-LY-HOTELS-00415-01.webp,IMG-7380249A8BF93BA4,LY-HOT-000415,hotels,شقق الرواد المفروشة,apartment_hotel,,primary_candidate,true,false,true,thumbnail_only,existing_link,unknown,true,"Existing local linkage; technical evidence only, not visual verification."
B2A-ITEM-00073,IMG-729EB4B25B240200,assets/images/hotels/hotels-LY-HOTELS-00295-03.webp,IMG-B3625AAF3EC3C85D,LY-HOT-000424,hotels,فندق التاج,hotel,,shared_image_case,false,true,true,high,existing_link,unknown,true,"Existing local linkage; technical evidence only, not visual verification."
B2A-ITEM-00074,IMG-65F952AC1826FCC9,assets/images/hotels/hotels-LY-HOTELS-00349-01.webp,IMG-6E08B25C96998D68,LY-HOT-000349,hotels,النوران_ للشقق_الفندقية,hostel,,primary_candidate,true,false,true,thumbnail_only,existing_link,unknown,true,"Existing local linkage; technical evidence only, not visual verification."
B2A-ITEM-00075,IMG-03FE1BFC24DF7657,assets/images/hotels/hotels-LY-HOTELS-00080-01.webp,IMG-38960BB243DCAEBE,LY-HOT-000080,hotels,فندق النقازة الخمس,resort,,primary_candidate,true,false,true,thumbnail_only,existing_link,unknown,true,"Existing local linkage; technical evidence only, not visual verification."
B2A-ITEM-00076,IMG-F7EC6271B650752B,assets/images/hotels/hotels-LY-HOTELS-00086-01.webp,IMG-C778F371CEE679A5,LY-HOT-000086,hotels,فندق أجنحة قرطاج,hotel,,primary_candidate,true,false,true,thumbnail_only,existing_link,unknown,true,"Existing local linkage; technical evidence only, not visual verification."
B2A-ITEM-00077,IMG-5F0B87CC56980023,assets/images/hotels/hotels-LY-HOTELS-00314-04.webp,IMG-A9FE60CE8BAB8B94,LY-HOT-000446,hotels,فندق السرايا,hotel,,primary_candidate,true,true,true,high,existing_link,unknown,true,"Existing local linkage; technical evidence only, not visual verification."
B2A-ITEM-00078,IMG-B2F0F8C95D27D07E,assets/images/hotels/hotels-LY-HOTELS-00343-01.webp,IMG-99A77748F15BA271,LY-HOT-000343,hotels,فندق روايال غريان,hostel,,primary_candidate,true,false,true,thumbnail_only,existing_link,unknown,true,"Existing local linkage; technical evidence only, not visual verification."
B2A-ITEM-00079,IMG-46821D9B585FFE64,assets/images/hotels/hotels-LY-HOTELS-00424-01.webp,IMG-54088895E3542EC3,LY-HOT-000424,hotels,فندق التاج,hotel,,primary_candidate,true,false,true,thumbnail_only,existing_link,unknown,true,"Existing local linkage; technical evidence only, not visual verification."
B2A-ITEM-00080,IMG-56A6440E48860943,assets/images/hotels/hotels-LY-HOTELS-00023-01.webp,IMG-764C36CA540766FE,LY-HOT-000023,hotels,بيوت الشباب,hostel,,primary_candidate,true,false,true,thumbnail_only,existing_link,unknown,true,"Existing local linkage; technical evidence only, not visual verification."
B2A-ITEM-00081,IMG-5255F49255B9CDBC,assets/images/hotels/hotels-LY-HOTELS-00223-01.webp,IMG-597BB54E378E3D06,LY-HOT-000223,hotels,فندق صحارى ليبيا,hotel,,primary_candidate,true,false,true,acceptable,existing_link,unknown,true,"Existing local linkage; technical evidence only, not visual verification."
B2A-ITEM-00082,IMG-6114B601BF0B1A8C,assets/images/hotels/hotels-LY-HOTELS-00321-01.webp,IMG-18D2823CC6168755,LY-HOT-000321,hotels,الوادي 2 للشقق الفندقية,hotel,,primary_candidate,true,false,true,thumbnail_only,existing_link,unknown,true,"Existing local linkage; technical evidence only, not visual verification."
B2A-ITEM-00083,IMG-B72D016B90536F00,assets/images/hotels/hotels-LY-HOTELS-00410-01.webp,IMG-F8219A12DC93F596,LY-HOT-000410,hotels,جوهرة السلام للشقق الفندقية,apartment_hotel,,primary_candidate,true,false,true,thumbnail_only,existing_link,unknown,true,"Existing local linkage; technical evidence only, not visual verification."
B2A-ITEM-00084,IMG-5ED99B628601EBD3,assets/images/hotels/hotels-LY-HOTELS-00034-01.webp,IMG-522DC3EE12090AF5,LY-HOT-000034,hotels,فندق احواص,hostel,,primary_candidate,true,false,true,acceptable,existing_link,unknown,true,"Existing local linkage; technical evidence only, not visual verification."
B2A-ITEM-00085,IMG-95E3447DAE58A495,assets/images/hotels/hotels-LY-HOTELS-00039-01.webp,IMG-FF9B5C89FCA47753,LY-HOT-000039,hotels,فندق الأندلس,hotel,,primary_candidate,true,false,true,thumbnail_only,existing_link,unknown,true,"Existing local linkage; technical evidence only, not visual verification."
B2A-ITEM-00086,IMG-612CCDBF36460E46,assets/images/hotels/hotels-LY-HOTELS-00084-01.webp,IMG-D6889136D1DAD153,LY-HOT-000084,hotels,فندق الواحات,hotel,,primary_candidate,true,false,true,thumbnail_only,existing_link,unknown,true,"Existing local linkage; technical evidence only, not visual verification."
B2A-ITEM-00087,IMG-5BA106F592D0332E,assets/images/hotels/hotels-LY-HOTELS-00032-01.webp,IMG-19CA1851ED79FB1D,LY-HOT-000032,hotels,Royal Gardens Hotels,hostel,,primary_candidate,true,false,true,thumbnail_only,existing_link,unknown,true,"Existing local linkage; technical evidence only, not visual verification."
B2A-ITEM-00088,IMG-500722E7A72A0CB8,assets/images/hotels/hotels-LY-HOTELS-00338-01.webp,IMG-D7CE0E4AF92A71CB,LY-HOT-000338,hotels,الامان للشقق الفندقية,apartment_hotel,,primary_candidate,true,false,true,thumbnail_only,existing_link,unknown,true,"Existing local linkage; technical evidence only, not visual verification."
B2A-ITEM-00089,IMG-76FF508F0B7A8565,assets/images/hotels/hotels-LY-HOTELS-00053-01.webp,IMG-56E98A5645B39F5D,LY-HOT-000053,hotels,فندق الديار,hotel,,primary_candidate,true,false,true,thumbnail_only,existing_link,unknown,true,"Existing local linkage; technical evidence only, not visual verification."
B2A-ITEM-00090,IMG-35322FD32CA106B6,assets/images/hotels/hotels-LY-HOTELS-00334-01.webp,IMG-8E4C579EE177DF57,LY-HOT-000334,hotels,فندق التوجان السياحي,hostel,,primary_candidate,true,false,true,thumbnail_only,existing_link,unknown,true,"Existing local linkage; technical evidence only, not visual verification."
B2A-ITEM-00091,IMG-CEB56CEBA46AE29E,assets/images/hotels/hotels-LY-HOTELS-00423-01.webp,IMG-DA49C17306783B4F,LY-HOT-000423,hotels,فندق البيت الراقي للشقق الفندقية,apartment_hotel,,primary_candidate,true,false,true,thumbnail_only,existing_link,unknown,true,"Existing local linkage; technical evidence only, not visual verification."
B2A-ITEM-00092,IMG-6A860408D3A66731,assets/images/hotels/hotels-LY-HOTELS-00019-02.webp,IMG-8D9EA23C81887426,LY-HOT-000019,hotels,فندق الودان,hotel,,primary_candidate,true,false,true,thumbnail_only,existing_link,unknown,true,"Existing local linkage; technical evidence only, not visual verification."
B2A-ITEM-00093,IMG-AB2F785A48F45260,assets/images/hotels/hotels-LY-HOTELS-00275-01.webp,IMG-1C3BA4BF58BF7974,LY-HOT-000275,hotels,فندق الفصول الاربعة 2,resort,,primary_candidate,true,false,true,high,existing_link,unknown,true,"Existing local linkage; technical evidence only, not visual verification."
B2A-ITEM-00094,IMG-646D87B3751258C3,assets/images/hotels/hotels-LY-HOTELS-00394-01.webp,IMG-5CF299F9826456A1,LY-HOT-000394,hotels,الدلتا للشقق الفندقية 1,apartment_hotel,,primary_candidate,true,false,true,thumbnail_only,existing_link,unknown,true,"Existing local linkage; technical evidence only, not visual verification."
B2A-ITEM-00095,IMG-C1AE737C120905FA,assets/images/hotels/hotels-LY-HOTELS-00332-01.webp,IMG-3EA653CB93695794,LY-HOT-000332,hotels,عمار او المجد للشقق الفندقية,hotel,,primary_candidate,true,false,true,thumbnail_only,existing_link,unknown,true,"Existing local linkage; technical evidence only, not visual verification."
B2A-ITEM-00096,IMG-03C03752D4FFB0D9,assets/images/hotels/hotels-LY-HOTELS-00150-01.webp,,LY-HOT-000150,hotels,فندق الفضيل,hotel,,primary_candidate,true,false,false,thumbnail_only,existing_link,unknown,true,"Existing local linkage; technical evidence only, not visual verification."
B2A-ITEM-00097,IMG-2F048837E230F91F,assets/images/hotels/hotels-LY-HOTELS-00190-01.webp,,LY-HOT-000190,hotels,فندق أمال ليبيا,hotel,,primary_candidate,true,false,false,thumbnail_only,existing_link,unknown,true,"Existing local linkage; technical evidence only, not visual verification."
B2A-ITEM-00098,IMG-3859DF30E43751C6,assets/images/hotels/hotels-LY-HOTELS-00414-01.webp,IMG-1A5188ACCF8A12DE,LY-HOT-000414,hotels,شقق البرنس,apartment_hotel,,primary_candidate,true,false,true,thumbnail_only,existing_link,unknown,true,"Existing local linkage; technical evidence only, not visual verification."
B2A-ITEM-00099,IMG-F3E648AD7CE0F676,assets/images/hotels/hotels-LY-HOTELS-00283-01.webp,IMG-1CDC2C3D694FD21B,LY-HOT-000283,hotels,فندق زهرة الخليج,hotel,,primary_candidate,true,false,true,acceptable,existing_link,unknown,true,"Existing local linkage; technical evidence only, not visual verification."
B2A-ITEM-00100,IMG-819089A3F33FB55C,assets/images/hotels/hotels-LY-HOTELS-00009-01.webp,IMG-E8A0ACB419E446F1,LY-HOT-000357,hotels,فندق العنود البيضاء,apartment_hotel,,primary_candidate,true,true,true,thumbnail_only,existing_link,unknown,true,"Existing local linkage; technical evidence only, not visual verification."
B2A-ITEM-00101,IMG-B9573C8C7FB931A8,assets/images/hotels/hotels-LY-HOTELS-00314-01.webp,IMG-5269628C74ADF318,LY-HOT-000446,hotels,فندق السرايا,hotel,,primary_candidate,true,true,true,acceptable,existing_link,unknown,true,"Existing local linkage; technical evidence only, not visual verification."
B2A-ITEM-00102,IMG-622D25A255534D5F,assets/images/hotels/hotels-LY-HOTELS-00425-01.webp,IMG-8A7CD6243BB292CF,LY-HOT-000425,hotels,فندق التوفيق بلازا,hostel,,primary_candidate,true,false,true,high,existing_link,unknown,true,"Existing local linkage; technical evidence only, not visual verification."
B2A-ITEM-00103,IMG-529535B1FF6858C1,assets/images/hotels/hotels-LY-HOTELS-00060-01.webp,IMG-1826FC3DA9B6FF0D,LY-HOT-000060,hotels,فندق زوارة,hostel,,primary_candidate,true,false,true,thumbnail_only,existing_link,unknown,true,"Existing local linkage; technical evidence only, not visual verification."
B2A-ITEM-00104,IMG-51AB10EF4C188BE1,assets/images/hotels/hotels-LY-HOTELS-00090-01.webp,IMG-20805D649E860231,LY-HOT-000090,hotels,فندق بيت الأمان,hostel,,primary_candidate,true,false,true,thumbnail_only,existing_link,unknown,true,"Existing local linkage; technical evidence only, not visual verification."
B2A-ITEM-00105,IMG-E154B829B141A067,assets/images/hotels/hotels-LY-HOTELS-00120-01.webp,IMG-777779309D76AB79,LY-HOT-000120,hotels,فندق ليبيا,hostel,,primary_candidate,true,false,true,thumbnail_only,existing_link,unknown,true,"Existing local linkage; technical evidence only, not visual verification."
B2A-ITEM-00106,IMG-FD41C8ED19ACA6CA,assets/images/hotels/hotels-LY-HOTELS-00413-01.webp,IMG-8DFBD08799490E77,LY-HOT-000413,hotels,شركة العميد لايجار الشقق الفندقية,apartment_hotel,,primary_candidate,true,false,true,thumbnail_only,existing_link,unknown,true,"Existing local linkage; technical evidence only, not visual verification."
B2A-ITEM-00107,IMG-674C0626690A6B84,assets/images/hotels/hotels-LY-HOTELS-00268-01.webp,IMG-F4B773F3F5826691,LY-HOT-000268,hotels,فندق الفصول الاربعة 3,hotel,,primary_candidate,true,false,true,thumbnail_only,existing_link,unknown,true,"Existing local linkage; technical evidence only, not visual verification."
B2A-ITEM-00108,IMG-033D22EBF511990B,assets/images/hotels/hotels-LY-HOTELS-00049-04.webp,IMG-60EE78819E322F04,LY-HOT-000137,hotels,فندق الخان الطرابلسي,hotel,,shared_image_case,false,true,true,thumbnail_only,existing_link,unknown,true,"Existing local linkage; technical evidence only, not visual verification."
B2A-ITEM-00109,IMG-055271F1382E9D5A,assets/images/hotels/hotels-LY-HOTELS-00102-01.webp,IMG-9D8E2EB582BFCFAC,LY-HOT-000102,hotels,فندق سفاري,hotel,,primary_candidate,true,false,true,thumbnail_only,existing_link,unknown,true,"Existing local linkage; technical evidence only, not visual verification."
B2A-ITEM-00110,IMG-AB22C6D40D93616F,assets/images/hotels/hotels-LY-HOTELS-00295-01.webp,IMG-A4E1C106CA5102C7,LY-HOT-000424,hotels,فندق التاج,hotel,,primary_candidate,true,true,true,acceptable,existing_link,unknown,true,"Existing local linkage; technical evidence only, not visual verification."
B2A-ITEM-00111,IMG-C3B22F220B972700,assets/images/hotels/hotels-LY-HOTELS-00049-03.webp,IMG-87D2EFFFECCD54B8,LY-HOT-000137,hotels,فندق الخان الطرابلسي,hotel,,shared_image_case,false,true,true,thumbnail_only,existing_link,unknown,true,"Existing local linkage; technical evidence only, not visual verification."
B2A-ITEM-00112,IMG-C6DFB6BFEF341C5D,assets/images/hotels/hotels-LY-HOTELS-00042-01.webp,IMG-FC371968523F74F4,LY-HOT-000042,hotels,التاج للشقق الفندقية,hotel,,primary_candidate,true,false,true,thumbnail_only,existing_link,unknown,true,"Existing local linkage; technical evidence only, not visual verification."
B2A-ITEM-00113,IMG-9F297B4C0B40C957,assets/images/hotels/hotels-LY-HOTELS-00099-01.webp,IMG-B8A9EE245BA8AD26,LY-HOT-000099,hotels,فندق زميت,hotel,,primary_candidate,true,false,true,thumbnail_only,existing_link,unknown,true,"Existing local linkage; technical evidence only, not visual verification."
B2A-ITEM-00114,IMG-D58DFEE97D5305FF,assets/images/hotels/hotels-LY-HOTELS-00279-01.webp,IMG-ECE2E4D8B397371D,LY-HOT-000279,hotels,فندق الصافي,hotel,,primary_candidate,true,false,true,thumbnail_only,existing_link,unknown,true,"Existing local linkage; technical evidence only, not visual verification."
B2A-ITEM-00115,IMG-3143393C3BB12C6B,assets/images/hotels/hotels-LY-HOTELS-00278-01.webp,IMG-705FD2B233983894,LY-HOT-000278,hotels,فندق الشاطئ الذهبى,hotel,,primary_candidate,true,false,true,thumbnail_only,existing_link,unknown,true,"Existing local linkage; technical evidence only, not visual verification."
B2A-ITEM-00116,IMG-D290D5E752B7F249,assets/images/hotels/hotels-LY-HOTELS-00004-01.webp,IMG-1F1F62E31C92DC9F,LY-HOT-000004,hotels,فندق تبرس,hostel,,primary_candidate,true,false,true,thumbnail_only,existing_link,unknown,true,"Existing local linkage; technical evidence only, not visual verification."
B2A-ITEM-00117,IMG-F83777E607F937D9,assets/images/hotels/hotels-LY-HOTELS-00078-01.webp,IMG-F83777E607F937D9,LY-HOT-000078,hotels,فندق المنامة,hotel,,primary_candidate,true,false,false,thumbnail_only,existing_link,unknown,true,"Existing local linkage; technical evidence only, not visual verification."
B2A-ITEM-00118,IMG-C3173B5D0FED640E,assets/images/hotels/hotels-LY-HOTELS-00399-04.webp,IMG-DDDFEAF1619C65CE,LY-HOT-000400,hotels,المجرة للشقق الفندقية,apartment_hotel,,shared_image_case,false,true,true,thumbnail_only,existing_link,unknown,true,"Existing local linkage; technical evidence only, not visual verification."
B2A-ITEM-00119,IMG-4F0A3CE02FA1B883,assets/images/hotels/hotels-LY-HOTELS-00075-01.webp,IMG-5BE42BF01EA16B89,LY-HOT-000158,hotels,فندق المتوسط الخمس,hostel,,primary_candidate,true,true,true,thumbnail_only,existing_link,unknown,true,"Existing local linkage; technical evidence only, not visual verification."
B2A-ITEM-00120,IMG-C75C7E18E8905149,assets/images/hotels/hotels-LY-HOTELS-00055-01.webp,IMG-1289F69675F9BC19,LY-HOT-000055,hotels,فندق الرفيع,hostel,,primary_candidate,true,false,true,thumbnail_only,existing_link,unknown,true,"Existing local linkage; technical evidence only, not visual verification."
B2A-ITEM-00121,IMG-CB4676B3E9A8B840,assets/images/hotels/hotels-LY-HOTELS-00093-01.webp,IMG-988702877E84182E,LY-HOT-000093,hotels,لانكاستر برج الحياة ( ماريوت سابقا),hotel,,primary_candidate,true,false,true,thumbnail_only,existing_link,unknown,true,"Existing local linkage; technical evidence only, not visual verification."
B2A-ITEM-00122,IMG-599C8099E31AA502,assets/images/hotels/hotels-LY-HOTELS-00088-01.webp,IMG-D1E6E47D8546628E,LY-HOT-000088,hotels,فندق بنت السيد,hotel,,primary_candidate,true,false,true,acceptable,existing_link,unknown,true,"Existing local linkage; technical evidence only, not visual verification."
B2A-ITEM-00123,IMG-4ECEDB1678C21ED6,assets/images/hotels/hotels-LY-HOTELS-00160-01.webp,IMG-C528015251C45B51,LY-HOT-000160,hotels,فندق المدينة,hotel,,primary_candidate,true,false,true,thumbnail_only,existing_link,unknown,true,"Existing local linkage; technical evidence only, not visual verification."
B2A-ITEM-00124,IMG-8302B3A52AE6F475,assets/images/hotels/hotels-LY-HOTELS-00009-02.webp,IMG-8E0A80A036FBC349,LY-HOT-000357,hotels,فندق العنود البيضاء,apartment_hotel,,shared_image_case,false,true,true,thumbnail_only,existing_link,unknown,true,"Existing local linkage; technical evidence only, not visual verification."
B2A-ITEM-00125,IMG-1BD693AB20394DC5,assets/images/hotels/hotels-LY-HOTELS-00376-01.webp,IMG-CCFE684B5BBCEC7A,LY-HOT-000376,hotels,فندق أضواء قرطاج,hotel,,primary_candidate,true,false,true,thumbnail_only,existing_link,unknown,true,"Existing local linkage; technical evidence only, not visual verification."
B2A-ITEM-00126,IMG-C2390CB8BDA7A88F,assets/images/hotels/hotels-LY-HOTELS-00445-01.webp,IMG-D23C714ED0FF8E33,LY-HOT-000445,hotels,فندق الزيتونة,hostel,,primary_candidate,true,false,true,acceptable,existing_link,unknown,true,"Existing local linkage; technical evidence only, not visual verification."
B2A-ITEM-00127,IMG-A99658DB11939621,assets/images/hotels/hotels-LY-HOTELS-00344-01.webp,IMG-6F6E80FA1C398EEC,LY-HOT-000344,hotels,فندق حوش بوغنوش,hotel,,primary_candidate,true,false,true,thumbnail_only,existing_link,unknown,true,"Existing local linkage; technical evidence only, not visual verification."
B2A-ITEM-00128,IMG-02BE325FA2853805,assets/images/hotels/hotels-LY-HOTELS-00005-04.webp,IMG-5E57E1652E9C5361,LY-HOT-000005,hotels,منتجع شحات السياحي,resort,,primary_candidate,true,false,true,acceptable,existing_link,unknown,true,"Existing local linkage; technical evidence only, not visual verification."
B2A-ITEM-00129,IMG-B802642D83C0705A,assets/images/hotels/hotels-LY-HOTELS-00003-01.webp,IMG-7109F2C92F3524CC,LY-HOT-000003,hotels,فندق جوهرة الواحة,hostel,,primary_candidate,true,false,true,thumbnail_only,existing_link,unknown,true,"Existing local linkage; technical evidence only, not visual verification."
B2A-ITEM-00130,IMG-55D8F93ACEA7906A,assets/images/hotels/hotels-LY-HOTELS-00010-01.webp,IMG-C703BA3F8EA4B26E,LY-HOT-000010,hotels,فندق الثريا,hotel,,primary_candidate,true,false,true,thumbnail_only,existing_link,unknown,true,"Existing local linkage; technical evidence only, not visual verification."
B2A-ITEM-00131,IMG-666F1656E7D3A85E,assets/images/hotels/hotels-LY-HOTELS-00384-01.webp,IMG-16B5AE44B2B3A4BB,LY-HOT-000384,hotels,فندق جولف,hotel,,primary_candidate,true,false,true,thumbnail_only,existing_link,unknown,true,"Existing local linkage; technical evidence only, not visual verification."
B2A-ITEM-00132,IMG-5FE1ABA6DADBA795,assets/images/hotels/hotels-LY-HOTELS-00196-01.webp,IMG-133A23B4A668D9F5,LY-HOT-000196,hotels,فندق بلازما,hotel,,primary_candidate,true,false,true,acceptable,existing_link,unknown,true,"Existing local linkage; technical evidence only, not visual verification."
B2A-ITEM-00133,IMG-176798488A35C25B,assets/images/hotels/hotels-LY-HOTELS-00411-01.webp,IMG-BC60B14A0F88EEA4,LY-HOT-000411,hotels,حدائق المشتل للشقق الفندقية,apartment_hotel,,primary_candidate,true,false,true,thumbnail_only,existing_link,unknown,true,"Existing local linkage; technical evidence only, not visual verification."
B2A-ITEM-00134,IMG-C342E390F07568AB,assets/images/hotels/hotels-LY-HOTELS-00318-01.webp,IMG-9A036A41DCB17370,LY-HOT-000318,hotels,الحبايب,review_required,,primary_candidate,true,false,true,thumbnail_only,existing_link,unknown,true,"Existing local linkage; technical evidence only, not visual verification."
B2A-ITEM-00135,IMG-92E4F00620C05EFB,assets/images/hotels/hotels-LY-HOTELS-00095-01.webp,IMG-83CA82DB3EDF9B3C,LY-HOT-000095,hotels,فندق ديار الهناء,hotel,,primary_candidate,true,false,true,thumbnail_only,existing_link,unknown,true,"Existing local linkage; technical evidence only, not visual verification."
B2A-ITEM-00136,IMG-C7239FBDF94ED0B0,assets/images/hotels/hotels-LY-HOTELS-00049-01.webp,IMG-443FF103E9C980C5,LY-HOT-000049,hotels,فندق الخان الطرابلسي,hotel,,primary_candidate,true,false,true,thumbnail_only,existing_link,unknown,true,"Existing local linkage; technical evidence only, not visual verification."
B2A-ITEM-00137,IMG-6DE54E582E1827F9,assets/images/hotels/hotels-LY-HOTELS-00365-01.webp,IMG-53FEC56240658906,LY-HOT-000365,hotels,فندق بيت سباب الخمس,hotel,,primary_candidate,true,false,true,thumbnail_only,existing_link,unknown,true,"Existing local linkage; technical evidence only, not visual verification."
B2A-ITEM-00138,IMG-8D254ED37F12A687,assets/images/hotels/hotels-LY-HOTELS-00128-01.webp,IMG-F0443C68BFB8ECB7,LY-HOT-000128,hotels,فندق الثريا السياحي,hotel,,primary_candidate,true,false,true,thumbnail_only,existing_link,unknown,true,"Existing local linkage; technical evidence only, not visual verification."
B2A-ITEM-00139,IMG-BD576D6C7A28616B,assets/images/hotels/hotels-LY-HOTELS-00131-01.webp,IMG-D9758A121B1BEAC9,LY-HOT-000131,hotels,فندق البردي,hotel,,primary_candidate,true,false,true,thumbnail_only,existing_link,unknown,true,"Existing local linkage; technical evidence only, not visual verification."
B2A-ITEM-00140,IMG-C8F2AC0814DA6F5B,assets/images/hotels/hotels-LY-HOTELS-00098-01.webp,IMG-DBD8425A1CC2BD0C,LY-HOT-000098,hotels,فندق زليتن,hotel,,primary_candidate,true,false,true,thumbnail_only,existing_link,unknown,true,"Existing local linkage; technical evidence only, not visual verification."
B2A-ITEM-00141,IMG-8084340B4BB7CB22,assets/images/hotels/hotels-LY-HOTELS-00134-01.webp,IMG-AA1CB588CAAD3FC9,LY-HOT-000134,hotels,فندق الجغبوب,hotel,,primary_candidate,true,false,true,thumbnail_only,existing_link,unknown,true,"Existing local linkage; technical evidence only, not visual verification."
B2A-ITEM-00142,IMG-C04C7358AE4C64F2,assets/images/hotels/hotels-LY-HOTELS-00143-01.webp,IMG-F95797DD27AB0604,LY-HOT-000143,hotels,فندق ابن الرومي,hotel,,primary_candidate,true,false,true,thumbnail_only,existing_link,unknown,true,"Existing local linkage; technical evidence only, not visual verification."
B2A-ITEM-00143,IMG-E3245A512704B018,assets/images/hotels/hotels-LY-HOTELS-00152-01.webp,IMG-BCB7E1B223D8203A,LY-HOT-000152,hotels,فندق الفلك,hotel,,primary_candidate,true,false,true,thumbnail_only,existing_link,unknown,true,"Existing local linkage; technical evidence only, not visual verification."
B2A-ITEM-00144,IMG-A3170ECA96244672,assets/images/hotels/hotels-LY-HOTELS-00193-01.webp,IMG-5CA2B4E101C57B5C,LY-HOT-000193,hotels,فندق باب البحر,hotel,,primary_candidate,true,false,true,high,existing_link,unknown,true,"Existing local linkage; technical evidence only, not visual verification."
B2A-ITEM-00145,IMG-1FEA6DD92699F439,assets/images/hotels/hotels-LY-HOTELS-00061-01.webp,IMG-D811C87C391D5766,LY-HOT-000061,hotels,فندق السندباد,hotel,,primary_candidate,true,false,true,thumbnail_only,existing_link,unknown,true,"Existing local linkage; technical evidence only, not visual verification."
B2A-ITEM-00146,IMG-4B53EBB6AABCC1D3,assets/images/hotels/hotels-LY-HOTELS-00031-01.webp,IMG-935DD19ECAFD33E4,LY-HOT-000031,hotels,فندق قصر الفيروز,hostel,,primary_candidate,true,false,true,thumbnail_only,existing_link,unknown,true,"Existing local linkage; technical evidence only, not visual verification."
B2A-ITEM-00147,IMG-D5C7DDCCE12EA1FE,assets/images/hotels/hotels-LY-HOTELS-00421-01.webp,IMG-86FE165F8F5ADA77,LY-HOT-000421,hotels,فندق البتراء,hostel,,primary_candidate,true,false,true,thumbnail_only,existing_link,unknown,true,"Existing local linkage; technical evidence only, not visual verification."
B2A-ITEM-00148,IMG-EEC9D5AE902233A5,assets/images/hotels/hotels-LY-HOTELS-00028-01.webp,IMG-228F6BDB3D316354,LY-HOT-000028,hotels,نالوت غدامس فندق باب العز,hotel,,primary_candidate,true,false,true,thumbnail_only,existing_link,unknown,true,"Existing local linkage; technical evidence only, not visual verification."
B2A-ITEM-00149,IMG-67129E3029742E03,assets/images/hotels/hotels-LY-HOTELS-00118-01.webp,IMG-60A7D1321C83220B,LY-HOT-000118,hotels,فندق لبدة السياحي الخمس,hotel,,primary_candidate,true,false,true,thumbnail_only,existing_link,unknown,true,"Existing local linkage; technical evidence only, not visual verification."
B2A-ITEM-00150,IMG-D0E4C14FEF216C2C,assets/images/hotels/hotels-LY-HOTELS-00281-01.webp,IMG-2D45459AD8F9CC78,LY-HOT-000281,hotels,فندق الفصول الابعة 1,hotel,,primary_candidate,true,false,true,thumbnail_only,existing_link,unknown,true,"Existing local linkage; technical evidence only, not visual verification."
B2A-ITEM-00151,IMG-00DF5A97DE0DCF00,assets/images/hotels/hotels-LY-HOTELS-00081-01.webp,IMG-44F58819FE6505E3,LY-HOT-000081,hotels,فندق النهر,hostel,,primary_candidate,true,false,true,thumbnail_only,existing_link,unknown,true,"Existing local linkage; technical evidence only, not visual verification."
B2A-ITEM-00152,IMG-6BCB30EA9DC9D585,assets/images/hotels/hotels-LY-HOTELS-00112-01.webp,IMG-B6A8AFA7F049B288,LY-HOT-000112,hotels,فندق غريان السياحي,hotel,,primary_candidate,true,false,true,thumbnail_only,existing_link,unknown,true,"Existing local linkage; technical evidence only, not visual verification."
B2A-ITEM-00153,IMG-2BEC7C4B87BFEE2A,assets/images/hotels/hotels-LY-HOTELS-00038-01.webp,IMG-DE7D1D958BED2577,LY-HOT-000038,hotels,فندق الأصيل,hotel,,primary_candidate,true,false,true,thumbnail_only,existing_link,unknown,true,"Existing local linkage; technical evidence only, not visual verification."
B2A-ITEM-00154,IMG-3F3998976A1F9DD4,assets/images/hotels/hotels-LY-HOTELS-00395-01.webp,IMG-7914DB8D81DF2433,LY-HOT-000395,hotels,الشاطي الذهبي,hotel,,primary_candidate,true,false,true,thumbnail_only,existing_link,unknown,true,"Existing local linkage; technical evidence only, not visual verification."
B2A-ITEM-00155,IMG-BB1EDEC4DA9BCC9F,assets/images/hotels/hotels-LY-HOTELS-00386-01.webp,IMG-D8F8879D56CD066C,LY-HOT-000386,hotels,فندق سنترو,hotel,,primary_candidate,true,false,true,thumbnail_only,existing_link,unknown,true,"Existing local linkage; technical evidence only, not visual verification."
B2A-ITEM-00156,IMG-1CE1F1A994793506,assets/images/hotels/hotels-LY-HOTELS-00404-01.webp,IMG-04126E6080B045F0,LY-HOT-000404,hotels,إقامة قورينا الفاخرة,apartment_hotel,,primary_candidate,true,false,true,thumbnail_only,existing_link,unknown,true,"Existing local linkage; technical evidence only, not visual verification."
B2A-ITEM-00157,IMG-C1C05F1A9D79A78A,assets/images/hotels/hotels-LY-HOTELS-00006-04.webp,IMG-6E813051ABAE8EF8,LY-HOT-000006,hotels,فندق المنارة,hotel,,primary_candidate,true,false,true,acceptable,existing_link,unknown,true,"Existing local linkage; technical evidence only, not visual verification."
B2A-ITEM-00158,IMG-8C23E869CDE883F2,assets/images/hotels/hotels-LY-HOTELS-00412-01.webp,,LY-HOT-000412,hotels,دار الضيافة 2 للشقق الفندقية,apartment_hotel,,primary_candidate,true,false,false,thumbnail_only,existing_link,unknown,true,"Existing local linkage; technical evidence only, not visual verification."
B2A-ITEM-00159,IMG-E62FE6C2A48E1957,assets/images/hotels/hotels-LY-HOTELS-00125-01.webp,IMG-4F0420A624DB83FF,LY-HOT-000125,hotels,فندق يفرن,hotel,,primary_candidate,true,false,true,thumbnail_only,existing_link,unknown,true,"Existing local linkage; technical evidence only, not visual verification."
B2A-ITEM-00160,IMG-D2C42BD4A4895D81,assets/images/hotels/hotels-LY-HOTELS-00496-01.webp,IMG-B69842C26D2B8DC4,LY-HOT-000496,hotels,فندق اوال,hotel,,primary_candidate,true,false,true,thumbnail_only,existing_link,unknown,true,"Existing local linkage; technical evidence only, not visual verification."
B2A-ITEM-00161,IMG-ED94159E9BC6C717,assets/images/hotels/hotels-LY-HOTELS-00181-01.webp,IMG-A477669901497B22,LY-HOT-000181,hotels,فندق اليمامة,hotel,,primary_candidate,true,false,true,thumbnail_only,existing_link,unknown,true,"Existing local linkage; technical evidence only, not visual verification."
B2A-ITEM-00162,IMG-8E4486514CFFA7F7,assets/images/hotels/hotels-LY-HOTELS-00322-01.webp,IMG-00A08FB9993FDC6A,LY-HOT-000322,hotels,الأطلس للشقق الفندقية,hotel,,primary_candidate,true,false,true,thumbnail_only,existing_link,unknown,true,"Existing local linkage; technical evidence only, not visual verification."
B2A-ITEM-00163,IMG-BD20E72787241A92,assets/images/hotels/hotels-LY-HOTELS-00340-01.webp,IMG-F9AC1761B241CDCE,LY-HOT-000340,hotels,فندق الرابطة,hostel,,primary_candidate,true,false,true,thumbnail_only,existing_link,unknown,true,"Existing local linkage; technical evidence only, not visual verification."
B2A-ITEM-00164,IMG-9B12B9937D7300CA,assets/images/hotels/hotels-LY-HOTELS-00392-01.webp,IMG-D40BFD5F1791242A,LY-HOT-000392,hotels,اجنحة كراون للشقق الفندقية,apartment_hotel,,primary_candidate,true,false,true,thumbnail_only,existing_link,unknown,true,"Existing local linkage; technical evidence only, not visual verification."
B2A-ITEM-00165,IMG-E4FA3718C8C00988,assets/images/hotels/hotels-LY-HOTELS-00025-02.webp,IMG-08F6D5CE7DAC9C94,LY-HOT-000025,hotels,منتجع ايميليا,resort,,primary_candidate,true,false,true,thumbnail_only,existing_link,unknown,true,"Existing local linkage; technical evidence only, not visual verification."
B2A-ITEM-00166,IMG-9A077AB897E06613,assets/images/hotels/hotels-LY-HOTELS-00051-01.webp,IMG-50A720DCFED91911,LY-HOT-000051,hotels,فندق الدبلوماسي,hotel,,primary_candidate,true,false,true,thumbnail_only,existing_link,unknown,true,"Existing local linkage; technical evidence only, not visual verification."
B2A-ITEM-00167,IMG-62C4E7036D00D879,assets/images/hotels/hotels-LY-HOTELS-00406-01.webp,IMG-FC46269845F8CE10,LY-HOT-000406,hotels,بيت النوران للشقق الفندقية,apartment_hotel,,primary_candidate,true,false,true,thumbnail_only,existing_link,unknown,true,"Existing local linkage; technical evidence only, not visual verification."
B2A-ITEM-00168,IMG-4C26C96431EC63BA,assets/images/hotels/hotels-LY-HOTELS-00040-01.webp,IMG-DBD02A9A43973386,LY-HOT-000040,hotels,فندق البركة,hotel,,primary_candidate,true,false,true,thumbnail_only,existing_link,unknown,true,"Existing local linkage; technical evidence only, not visual verification."
B2A-ITEM-00169,IMG-2B0470543FB41D5D,assets/images/hotels/hotels-LY-HOTELS-00026-01.webp,IMG-C455F0239870E895,LY-HOT-000026,hotels,منتجع وموتيل الأمان,resort,,primary_candidate,true,false,true,thumbnail_only,existing_link,unknown,true,"Existing local linkage; technical evidence only, not visual verification."
B2A-ITEM-00170,IMG-0FA01A3B05B019A0,assets/images/hotels/hotels-LY-HOTELS-00072-01.webp,IMG-50D31F0B8DD20094,LY-HOT-000072,hotels,فندق الكبير,hotel,,primary_candidate,true,false,true,thumbnail_only,existing_link,unknown,true,"Existing local linkage; technical evidence only, not visual verification."
B2A-ITEM-00171,IMG-FA97329E9A9EC2B8,assets/images/hotels/hotels-LY-HOTELS-00001-05.webp,IMG-2C6E751270A91DAA,LY-HOT-000001,hotels,فندق كورنثيا,hotel,,primary_candidate,true,false,true,thumbnail_only,existing_link,unknown,true,"Existing local linkage; technical evidence only, not visual verification."
B2A-ITEM-00172,IMG-EA0D93EB480687A0,assets/images/hotels/hotels-LY-HOTELS-00075-05.webp,IMG-5A6315C65F17467F,LY-HOT-000158,hotels,فندق المتوسط الخمس,hostel,,shared_image_case,false,true,true,thumbnail_only,existing_link,unknown,true,"Existing local linkage; technical evidence only, not visual verification."
B2A-ITEM-00173,IMG-7D1036F871E7B856,assets/images/hotels/hotels-LY-HOTELS-00221-01.webp,IMG-65266F5F116CC5BF,LY-HOT-000221,hotels,فندق سفيروس الخمس,hotel,,primary_candidate,true,false,true,thumbnail_only,existing_link,unknown,true,"Existing local linkage; technical evidence only, not visual verification."
B2A-ITEM-00174,IMG-B957081BDFD31AD9,assets/images/hotels/hotels-LY-HOTELS-00307-01.webp,IMG-D9CA53A7672879BF,LY-HOT-000307,hotels,فندق الديوان,hotel,,primary_candidate,true,false,true,thumbnail_only,existing_link,unknown,true,"Existing local linkage; technical evidence only, not visual verification."
B2A-ITEM-00175,IMG-5EB2C1FAE325444C,assets/images/hotels/hotels-LY-HOTELS-00008-04.webp,IMG-12962076A3275132,LY-HOT-000008,hotels,فندق التلال الوسيطة البيضاء,resort,,primary_candidate,true,false,true,thumbnail_only,existing_link,unknown,true,"Existing local linkage; technical evidence only, not visual verification."
B2A-ITEM-00176,IMG-0369D2CCBFEBB36D,assets/images/hotels/hotels-LY-HOTELS-00418-01.webp,IMG-FB3E8CA4F7E595E4,LY-HOT-000418,hotels,فندق الاخوة,hostel,,primary_candidate,true,false,true,thumbnail_only,existing_link,unknown,true,"Existing local linkage; technical evidence only, not visual verification."
B2A-ITEM-00177,IMG-9BF85753F3D4472A,assets/images/hotels/hotels-LY-HOTELS-00361-01.webp,IMG-623A6611F4B7698B,LY-HOT-000361,hotels,عمارة اضواء ليبيا للشقق الفندقية البيضاء,hotel,,primary_candidate,true,false,true,thumbnail_only,existing_link,unknown,true,"Existing local linkage; technical evidence only, not visual verification."
B2A-ITEM-00178,IMG-280C1B178E8D3CFF,assets/images/hotels/hotels-LY-HOTELS-00079-01.webp,IMG-9DECD06211223AB2,LY-HOT-000079,hotels,فندق النخلة,hotel,,primary_candidate,true,false,true,thumbnail_only,existing_link,unknown,true,"Existing local linkage; technical evidence only, not visual verification."
B2A-ITEM-00179,IMG-DD01B3202625761C,assets/images/hotels/hotels-LY-HOTELS-00390-01.webp,IMG-9D034CE7E72965BE,LY-HOT-000390,hotels,فندق أويا,hotel,,primary_candidate,true,false,true,thumbnail_only,existing_link,unknown,true,"Existing local linkage; technical evidence only, not visual verification."
B2A-ITEM-00180,IMG-1E9790A7A8F159ED,assets/images/hotels/hotels-LY-HOTELS-00148-01.webp,IMG-6CBB24820D65DE0B,LY-HOT-000148,hotels,فندق العوينات,hotel,,primary_candidate,true,false,true,thumbnail_only,existing_link,unknown,true,"Existing local linkage; technical evidence only, not visual verification."
B2A-ITEM-00181,IMG-506CFAE19599447E,assets/images/hotels/hotels-LY-HOTELS-00067-01.webp,IMG-214CCC8E1E22A28F,LY-HOT-000067,hotels,فندق الصولجان,hotel,,primary_candidate,true,false,true,thumbnail_only,existing_link,unknown,true,"Existing local linkage; technical evidence only, not visual verification."
B2A-ITEM-00182,IMG-94025569E10A3EC8,assets/images/hotels/hotels-LY-HOTELS-00135-01.webp,IMG-30A4B61B55A2DB7C,LY-HOT-000135,hotels,فندق الجلاء,hotel,,primary_candidate,true,false,true,thumbnail_only,existing_link,unknown,true,"Existing local linkage; technical evidence only, not visual verification."
B2A-ITEM-00183,IMG-D345EAAFD727F3C0,assets/images/hotels/hotels-LY-HOTELS-00166-01.webp,IMG-B04C55A3A97695A6,LY-HOT-000166,hotels,فندق المغرب العربي,hotel,,primary_candidate,true,false,true,thumbnail_only,existing_link,unknown,true,"Existing local linkage; technical evidence only, not visual verification."
B2A-ITEM-00184,IMG-70EDD68175987801,assets/images/hotels/hotels-LY-HOTELS-00018-01.webp,IMG-70EDD68175987801,LY-HOT-000018,hotels,فندق الطاووس,hostel,,primary_candidate,true,false,false,thumbnail_only,existing_link,unknown,true,"Existing local linkage; technical evidence only, not visual verification."
B2A-ITEM-00185,IMG-2986C5A66BB26BE3,assets/images/hotels/hotels-LY-HOTELS-00352-01.webp,IMG-E3EC8DB4F82EDA83,LY-HOT-000352,hotels,فندق اية الجبل البيضاء,apartment_hotel,,primary_candidate,true,false,true,thumbnail_only,existing_link,unknown,true,"Existing local linkage; technical evidence only, not visual verification."
B2A-ITEM-00186,IMG-9D9788DF5F512236,assets/images/hotels/hotels-LY-HOTELS-00105-01.webp,IMG-69E8B1DE5A71649E,LY-HOT-000105,hotels,فندق ضيافة ونيس,hotel,,primary_candidate,true,false,true,thumbnail_only,existing_link,unknown,true,"Existing local linkage; technical evidence only, not visual verification."
B2A-ITEM-00187,IMG-65EB7AC18CE64A22,assets/images/hotels/hotels-LY-HOTELS-00379-01.webp,IMG-5E477A1F8A6E89A1,LY-HOT-000379,hotels,دار السلام للشقق الفندقية,hotel,,primary_candidate,true,false,true,thumbnail_only,existing_link,unknown,true,"Existing local linkage; technical evidence only, not visual verification."
B2A-ITEM-00188,IMG-14245C39708E3BCD,assets/images/hotels/hotels-LY-HOTELS-00358-01.webp,IMG-9975F81187555CC5,LY-HOT-000358,hotels,فندق الفردوس للشقق الفندقية,apartment_hotel,,primary_candidate,true,false,true,thumbnail_only,existing_link,unknown,true,"Existing local linkage; technical evidence only, not visual verification."
B2A-ITEM-00189,IMG-F19D53660A0C5316,assets/images/hotels/hotels-LY-HOTELS-00389-01.webp,IMG-2A4B90E2E75CC0CA,LY-HOT-000389,hotels,فندق نور الثريا السياحى,hostel,,primary_candidate,true,false,true,thumbnail_only,existing_link,unknown,true,"Existing local linkage; technical evidence only, not visual verification."
B2A-ITEM-00190,IMG-20030B09B95C21F0,assets/images/hotels/hotels-LY-HOTELS-00062-01.webp,IMG-096DC0A326F5DF45,LY-HOT-000062,hotels,فندق الشجرة,hostel,,primary_candidate,true,false,true,thumbnail_only,existing_link,unknown,true,"Existing local linkage; technical evidence only, not visual verification."
B2A-ITEM-00191,IMG-C1A63B7C18A696CC,assets/images/hotels/hotels-LY-HOTELS-00155-01.webp,IMG-F5A37F569C93E905,LY-HOT-000155,hotels,فندق الكاظم,hotel,,primary_candidate,true,false,true,thumbnail_only,existing_link,unknown,true,"Existing local linkage; technical evidence only, not visual verification."
B2A-ITEM-00192,IMG-D9EDD81AAF8CF93F,assets/images/hotels/hotels-LY-HOTELS-00075-03.webp,IMG-06C9B682D26BC85A,LY-HOT-000158,hotels,فندق المتوسط الخمس,hostel,,shared_image_case,false,true,true,thumbnail_only,existing_link,unknown,true,"Existing local linkage; technical evidence only, not visual verification."
B2A-ITEM-00193,IMG-692D357EF64EECF5,assets/images/hotels/hotels-LY-HOTELS-00137-01.webp,IMG-692D357EF64EECF5,LY-HOT-000137,hotels,فندق الخان الطرابلسي,hotel,,primary_candidate,true,false,false,thumbnail_only,existing_link,unknown,true,"Existing local linkage; technical evidence only, not visual verification."
B2A-ITEM-00194,IMG-62556205882AEEA0,assets/images/hotels/hotels-LY-HOTELS-00402-01.webp,IMG-0C9EAEDEE2B58063,LY-HOT-000402,hotels,اوكا لشقق الفندقيه vib,apartment_hotel,,primary_candidate,true,false,true,thumbnail_only,existing_link,unknown,true,"Existing local linkage; technical evidence only, not visual verification."
B2A-ITEM-00195,IMG-F9F53CED1C50A8BD,assets/images/hotels/hotels-LY-HOTELS-00096-01.webp,IMG-C10554B3A3FB55E7,LY-HOT-000096,hotels,فندق ليبوس,hotel,,primary_candidate,true,false,true,thumbnail_only,existing_link,unknown,true,"Existing local linkage; technical evidence only, not visual verification."
B2A-ITEM-00196,IMG-71F0147F76EA876C,assets/images/hotels/hotels-LY-HOTELS-00417-01.webp,IMG-89E98DEB4DDDEFFE,LY-HOT-000417,hotels,فندق اكاكوس,hostel,,primary_candidate,true,false,true,thumbnail_only,existing_link,unknown,true,"Existing local linkage; technical evidence only, not visual verification."
B2A-ITEM-00197,IMG-FC2F7E0A509C8E80,assets/images/hotels/hotels-LY-HOTELS-00065-01.webp,IMG-C5613AE16E174C4C,LY-HOT-000065,hotels,فندق الصفوة,hostel,,primary_candidate,true,false,true,thumbnail_only,existing_link,unknown,true,"Existing local linkage; technical evidence only, not visual verification."
B2A-ITEM-00198,IMG-E137A1CCE92F44E9,assets/images/hotels/hotels-LY-HOTELS-00295-02.webp,IMG-234477B673AB19BB,LY-HOT-000424,hotels,فندق التاج,hotel,,shared_image_case,false,true,true,high,existing_link,unknown,true,"Existing local linkage; technical evidence only, not visual verification."
B2A-ITEM-00199,IMG-62E2C2869EB72051,assets/images/hotels/hotels-LY-HOTELS-00020-04.webp,IMG-DA73381C48679FF7,LY-HOT-000164,hotels,فندق المسيرة,hotel,,shared_image_case,false,true,true,thumbnail_only,existing_link,unknown,true,"Existing local linkage; technical evidence only, not visual verification."
B2A-ITEM-00200,IMG-A3FECBDF161B5CCE,assets/images/hotels/hotels-LY-HOTELS-00041-01.webp,IMG-78A889EBB36B296C,LY-HOT-000041,hotels,فندق البستان,hotel,,primary_candidate,true,false,true,thumbnail_only,existing_link,unknown,true,"Existing local linkage; technical evidence only, not visual verification."
B2A-ITEM-00201,IMG-14E7A433C1AA23C9,assets/images/hotels/hotels-LY-HOTELS-00109-01.webp,IMG-72372DA2CAC0811E,LY-HOT-000109,hotels,فندق عمير,hostel,,primary_candidate,true,false,true,thumbnail_only,existing_link,unknown,true,"Existing local linkage; technical evidence only, not visual verification."
B2A-ITEM-00202,IMG-473D64CC0B4F095E,assets/images/hotels/hotels-LY-HOTELS-00106-01.webp,IMG-9C4AEF2C6F040553,LY-HOT-000106,hotels,فندق طرابلس الدولي,hotel,,primary_candidate,true,false,true,thumbnail_only,existing_link,unknown,true,"Existing local linkage; technical evidence only, not visual verification."
B2A-ITEM-00203,IMG-36DA0CCAB2BCB61C,assets/images/hotels/hotels-LY-HOTELS-00164-01.webp,IMG-9AD922FF37B51637,LY-HOT-000164,hotels,فندق المسيرة,hotel,,primary_candidate,true,false,true,thumbnail_only,existing_link,unknown,true,"Existing local linkage; technical evidence only, not visual verification."
B2A-ITEM-00204,IMG-5875E6DDBB7440C2,assets/images/hotels/hotels-LY-HOTELS-00345-03.webp,IMG-7A5BB67D81637BF8,LY-HOT-000346,hotels,فندق لؤلؤة الخليج البيضاء,hotel,,primary_candidate,true,true,true,thumbnail_only,existing_link,unknown,true,"Existing local linkage; technical evidence only, not visual verification."
B2A-ITEM-00205,IMG-5FD7D29019D53E4A,assets/images/hotels/hotels-LY-HOTELS-00103-01.webp,IMG-CCD95F291123DD4A,LY-HOT-000103,hotels,فندق سفاري 2,hotel,,primary_candidate,true,false,true,thumbnail_only,existing_link,unknown,true,"Existing local linkage; technical evidence only, not visual verification."
B2A-ITEM-00206,IMG-02413AAE55399FB1,assets/images/hotels/hotels-LY-HOTELS-00036-01.webp,IMG-D3FB20419603B1A1,LY-HOT-000036,hotels,فندق الأخوة,hotel,,primary_candidate,true,false,true,thumbnail_only,existing_link,unknown,true,"Existing local linkage; technical evidence only, not visual verification."
B2A-ITEM-00207,IMG-FB95B3497C1F55CA,assets/images/hotels/hotels-LY-HOTELS-00319-01.webp,IMG-A5A330256BF13807,LY-HOT-000319,hotels,هوم بلازا_للشقق الفندقية,hotel,,primary_candidate,true,false,true,thumbnail_only,existing_link,unknown,true,"Existing local linkage; technical evidence only, not visual verification."
B2A-ITEM-00208,IMG-0D74F9F296DF86DD,assets/images/hotels/hotels-LY-HOTELS-00097-01.webp,IMG-ED18EDDB741D1F0A,LY-HOT-000097,hotels,فندق ريكسوس,hotel,,primary_candidate,true,false,true,thumbnail_only,existing_link,unknown,true,"Existing local linkage; technical evidence only, not visual verification."
B2A-ITEM-00209,IMG-50C88BA946BC9961,assets/images/hotels/hotels-LY-HOTELS-00100-01.webp,IMG-255FB8237A2F0054,LY-HOT-000100,hotels,فندق زوارة,hotel,,primary_candidate,true,false,true,thumbnail_only,existing_link,unknown,true,"Existing local linkage; technical evidence only, not visual verification."
B2A-ITEM-00210,IMG-4A9145DFE8B3BDD1,assets/images/hotels/hotels-LY-HOTELS-00396-01.webp,IMG-30D22D96D4FCFF21,LY-HOT-000396,hotels,العنوان للشقق الفندقيه,apartment_hotel,,primary_candidate,true,false,true,thumbnail_only,existing_link,unknown,true,"Existing local linkage; technical evidence only, not visual verification."
B2A-ITEM-00211,IMG-FFE2673C35F0DB78,assets/images/hotels/hotels-LY-HOTELS-00031-06.webp,IMG-A06795E129A97F38,LY-HOT-000115,hotels,فندق قصر الفيروز,hotel,,shared_image_case,false,true,true,thumbnail_only,existing_link,unknown,true,"Existing local linkage; technical evidence only, not visual verification."
B2A-ITEM-00212,IMG-657CB03042B5C04B,assets/images/hotels/hotels-LY-HOTELS-00035-01.webp,IMG-03ECD13E8D5C6991,LY-HOT-000035,hotels,فندق الانوار,hotel,,primary_candidate,true,false,true,thumbnail_only,existing_link,unknown,true,"Existing local linkage; technical evidence only, not visual verification."
B2A-ITEM-00213,IMG-BDD22CBAB3D84BB7,assets/images/hotels/hotels-LY-HOTELS-00364-01.webp,IMG-D11FAF6F6E87CFB4,LY-HOT-000364,hotels,فندق التوليب السياحي الخمس,apartment_hotel,,primary_candidate,true,false,true,thumbnail_only,existing_link,unknown,true,"Existing local linkage; technical evidence only, not visual verification."
B2A-ITEM-00214,IMG-A1754166EF9651FE,assets/images/hotels/hotels-LY-HOTELS-00388-01.webp,IMG-B3423DCCF6AED163,LY-HOT-000388,hotels,فندق كيان 2,hostel,,primary_candidate,true,false,true,thumbnail_only,existing_link,unknown,true,"Existing local linkage; technical evidence only, not visual verification."
B2A-ITEM-00215,IMG-4D69B0877B8F026F,assets/images/hotels/hotels-LY-HOTELS-00163-01.webp,IMG-190884A40D2ABF52,LY-HOT-000163,hotels,فندق المرج السياحي,hotel,,primary_candidate,true,false,true,thumbnail_only,existing_link,unknown,true,"Existing local linkage; technical evidence only, not visual verification."
B2A-ITEM-00216,IMG-17E2B625E5E1BCA6,assets/images/hotels/hotels-LY-HOTELS-00356-01.webp,IMG-ED140BC6281F6CDD,LY-HOT-000356,hotels,عمارة الجوري للشقق الفندقية,hotel,,primary_candidate,true,false,true,thumbnail_only,existing_link,unknown,true,"Existing local linkage; technical evidence only, not visual verification."
B2A-ITEM-00217,IMG-9EA57547A5CADF9F,assets/images/hotels/hotels-LY-HOTELS-00314-02.webp,IMG-43B95771248041C0,LY-HOT-000446,hotels,فندق السرايا,hotel,,shared_image_case,false,true,true,acceptable,existing_link,unknown,true,"Existing local linkage; technical evidence only, not visual verification."
B2A-ITEM-00218,IMG-29F498B195A17DAE,assets/images/hotels/hotels-LY-HOTELS-00138-01.webp,IMG-D8DD811770FB6083,LY-HOT-000138,hotels,فندق الرحاب,hotel,,primary_candidate,true,false,true,thumbnail_only,existing_link,unknown,true,"Existing local linkage; technical evidence only, not visual verification."
B2A-ITEM-00219,IMG-E240158CEC65F3C9,assets/images/hotels/hotels-LY-HOTELS-00276-01.webp,IMG-7E5D0782E12EA5D9,LY-HOT-000276,hotels,فندق السفير,hotel,,primary_candidate,true,false,true,thumbnail_only,existing_link,unknown,true,"Existing local linkage; technical evidence only, not visual verification."
B2A-ITEM-00220,IMG-7AC07FEBBAB341ED,assets/images/hotels/hotels-LY-HOTELS-00094-01.webp,IMG-611FCFB8ACD59250,LY-HOT-000094,hotels,فندق دار غدامس,hostel,,primary_candidate,true,false,true,thumbnail_only,existing_link,unknown,true,"Existing local linkage; technical evidence only, not visual verification."
B2A-ITEM-00221,IMG-F5D8E40E6C1EA4DB,assets/images/hotels/hotels-LY-HOTELS-00024-01.webp,IMG-ECA705914F3DDBD7,LY-HOT-000024,hotels,فندق بلاغراي السياحي ( التلال سابقا ),hostel,,primary_candidate,true,false,true,thumbnail_only,existing_link,unknown,true,"Existing local linkage; technical evidence only, not visual verification."
B2A-ITEM-00222,IMG-872A6D479BE28E01,assets/images/hotels/hotels-LY-HOTELS-00020-02.webp,IMG-FCAE0E7CAF03F59D,LY-HOT-000164,hotels,فندق المسيرة,hotel,,primary_candidate,true,true,true,thumbnail_only,existing_link,unknown,true,"Existing local linkage; technical evidence only, not visual verification."
B2A-ITEM-00223,IMG-BED506EA5E4A268B,assets/images/hotels/hotels-LY-HOTELS-00282-01.webp,IMG-60C21FD40A4E4920,LY-HOT-000282,hotels,فندق سفارى,hotel,,primary_candidate,true,false,true,thumbnail_only,existing_link,unknown,true,"Existing local linkage; technical evidence only, not visual verification."
B2A-ITEM-00224,IMG-D7133115A485D29B,assets/images/hotels/hotels-LY-HOTELS-00385-01.webp,IMG-200BAB60F0A18FCA,LY-HOT-000385,hotels,فندق زهرة الشمس,hotel,,primary_candidate,true,false,true,thumbnail_only,existing_link,unknown,true,"Existing local linkage; technical evidence only, not visual verification."
B2A-ITEM-00225,IMG-CCB429063BDA2EAE,assets/images/hotels/hotels-LY-HOTELS-00355-01.webp,IMG-9309D223CFC81510,LY-HOT-000355,hotels,فندق برونتو البيضاء,apartment_hotel,,primary_candidate,true,false,true,thumbnail_only,existing_link,unknown,true,"Existing local linkage; technical evidence only, not visual verification."
B2A-ITEM-00226,IMG-FD63377BEAD728F4,assets/images/hotels/hotels-LY-HOTELS-00284-01.webp,IMG-D852AA75FDEC7960,LY-HOT-000284,hotels,فندق السلاسل الذهبية,hostel,,primary_candidate,true,false,true,acceptable,existing_link,unknown,true,"Existing local linkage; technical evidence only, not visual verification."
B2A-ITEM-00227,IMG-477F3B49EC08BB94,assets/images/hotels/hotels-LY-HOTELS-00085-01.webp,IMG-477F3B49EC08BB94,LY-HOT-000085,hotels,فندق الياسمين,hotel,,primary_candidate,true,false,false,thumbnail_only,existing_link,unknown,true,"Existing local linkage; technical evidence only, not visual verification."
B2A-ITEM-00228,IMG-65010E3F7285D3C4,assets/images/hotels/hotels-LY-HOTELS-00157-01.webp,IMG-5A83A2F605CCF1EE,LY-HOT-000157,hotels,فندق المبروك,hotel,,primary_candidate,true,false,true,thumbnail_only,existing_link,unknown,true,"Existing local linkage; technical evidence only, not visual verification."
B2A-ITEM-00229,IMG-4D715E6F645A91E4,assets/images/hotels/hotels-LY-HOTELS-00277-01.webp,IMG-66CB19A1EDEE23E0,LY-HOT-000277,hotels,فندق نور الثريا,hotel,,primary_candidate,true,false,true,high,existing_link,unknown,true,"Existing local linkage; technical evidence only, not visual verification."
B2A-ITEM-00230,IMG-0457C54827D282C9,assets/images/hotels/hotels-LY-HOTELS-00363-01.webp,IMG-B13C3832364395E2,LY-HOT-000363,hotels,فندق المرقب السياحي الخمس,hostel,,primary_candidate,true,false,true,thumbnail_only,existing_link,unknown,true,"Existing local linkage; technical evidence only, not visual verification."
B2A-ITEM-00231,IMG-9067216E5A3805E8,assets/images/hotels/hotels-LY-HOTELS-00399-02.webp,IMG-28E682522CDA25C9,LY-HOT-000400,hotels,المجرة للشقق الفندقية,apartment_hotel,,primary_candidate,true,true,true,thumbnail_only,existing_link,unknown,true,"Existing local linkage; technical evidence only, not visual verification."
B2A-ITEM-00232,IMG-8463F4C0B4C523C4,assets/images/hotels/hotels-LY-HOTELS-00398-01.webp,,LY-HOT-000398,hotels,القبس لشقق الفندقيه,apartment_hotel,,primary_candidate,true,false,false,thumbnail_only,existing_link,unknown,true,"Existing local linkage; technical evidence only, not visual verification."
B2A-ITEM-00233,IMG-85FF2A28B63234FE,assets/images/hotels/hotels-LY-HOTELS-00339-01.webp,IMG-AF253CDB6BCF82B9,LY-HOT-000339,hotels,نزل ماريا MARIYA,apartment_hotel,,primary_candidate,true,false,true,thumbnail_only,existing_link,unknown,true,"Existing local linkage; technical evidence only, not visual verification."
B2A-ITEM-00234,IMG-066297BAC6AAE169,assets/images/hotels/hotels-LY-HOTELS-00020-05.webp,IMG-3D038DA6076E2102,LY-HOT-000164,hotels,فندق المسيرة,hotel,,shared_image_case,false,true,true,thumbnail_only,existing_link,unknown,true,"Existing local linkage; technical evidence only, not visual verification."
B2A-ITEM-00235,IMG-844AB3082A456BFB,assets/images/hotels/hotels-LY-HOTELS-00331-01.webp,IMG-558CE15AD985397D,LY-HOT-000331,hotels,فندق الراحة اجدابيا,hotel,,primary_candidate,true,false,true,thumbnail_only,existing_link,unknown,true,"Existing local linkage; technical evidence only, not visual verification."
B2A-ITEM-00236,IMG-8965EEC8E5FF047F,assets/images/hotels/hotels-LY-HOTELS-00337-01.webp,IMG-EEEE06A8EE8A5BBE,LY-HOT-000337,hotels,الهضبة للشقق الفندقية,apartment_hotel,,primary_candidate,true,false,true,thumbnail_only,existing_link,unknown,true,"Existing local linkage; technical evidence only, not visual verification."
B2A-ITEM-00237,IMG-119A09082CDA83D7,assets/images/hotels/hotels-LY-HOTELS-00012-01.webp,IMG-5568E8921219816B,LY-HOT-000012,hotels,فندق برقة,hotel,,primary_candidate,true,false,true,thumbnail_only,existing_link,unknown,true,"Existing local linkage; technical evidence only, not visual verification."
B2A-ITEM-00238,IMG-7703B3398C7DF70E,assets/images/hotels/hotels-LY-HOTELS-00007-02.webp,IMG-7FB51DD7960436EF,LY-HOT-000007,hotels,فندق لؤلؤة الخليج,hostel,,primary_candidate,true,false,true,thumbnail_only,existing_link,unknown,true,"Existing local linkage; technical evidence only, not visual verification."
B2A-ITEM-00239,IMG-5806382F3E321975,assets/images/hotels/hotels-LY-HOTELS-00037-01.webp,IMG-D0E8CF7434915CC6,LY-HOT-000037,hotels,فندق الأصالة,hotel,,primary_candidate,true,false,true,thumbnail_only,existing_link,unknown,true,"Existing local linkage; technical evidence only, not visual verification."
B2A-ITEM-00240,IMG-6580CB7EB805DFF0,assets/images/hotels/hotels-LY-HOTELS-00107-01.webp,IMG-0E799557CED9064A,LY-HOT-000107,hotels,فندق طليطلة,hotel,,primary_candidate,true,false,true,thumbnail_only,existing_link,unknown,true,"Existing local linkage; technical evidence only, not visual verification."
B2A-ITEM-00241,IMG-1DBC5EAF16A5E4BE,assets/images/hotels/hotels-LY-HOTELS-00171-01.webp,IMG-2289A7A09D4A8335,LY-HOT-000171,hotels,فندق النوران,hotel,,primary_candidate,true,false,true,thumbnail_only,existing_link,unknown,true,"Existing local linkage; technical evidence only, not visual verification."
B2A-ITEM-00242,IMG-5A8F81B9322E3F57,assets/images/hotels/hotels-LY-HOTELS-00054-01.webp,IMG-0B35E801F141C640,LY-HOT-000054,hotels,فندق الرابطة,hotel,,primary_candidate,true,false,true,thumbnail_only,existing_link,unknown,true,"Existing local linkage; technical evidence only, not visual verification."
B2A-ITEM-00243,IMG-4DE50FE5C77F11DC,assets/images/hotels/hotels-LY-HOTELS-00154-01.webp,,LY-HOT-000154,hotels,فندق القلعة,hotel,,primary_candidate,true,false,false,thumbnail_only,existing_link,unknown,true,"Existing local linkage; technical evidence only, not visual verification."
B2A-ITEM-00244,IMG-EF3B1425ACE980F9,assets/images/hotels/hotels-LY-HOTELS-00091-01.webp,IMG-EF3B1425ACE980F9,LY-HOT-000091,hotels,فندق بيت الشرق,hostel,,primary_candidate,true,false,false,high,existing_link,unknown,true,"Existing local linkage; technical evidence only, not visual verification."
B2A-ITEM-00245,IMG-E9E5D5D57BE0E74A,assets/images/hotels/hotels-LY-HOTELS-00380-01.webp,IMG-85C063D8E242F238,LY-HOT-000380,hotels,فندق نيو سيتي,hotel,,primary_candidate,true,false,true,thumbnail_only,existing_link,unknown,true,"Existing local linkage; technical evidence only, not visual verification."
B2A-ITEM-00246,IMG-F11E4A59FEBF8315,assets/images/hotels/hotels-LY-HOTELS-00324-01.webp,IMG-1389659C2264D447,LY-HOT-000324,hotels,فندق قوز التيك,hotel,,primary_candidate,true,false,true,thumbnail_only,existing_link,unknown,true,"Existing local linkage; technical evidence only, not visual verification."
B2A-ITEM-00247,IMG-FEB66814946A0C34,assets/images/hotels/hotels-LY-HOTELS-00393-01.webp,IMG-A54E8C552428C2A1,LY-HOT-000393,hotels,الدلتا للشقق الفندقية 2,apartment_hotel,,primary_candidate,true,false,true,thumbnail_only,existing_link,unknown,true,"Existing local linkage; technical evidence only, not visual verification."
B2A-ITEM-00248,IMG-12604B3B51DF48AE,assets/images/hotels/hotels-LY-HOTELS-00059-01.webp,IMG-94AC661C198FA9B4,LY-HOT-000059,hotels,فندق السرايا,hotel,,primary_candidate,true,false,true,thumbnail_only,existing_link,unknown,true,"Existing local linkage; technical evidence only, not visual verification."
B2A-ITEM-00249,IMG-C1997F4EB6ECAB93,assets/images/hotels/hotels-LY-HOTELS-00345-01.webp,IMG-BEF1F2F1E807EA48,LY-HOT-000346,hotels,فندق لؤلؤة الخليج البيضاء,hotel,,primary_candidate,true,true,true,thumbnail_only,existing_link,unknown,true,"Existing local linkage; technical evidence only, not visual verification."
B2A-ITEM-00250,IMG-433F949188978281,assets/images/hotels/hotels-LY-HOTELS-00121-01.webp,IMG-48D58D48DAA701DC,LY-HOT-000121,hotels,فندق مادي الحسان,hotel,,primary_candidate,true,false,true,thumbnail_only,existing_link,unknown,true,"Existing local linkage; technical evidence only, not visual verification."
