feature_id,current_layer_id,name_ar,name_en,current_facility_type,proposed_facility_type,classification_basis,confidence,manual_confirmation_required,notes
LY-HOT-000001,hotels,فندق كورنثيا,Corinthia Tripoli,hotel,hotel,runtime layer hotels,high,false,
LY-HOT-000002,hotels,فندق بينثابوليس,PentaPolis Hotel,hotel,hotel,runtime layer hotels,high,false,
LY-HOT-000003,hotels,فندق جوهرة الواحة,Jawharat Al Wahah Hotel),hostel,hotel,runtime layer hotels,high,false,
LY-HOT-000004,hotels,فندق تبرس,Tibrasti Hotel,hostel,hotel,runtime layer hotels,high,false,
LY-HOT-000005,hotels,منتجع شحات السياحي,Shahat Tourist Resort,resort,hotel,runtime layer hotels,high,false,
LY-HOT-000006,hotels,فندق المنارة,Al Manara Tourist Hotel,hotel,hotel,runtime layer hotels,high,false,
LY-HOT-000007,hotels,فندق لؤلؤة الخليج,Gulf Pearl Hotel,hostel,hotel,runtime layer hotels,high,false,
LY-HOT-000008,hotels,فندق التلال الوسيطة البيضاء,Al Telal Al Waseeta Hotel,resort,hotel,runtime layer hotels,high,false,
LY-HOT-000009,hotels,العنود للشقق الفندقية,Alanoud Hotel Apartments,hotel,hotel,runtime layer hotels,high,false,
LY-HOT-000010,hotels,فندق الثريا,Al-Thuraya Tourist Hotel,hotel,hotel,runtime layer hotels,high,false,
LY-HOT-000011,hotels,منتجع الينابيع السياحي,Al-YanaBeaa Tourist Resort,resort,hotel,runtime layer hotels,high,false,
LY-HOT-000012,hotels,فندق برقة,(Barqa Tourist Hotel,hotel,hotel,runtime layer hotels,high,false,
LY-HOT-000013,hotels,فندق الهديل,Al Hadeel Hotel,hostel,hotel,runtime layer hotels,high,false,
LY-HOT-000014,hotels,فندق بن يدر,Ben Yedder Hotel),hotel,hotel,runtime layer hotels,high,false,
LY-HOT-000015,hotels,فندق نجوم غدامس,Nojoom Ghadames Hotel,hotel,hotel,runtime layer hotels,high,false,
LY-HOT-000016,hotels,فندق باب الفتح,Hotel bab al fatah,hostel,hotel,runtime layer hotels,high,false,
LY-HOT-000017,hotels,فندق فكتوريا,Victoria Hotel),hotel,hotel,runtime layer hotels,high,false,
LY-HOT-000018,hotels,فندق الطاووس,Peacock Hotel And Resort,hostel,hotel,runtime layer hotels,high,false,
LY-HOT-000019,hotels,فندق الودان,Al Waddan Hotel,hotel,hotel,runtime layer hotels,high,false,
LY-HOT-000020,hotels,فندق دار السلام ( المسيرة سابقا ),Dar El Salam Hotel,hotel,hotel,runtime layer hotels,high,false,
LY-HOT-000021,hotels,فندق سان جورج,St. George Hotel Tobruk),hotel,hotel,runtime layer hotels,high,false,
LY-HOT-000022,hotels,فندق الحسنين الكبير,ALhasanin Grand Hotel,hostel,hotel,runtime layer hotels,high,false,
LY-HOT-000023,hotels,بيوت الشباب,Libyan Youth Hostels Association,hostel,hotel,runtime layer hotels,high,false,
LY-HOT-000024,hotels,فندق بلاغراي السياحي ( التلال سابقا ),Balagrae Tourist,hostel,hotel,runtime layer hotels,high,false,
LY-HOT-000025,hotels,منتجع ايميليا,Emilia Tourist Resort,resort,hotel,runtime layer hotels,high,false,
LY-HOT-000026,hotels,منتجع وموتيل الأمان,Al-Aman Resort & Motel,resort,hotel,runtime layer hotels,high,false,
LY-HOT-000027,hotels,بيوت شباب غدامس,Ghadames Youth Hostel,review_required,hotel,runtime layer hotels,high,false,
LY-HOT-000028,hotels,نالوت غدامس فندق باب العز,Bab alez hotel,hotel,hotel,runtime layer hotels,high,false,
LY-HOT-000029,hotels,فندق أبراج الوسطى,Al-Waseet Towers Hotel,hotel,hotel,runtime layer hotels,high,false,
LY-HOT-000030,hotels,فندق طيبة,Taiba Hotel,hostel,hotel,runtime layer hotels,high,false,
LY-HOT-000031,hotels,فندق قصر الفيروز,Al-Fayrouz Palace Hotel,hostel,hotel,runtime layer hotels,high,false,
LY-HOT-000032,hotels,Royal Gardens Hotels,Royal Gardens Hotels,hostel,hotel,runtime layer hotels,high,false,
LY-HOT-000033,hotels,فندق ابونواس,لا يوجد معلومات عن مرفق,hotel,hotel,runtime layer hotels,high,false,
LY-HOT-000034,hotels,فندق احواص,Locanda Hawas,hostel,hotel,runtime layer hotels,high,false,
LY-HOT-000035,hotels,فندق الانوار,ALANWAR HOTEL,hotel,hotel,runtime layer hotels,high,false,
LY-HOT-000036,hotels,فندق الأخوة,Alokhowa Hotel,hotel,hotel,runtime layer hotels,high,false,
LY-HOT-000037,hotels,فندق الأصالة,Alasala Hotel,hotel,hotel,runtime layer hotels,high,false,
LY-HOT-000038,hotels,فندق الأصيل,Al Aseel Hotel,hotel,hotel,runtime layer hotels,high,false,
LY-HOT-000039,hotels,فندق الأندلس,Al-Andalus Hotel,hotel,hotel,runtime layer hotels,high,false,
LY-HOT-000040,hotels,فندق البركة,Albaraka Hotel,hotel,hotel,runtime layer hotels,high,false,
LY-HOT-000041,hotels,فندق البستان,Bustan Hotel Tripoli,hotel,hotel,runtime layer hotels,high,false,
LY-HOT-000042,hotels,التاج للشقق الفندقية,TAJ Hotel,hotel,hotel,runtime layer hotels,high,false,
LY-HOT-000043,hotels,(فندق الطُبجية )فندق التاجوري,Al-Tobji Hotel أو Al-Tubjiyya Hotel,hotel,hotel,runtime layer hotels,high,false,
LY-HOT-000044,hotels,فندق الجبل,El Jabal Hotel,hotel,hotel,runtime layer hotels,high,false,
LY-HOT-000045,hotels,فندق جوهرة صبراتة السياحي,Jawharat Sabratha Tourist Hotel,hotel,hotel,runtime layer hotels,high,false,
LY-HOT-000046,hotels,فندق الجوهرة الزاوية,Al-Jawhara Hotel,hotel,hotel,runtime layer hotels,high,false,
LY-HOT-000047,hotels,يعرف باسم (فندق الوادي ) فندق الحديقة,Al Wadi Hotel Tripoli,hotel,hotel,runtime layer hotels,high,false,
LY-HOT-000048,hotels,فندق الحمام السياحي,مغلق بشكل نهائي,hotel,hotel,runtime layer hotels,high,false,
LY-HOT-000049,hotels,فندق الخان الطرابلسي,El Khan Hotel,hotel,hotel,runtime layer hotels,high,false,
LY-HOT-000050,hotels,فندق الخليج,Alkhaleej Hotel,hostel,hotel,runtime layer hotels,high,false,
LY-HOT-000051,hotels,فندق الدبلوماسي,Diplomatic Hotel,hotel,hotel,runtime layer hotels,high,false,
LY-HOT-000052,hotels,فندق الدوحة,Doha Hotel,hotel,hotel,runtime layer hotels,high,false,
LY-HOT-000053,hotels,فندق الديار,ADDEYAR HOTEL,hotel,hotel,runtime layer hotels,high,false,
LY-HOT-000054,hotels,فندق الرابطة,Al-Rabitah Hotel,hotel,hotel,runtime layer hotels,high,false,
LY-HOT-000055,hotels,فندق الرفيع,Al-Rafie Hotel,hostel,hotel,runtime layer hotels,high,false,
LY-HOT-000056,hotels,فندق الريان,Alrayan Hotel,hotel,hotel,runtime layer hotels,high,false,
LY-HOT-000057,hotels,فندق الزهر,Azzhar Hotel,hotel,hotel,runtime layer hotels,high,false,
LY-HOT-000058,hotels,فندق الزيتونة,Alzaytouna Hotel,hostel,hotel,runtime layer hotels,high,false,
LY-HOT-000059,hotels,فندق السرايا,Assaraya Hotel,hotel,hotel,runtime layer hotels,high,false,
LY-HOT-000060,hotels,فندق زوارة,Zwara hotel,hostel,hotel,runtime layer hotels,high,false,
LY-HOT-000061,hotels,فندق السندباد,Al-Sindbad Tourist Hotel,hotel,hotel,runtime layer hotels,high,false,
LY-HOT-000062,hotels,فندق الشجرة,Asshajara hotel,hostel,hotel,runtime layer hotels,high,false,
LY-HOT-000063,hotels,فندق الشرق,,hotel,hotel,runtime layer hotels,high,false,
LY-HOT-000064,hotels,فندق الشمس,Al-Shams Hotel,hotel,hotel,runtime layer hotels,high,false,
LY-HOT-000065,hotels,فندق الصفوة,Safwa hotel,hostel,hotel,runtime layer hotels,high,false,
LY-HOT-000066,hotels,فندق الصناعية مصراتة,,hotel,hotel,runtime layer hotels,high,false,
LY-HOT-000067,hotels,فندق الصولجان,محجوز بالكامل للواحة للنفط,hotel,hotel,runtime layer hotels,high,false,
LY-HOT-000068,hotels,فندق العاصمة,,hotel,hotel,runtime layer hotels,high,false,
LY-HOT-000069,hotels,فندق الغدامسية,,hotel,hotel,runtime layer hotels,high,false,
LY-HOT-000070,hotels,فندق القرقني,,hotel,hotel,runtime layer hotels,high,false,
LY-HOT-000071,hotels,فندق القوس,,hotel,hotel,runtime layer hotels,high,false,
LY-HOT-000072,hotels,فندق الكبير,,hotel,hotel,runtime layer hotels,high,false,
LY-HOT-000073,hotels,فندق الكرومة,,hotel,hotel,runtime layer hotels,high,false,
LY-HOT-000074,hotels,فندق الماسة,,hotel,hotel,runtime layer hotels,high,false,
LY-HOT-000075,hotels,فندق المتوسط,Almotawaset Hotel,hotel,hotel,runtime layer hotels,high,false,
LY-HOT-000076,hotels,فندق المدينة,,hotel,hotel,runtime layer hotels,high,false,
LY-HOT-000077,hotels,فندق المشكاة,,hotel,hotel,runtime layer hotels,high,false,
LY-HOT-000078,hotels,فندق المنامة,Al Manama Hotel,hotel,hotel,runtime layer hotels,high,false,
LY-HOT-000079,hotels,فندق النخلة,,hotel,hotel,runtime layer hotels,high,false,
LY-HOT-000080,hotels,فندق النقازة الخمس,Anakazh Hotel,resort,hotel,runtime layer hotels,high,false,
LY-HOT-000081,hotels,فندق النهر,alnaher HOTEL,hostel,hotel,runtime layer hotels,high,false,
LY-HOT-000082,hotels,فندق الهنشيري,,hotel,hotel,runtime layer hotels,high,false,
LY-HOT-000083,hotels,فندق الهيشة,,hotel,hotel,runtime layer hotels,high,false,
LY-HOT-000084,hotels,فندق الواحات,,hotel,hotel,runtime layer hotels,high,false,
LY-HOT-000085,hotels,فندق الياسمين,,hotel,hotel,runtime layer hotels,high,false,
LY-HOT-000086,hotels,فندق أجنحة قرطاج,,hotel,hotel,runtime layer hotels,high,false,
LY-HOT-000087,hotels,فندق أفريقيا,,hotel,hotel,runtime layer hotels,high,false,
LY-HOT-000088,hotels,فندق بنت السيد,Funduq Bint al-Sayyid,hotel,hotel,runtime layer hotels,high,false,
LY-HOT-000089,hotels,فندق بودلغوسة,Al-Haj Mahmoud Mohammed Abu Dalghousa Hotel,hotel,hotel,runtime layer hotels,high,false,
LY-HOT-000090,hotels,فندق بيت الأمان,Beat Alaman Hotel,hostel,hotel,runtime layer hotels,high,false,
LY-HOT-000091,hotels,فندق بيت الشرق,Bait Al Sharq hotel,hostel,hotel,runtime layer hotels,high,false,
LY-HOT-000092,hotels,فندق تابكت,,hotel,hotel,runtime layer hotels,high,false,
LY-HOT-000093,hotels,لانكاستر برج الحياة ( ماريوت سابقا),Lancaster Burj Al Hayat,hotel,hotel,runtime layer hotels,high,false,
LY-HOT-000094,hotels,فندق دار غدامس,Dar Ghadames hotel,hostel,hotel,runtime layer hotels,high,false,
LY-HOT-000095,hotels,فندق ديار الهناء,,hotel,hotel,runtime layer hotels,high,false,
LY-HOT-000096,hotels,فندق ليبوس,,hotel,hotel,runtime layer hotels,high,false,
LY-HOT-000097,hotels,فندق ريكسوس,,hotel,hotel,runtime layer hotels,high,false,
LY-HOT-000098,hotels,فندق زليتن,,hotel,hotel,runtime layer hotels,high,false,
LY-HOT-000099,hotels,فندق زميت,,hotel,hotel,runtime layer hotels,high,false,
LY-HOT-000100,hotels,فندق زوارة,,hotel,hotel,runtime layer hotels,high,false,
LY-HOT-000101,hotels,فندق سرايا الليبو,,hotel,hotel,runtime layer hotels,high,false,
LY-HOT-000102,hotels,فندق سفاري,,hotel,hotel,runtime layer hotels,high,false,
LY-HOT-000103,hotels,فندق سفاري 2,,hotel,hotel,runtime layer hotels,high,false,
LY-HOT-000104,hotels,فندق شروق افريقيا,,hotel,hotel,runtime layer hotels,high,false,
LY-HOT-000105,hotels,فندق ضيافة ونيس,,hotel,hotel,runtime layer hotels,high,false,
LY-HOT-000106,hotels,فندق طرابلس الدولي,,hotel,hotel,runtime layer hotels,high,false,
LY-HOT-000107,hotels,فندق طليطلة,,hotel,hotel,runtime layer hotels,high,false,
LY-HOT-000108,hotels,فندق طيبة,Teba Hotel,hotel,hotel,runtime layer hotels,high,false,
LY-HOT-000109,hotels,فندق عمير,Omair Hotel,hostel,hotel,runtime layer hotels,high,false,
LY-HOT-000110,hotels,فندق عين الفرس,,hotel,hotel,runtime layer hotels,high,false,
LY-HOT-000111,hotels,فندق غابة الكشافة,,hotel,hotel,runtime layer hotels,high,false,
LY-HOT-000112,hotels,فندق غريان السياحي,,hotel,hotel,runtime layer hotels,high,false,
LY-HOT-000113,hotels,فندق قرطاج,,hotel,hotel,runtime layer hotels,high,false,
LY-HOT-000114,hotels,فندق قصر الظهرة,,hotel,hotel,runtime layer hotels,high,false,
LY-HOT-000115,hotels,فندق قصر الفيروز,,hotel,hotel,runtime layer hotels,high,false,
LY-HOT-000116,hotels,فندق قمر صبراتة,,hotel,hotel,runtime layer hotels,high,false,
LY-HOT-000117,hotels,فندق كونتنتال,,hotel,hotel,runtime layer hotels,high,false,
LY-HOT-000118,hotels,فندق لبدة السياحي الخمس,Leptis Magna Hotel),hotel,hotel,runtime layer hotels,high,false,
LY-HOT-000119,hotels,فندق ليالي قرطاج,,hotel,hotel,runtime layer hotels,high,false,
LY-HOT-000120,hotels,فندق ليبيا,(Libya Hotel),hostel,hotel,runtime layer hotels,high,false,
LY-HOT-000121,hotels,فندق مادي الحسان,,hotel,hotel,runtime layer hotels,high,false,
LY-HOT-000122,hotels,فندق واستراحة جادو,,hotel,hotel,runtime layer hotels,high,false,
LY-HOT-000123,hotels,فندق ومطعم الامتياز,,hotel,hotel,runtime layer hotels,high,false,
LY-HOT-000124,hotels,فندق ومطعم النزهة,,hotel,hotel,runtime layer hotels,high,false,
LY-HOT-000125,hotels,فندق يفرن,,hotel,hotel,runtime layer hotels,high,false,
LY-HOT-000126,hotels,طرابلس للشقق الفندقية,,hotel,hotel,runtime layer hotels,high,false,
LY-HOT-000127,hotels,نزل طرابلس الحديث,,hostel,hotel,runtime layer hotels,high,false,
LY-HOT-000128,hotels,فندق الثريا السياحي,,hotel,hotel,runtime layer hotels,high,false,
LY-HOT-000129,hotels,فندق الأنيس,,hotel,hotel,runtime layer hotels,high,false,
LY-HOT-000130,hotels,فندق البتراء,,hotel,hotel,runtime layer hotels,high,false,
LY-HOT-000131,hotels,فندق البردي,,hotel,hotel,runtime layer hotels,high,false,
LY-HOT-000132,hotels,فندق التلال,,hotel,hotel,runtime layer hotels,high,false,
LY-HOT-000133,hotels,فندق الجبل الأخضر,,hotel,hotel,runtime layer hotels,high,false,
LY-HOT-000134,hotels,فندق الجغبوب,,hotel,hotel,runtime layer hotels,high,false,
LY-HOT-000135,hotels,فندق الجلاء,,hotel,hotel,runtime layer hotels,high,false,
LY-HOT-000137,hotels,فندق الخان الطرابلسي,El Khan Hotel,hotel,hotel,runtime layer hotels,high,false,
LY-HOT-000138,hotels,فندق الرحاب,(Al Rehab Hotel),hotel,hotel,runtime layer hotels,high,false,
LY-HOT-000140,hotels,فندق الزيتونة,,hotel,hotel,runtime layer hotels,high,false,
LY-HOT-000142,hotels,فندق السلام,,hotel,hotel,runtime layer hotels,high,false,
LY-HOT-000143,hotels,فندق ابن الرومي,Ibn Al-Rumi Hotel,hotel,hotel,runtime layer hotels,high,false,
LY-HOT-000144,hotels,فندق اجدابيا,,hotel,hotel,runtime layer hotels,high,false,
LY-HOT-000145,hotels,فندق الحياة,,hotel,hotel,runtime layer hotels,high,false,
LY-HOT-000146,hotels,فندق الصحراوي,,hotel,hotel,runtime layer hotels,high,false,
LY-HOT-000148,hotels,فندق العوينات,,hotel,hotel,runtime layer hotels,high,false,
LY-HOT-000149,hotels,فندق الفردوس,,hotel,hotel,runtime layer hotels,high,false,
LY-HOT-000150,hotels,فندق الفضيل,,hotel,hotel,runtime layer hotels,high,false,
LY-HOT-000151,hotels,فندق الفضيل رأس لانوف,,hotel,hotel,runtime layer hotels,high,false,
LY-HOT-000152,hotels,فندق الفلك,,hotel,hotel,runtime layer hotels,high,false,
LY-HOT-000153,hotels,فندق القرضابية,,hotel,hotel,runtime layer hotels,high,false,
LY-HOT-000154,hotels,فندق القلعة,,hotel,hotel,runtime layer hotels,high,false,
LY-HOT-000155,hotels,فندق الكاظم,,hotel,hotel,runtime layer hotels,high,false,
LY-HOT-000157,hotels,فندق المبروك,Almabrook Hotel,hotel,hotel,runtime layer hotels,high,false,
LY-HOT-000158,hotels,فندق المتوسط الخمس,Almotawaset Hotel,hostel,hotel,runtime layer hotels,high,false,
LY-HOT-000159,hotels,فندق المدينة,,hotel,hotel,runtime layer hotels,high,false,
LY-HOT-000160,hotels,فندق المدينة,,hotel,hotel,runtime layer hotels,high,false,
LY-HOT-000162,hotels,فندق المدينة,,hotel,hotel,runtime layer hotels,high,false,
LY-HOT-000163,hotels,فندق المرج السياحي,,hotel,hotel,runtime layer hotels,high,false,
LY-HOT-000164,hotels,فندق المسيرة,,hotel,hotel,runtime layer hotels,high,false,
LY-HOT-000166,hotels,فندق المغرب العربي,,hotel,hotel,runtime layer hotels,high,false,
LY-HOT-000167,hotels,فندق المنار,,hotel,hotel,runtime layer hotels,high,false,
LY-HOT-000168,hotels,فندق النادي الليبي,,hotel,hotel,runtime layer hotels,high,false,
LY-HOT-000169,hotels,فندق النخلة السياحي,,hotel,hotel,runtime layer hotels,high,false,
LY-HOT-000170,hotels,فندق النخيل - مغلق,,hotel,hotel,runtime layer hotels,high,false,
LY-HOT-000171,hotels,فندق النوران,,hotel,hotel,runtime layer hotels,high,false,
LY-HOT-000172,hotels,فندق الهاروج,,hotel,hotel,runtime layer hotels,high,false,
LY-HOT-000176,hotels,فندق الوادي,,hotel,hotel,runtime layer hotels,high,false,
LY-HOT-000178,hotels,فندق الياقوتة,,hotel,hotel,runtime layer hotels,high,false,
LY-HOT-000179,hotels,فندق الياقوتة,,hotel,hotel,runtime layer hotels,high,false,
LY-HOT-000180,hotels,فندق اليقين,Al-Yaqeen Hotel,hostel,hotel,runtime layer hotels,high,false,
LY-HOT-000181,hotels,فندق اليمامة,Alyamama Hotel),hotel,hotel,runtime layer hotels,high,false,
LY-HOT-000182,hotels,فندق اوزو,,hotel,hotel,runtime layer hotels,high,false,
LY-HOT-000183,hotels,فندق ايلاف,,hotel,hotel,runtime layer hotels,high,false,
LY-HOT-000184,hotels,فندق أبراج المدينة,,hotel,hotel,runtime layer hotels,high,false,
LY-HOT-000185,hotels,فندق أجنحة قرطاج,,hotel,hotel,runtime layer hotels,high,false,
LY-HOT-000186,hotels,فندق أفريقيا,,hotel,hotel,runtime layer hotels,high,false,
LY-HOT-000187,hotels,فندق أفريقيا,,hotel,hotel,runtime layer hotels,high,false,
LY-HOT-000188,hotels,فندق أكاكوس,,hotel,hotel,runtime layer hotels,high,false,
LY-HOT-000189,hotels,فندق أكاكوس,,hotel,hotel,runtime layer hotels,high,false,
LY-HOT-000190,hotels,فندق أمال ليبيا,,hotel,hotel,runtime layer hotels,high,false,
LY-HOT-000191,hotels,فندق أوجلة السياحي,,hotel,hotel,runtime layer hotels,high,false,
LY-HOT-000192,hotels,فندق أويا,,hotel,hotel,runtime layer hotels,high,false,
LY-HOT-000193,hotels,فندق باب البحر,Bab Al Bahr Hotel,hotel,hotel,runtime layer hotels,high,false,
LY-HOT-000194,hotels,فندق براك,,hotel,hotel,runtime layer hotels,high,false,
LY-HOT-000195,hotels,فندق برينيتشي,,hotel,hotel,runtime layer hotels,high,false,
LY-HOT-000196,hotels,فندق بلازما,Plasma HOTEL,hotel,hotel,runtime layer hotels,high,false,
LY-HOT-000198,hotels,فندق بنغازي,,hotel,hotel,runtime layer hotels,high,false,
LY-HOT-000201,hotels,فندق توباكتس,Thobacts Hotel,hotel,hotel,runtime layer hotels,high,false,
LY-HOT-000202,hotels,فندق تيبستي,,hotel,hotel,runtime layer hotels,high,false,
LY-HOT-000203,hotels,فندق جاكرتا,,hotel,hotel,runtime layer hotels,high,false,
LY-HOT-000204,hotels,فندق جالو السياحي,,hotel,hotel,runtime layer hotels,high,false,
LY-HOT-000205,hotels,فندق جرمة السياحي,,hotel,hotel,runtime layer hotels,high,false,
LY-HOT-000206,hotels,فندق جليانة,,hotel,hotel,runtime layer hotels,high,false,
LY-HOT-000207,hotels,فندق دار جرمة,,hotel,hotel,runtime layer hotels,high,false,
LY-HOT-000208,hotels,فندق دوجال السياحي,,hotel,hotel,runtime layer hotels,high,false,
LY-HOT-000209,hotels,فندق ديار الهناء,,hotel,hotel,runtime layer hotels,high,false,
LY-HOT-000210,hotels,فندق رواسي,,hotel,hotel,runtime layer hotels,high,false,
LY-HOT-000211,hotels,فندق رويال,,hotel,hotel,runtime layer hotels,high,false,
LY-HOT-000212,hotels,فندق ريباس,,hotel,hotel,runtime layer hotels,high,false,
LY-HOT-000216,hotels,فندق زهرة البطنان,,hotel,hotel,runtime layer hotels,high,false,
LY-HOT-000218,hotels,فندق زين,,hotel,hotel,runtime layer hotels,high,false,
LY-HOT-000221,hotels,فندق سفيروس الخمس,Severus Hotel,hotel,hotel,runtime layer hotels,high,false,
LY-HOT-000223,hotels,فندق صحارى ليبيا,Sahara Libya Hotel,hotel,hotel,runtime layer hotels,high,false,
LY-HOT-000226,hotels,فندق عمر الخيام,,hotel,hotel,runtime layer hotels,high,false,
LY-HOT-000229,hotels,فندق فيلا النوران,,hotel,hotel,runtime layer hotels,high,false,
LY-HOT-000230,hotels,فندق قاطش,,hotel,hotel,runtime layer hotels,high,false,
LY-HOT-000232,hotels,فندق قصر البيضاء,,hotel,hotel,runtime layer hotels,high,false,
LY-HOT-000234,hotels,فندق قصر الفضيل,,hotel,hotel,runtime layer hotels,high,false,
LY-HOT-000236,hotels,فندق قصر النيل,,hotel,hotel,runtime layer hotels,high,false,
LY-HOT-000237,hotels,فندق قصر الواحة,,hotel,hotel,runtime layer hotels,high,false,
LY-HOT-000238,hotels,فندق قصور الضيافة,,hotel,hotel,runtime layer hotels,high,false,
LY-HOT-000239,hotels,فندق قصي للشقق المفروشة,,hotel,hotel,runtime layer hotels,high,false,
LY-HOT-000241,hotels,فندق قورينا,,hotel,hotel,runtime layer hotels,high,false,
LY-HOT-000243,hotels,فندق لؤلؤة درنة,Derna Pearl Hotel,hotel,hotel,runtime layer hotels,high,false,
LY-HOT-000246,hotels,فندق ميزران,,hotel,hotel,runtime layer hotels,high,false,
LY-HOT-000247,hotels,فندق هارون,,hotel,hotel,runtime layer hotels,high,false,
LY-HOT-000251,hotels,الفندق السياحي,,hotel,hotel,runtime layer hotels,high,false,
LY-HOT-000252,hotels,الفندق القديم,,hotel,hotel,runtime layer hotels,high,false,
LY-HOT-000253,hotels,الفندق الكبير,,hotel,hotel,runtime layer hotels,high,false,
LY-HOT-000254,hotels,القرية السياحية قاريونس,,tourist_village,hotel,runtime layer hotels,high,false,
LY-HOT-000256,hotels,نزل المدينة,,hostel,hotel,runtime layer hotels,high,false,
LY-HOT-000257,hotels,نزل أمباي,,hostel,hotel,runtime layer hotels,high,false,
LY-HOT-000258,hotels,نزل بيروت,Hotel Beirut,hostel,hotel,runtime layer hotels,high,false,
LY-HOT-000260,hotels,نزل مرحبا,,hostel,hotel,runtime layer hotels,high,false,
LY-HOT-000261,hotels,الماسة للشقق الفندقية,,hotel,hotel,runtime layer hotels,high,false,
LY-HOT-000262,hotels,فندق فزان,,hotel,hotel,runtime layer hotels,high,false,
LY-HOT-000263,hotels,فندق المختار,Al Mukhtar Hotel,hostel,hotel,runtime layer hotels,high,false,
LY-HOT-000264,hotels,فندق قصر كاباو,,hotel,hotel,runtime layer hotels,high,false,
LY-HOT-000265,hotels,فندق الأفريقي,,hotel,hotel,runtime layer hotels,high,false,
LY-HOT-000266,hotels,فندق قرطاج السياحى1,,hotel,hotel,runtime layer hotels,high,false,
LY-HOT-000267,hotels,فندق السارة,,hotel,hotel,runtime layer hotels,high,false,
LY-HOT-000268,hotels,فندق الفصول الاربعة 3,,hotel,hotel,runtime layer hotels,high,false,
LY-HOT-000269,hotels,فندق أوال,,hotel,hotel,runtime layer hotels,high,false,
LY-HOT-000270,hotels,فندق المتوسط,,hotel,hotel,runtime layer hotels,high,false,
LY-HOT-000271,hotels,فندق قرطاج السياحى2,,hotel,hotel,runtime layer hotels,high,false,
LY-HOT-000272,hotels,فندق التوفيق 2,,hotel,hotel,runtime layer hotels,high,false,
LY-HOT-000273,hotels,فندق النعيم,Naeem Hotel,hostel,hotel,runtime layer hotels,high,false,
LY-HOT-000274,hotels,نزل كيلو بتراء,,hostel,hotel,runtime layer hotels,high,false,
LY-HOT-000275,hotels,فندق الفصول الاربعة 2,FourSeasons Hotel,resort,hotel,runtime layer hotels,high,false,
LY-HOT-000276,hotels,فندق السفير,,hotel,hotel,runtime layer hotels,high,false,
LY-HOT-000277,hotels,فندق نور الثريا,Noor Althuria Hotel,hotel,hotel,runtime layer hotels,high,false,
LY-HOT-000278,hotels,فندق الشاطئ الذهبى,Golden Beach Hotel,hotel,hotel,runtime layer hotels,high,false,
LY-HOT-000279,hotels,فندق الصافي,,hotel,hotel,runtime layer hotels,high,false,
LY-HOT-000280,hotels,فندق بوابة أفريقيا,,hotel,hotel,runtime layer hotels,high,false,
LY-HOT-000281,hotels,فندق الفصول الابعة 1,,hotel,hotel,runtime layer hotels,high,false,
LY-HOT-000282,hotels,فندق سفارى,Safari Hotel Libya),hotel,hotel,runtime layer hotels,high,false,
LY-HOT-000283,hotels,فندق زهرة الخليج,Alkhaleej Hotel,hotel,hotel,runtime layer hotels,high,false,
LY-HOT-000284,hotels,فندق السلاسل الذهبية,Golden Chains Hotel,hostel,hotel,runtime layer hotels,high,false,
LY-HOT-000285,hotels,فندق النورس,,hotel,hotel,runtime layer hotels,high,false,
LY-HOT-000286,hotels,فندق التوفيق 1,,hotel,hotel,runtime layer hotels,high,false,
LY-HOT-000287,hotels,فندق اليسر,,hotel,hotel,runtime layer hotels,high,false,
LY-HOT-000288,hotels,فندق الخيام العربية,,hotel,hotel,runtime layer hotels,high,false,
LY-HOT-000289,hotels,فندق الرشيد,,hotel,hotel,runtime layer hotels,high,false,
LY-HOT-000290,hotels,فندق أسامة,,hotel,hotel,runtime layer hotels,high,false,
LY-HOT-000291,hotels,فندق الزيتونة,,hotel,hotel,runtime layer hotels,high,false,
LY-HOT-000292,hotels,فندق ريباس,,hotel,hotel,runtime layer hotels,high,false,
LY-HOT-000293,hotels,فندق طليطلة,,hotel,hotel,runtime layer hotels,high,false,
LY-HOT-000294,hotels,فندق صبراتة,Sabratha Hotel,hotel,hotel,runtime layer hotels,high,false,
LY-HOT-000295,hotels,فندق تاج,Hotel TAJ),hostel,hotel,runtime layer hotels,high,false,
LY-HOT-000296,hotels,فندق الكندي,Al-Kindi Hotel,hotel,hotel,runtime layer hotels,high,false,
LY-HOT-000297,hotels,فندق أضواء قرطاج,Adwaa Carthage Hotel,hotel,hotel,runtime layer hotels,high,false,
LY-HOT-000298,hotels,فندق البشير,Al-Basheer Hotel,hotel,hotel,runtime layer hotels,high,false,
LY-HOT-000299,hotels,فندق الهاني,Al-Hani Hotel,hostel,hotel,runtime layer hotels,high,false,
LY-HOT-000300,hotels,فندق القنصل فندق القنصل,El Consul Hotel,hotel,hotel,runtime layer hotels,high,false,
LY-HOT-000301,hotels,فندق الجبل الاخضر,Al-Jebel Al-Akhdar Hotel),hotel,hotel,runtime layer hotels,high,false,
LY-HOT-000302,hotels,الفتح,مغلق,review_required,hotel,runtime layer hotels,high,false,
LY-HOT-000303,hotels,فندق قصر ليبيا,,hotel,hotel,runtime layer hotels,high,false,
LY-HOT-000304,hotels,Hotel Haroun 2,,hotel,hotel,runtime layer hotels,high,false,
LY-HOT-000305,hotels,فندق الغزالة,,hotel,hotel,runtime layer hotels,high,false,
LY-HOT-000306,hotels,فندق كيان طرابلس,,hotel,hotel,runtime layer hotels,high,false,
LY-HOT-000307,hotels,فندق الديوان,,hotel,hotel,runtime layer hotels,high,false,
LY-HOT-000308,hotels,فندق نيو ستي New City hotel,,hotel,hotel,runtime layer hotels,high,false,
LY-HOT-000309,hotels,فندق الدالي,,hotel,hotel,runtime layer hotels,high,false,
LY-HOT-000310,hotels,زهرة الشمس,,review_required,hotel,runtime layer hotels,high,false,
LY-HOT-000311,hotels,فندق ضيافة طرابلس,,hotel,hotel,runtime layer hotels,high,false,
LY-HOT-000312,hotels,فندق الفتح شارع الرشيد,,hotel,hotel,runtime layer hotels,high,false,
LY-HOT-000313,hotels,فندق بلخير,,hotel,hotel,runtime layer hotels,high,false,
LY-HOT-000314,hotels,فندق السرايا,Assaraya Hotel,hotel,hotel,runtime layer hotels,high,false,
LY-HOT-000315,hotels,فندق الوحدة العربية,,hotel,hotel,runtime layer hotels,high,false,
LY-HOT-000316,hotels,فندق الكنوز الذهبية,,hostel,hotel,runtime layer hotels,high,false,
LY-HOT-000317,hotels,فندق الشراع,لا يوجد معلومات متوافرة,hotel,hotel,runtime layer hotels,high,false,
LY-HOT-000318,hotels,الحبايب,,review_required,hotel,runtime layer hotels,high,false,
LY-HOT-000319,hotels,هوم بلازا_للشقق الفندقية,,hotel,hotel,runtime layer hotels,high,false,
LY-HOT-000320,hotels,فندق الرحال,Al Rahal Hotel),apartment_hotel,hotel,runtime layer hotels,high,false,
LY-HOT-000321,hotels,الوادي 2 للشقق الفندقية,,hotel,hotel,runtime layer hotels,high,false,
LY-HOT-000322,hotels,الأطلس للشقق الفندقية,,hotel,hotel,runtime layer hotels,high,false,
LY-HOT-000323,hotels,فندق بيزا السياحي,Piza Tourist Hotel & Park,resort,hotel,runtime layer hotels,high,false,
LY-HOT-000324,hotels,فندق قوز التيك,مقفل بشكل مؤقت,hotel,hotel,runtime layer hotels,high,false,
LY-HOT-000325,hotels,النجمة الذهبية لشقق الفندقية,,hotel,hotel,runtime layer hotels,high,false,
LY-HOT-000326,hotels,الفخامه للشقق المفروشه,,review_required,hotel,runtime layer hotels,high,false,
LY-HOT-000327,hotels,اوس لشقق المفروشه,,review_required,hotel,runtime layer hotels,high,false,
LY-HOT-000328,hotels,فندق الساحل,,apartment_hotel,hotel,runtime layer hotels,high,false,
LY-HOT-000329,hotels,الجوهرة للشقق الفندقية,,apartment_hotel,hotel,runtime layer hotels,high,false,
LY-HOT-000330,hotels,فندق اجدابيا السياحي,,hotel,hotel,runtime layer hotels,high,false,
LY-HOT-000331,hotels,فندق الراحة اجدابيا,,hotel,hotel,runtime layer hotels,high,false,
LY-HOT-000332,hotels,عمار او المجد للشقق الفندقية,,hotel,hotel,runtime layer hotels,high,false,
LY-HOT-000333,hotels,فندق مزايا اجدابيا,,hostel,hotel,runtime layer hotels,high,false,
LY-HOT-000334,hotels,فندق التوجان السياحي,,hostel,hotel,runtime layer hotels,high,false,
LY-HOT-000335,hotels,نزل وقاعة الهاشمي,,apartment_hotel,hotel,runtime layer hotels,high,false,
LY-HOT-000336,hotels,نزل وقاعة زهرة الخليج,,hostel,hotel,runtime layer hotels,high,false,
LY-HOT-000337,hotels,الهضبة للشقق الفندقية,,apartment_hotel,hotel,runtime layer hotels,high,false,
LY-HOT-000338,hotels,الامان للشقق الفندقية,,apartment_hotel,hotel,runtime layer hotels,high,false,
LY-HOT-000339,hotels,نزل ماريا MARIYA,,apartment_hotel,hotel,runtime layer hotels,high,false,
LY-HOT-000340,hotels,فندق الرابطة,Al-Rabitah Hotel,hostel,hotel,runtime layer hotels,high,false,
LY-HOT-000341,hotels,فندق سمر قند,,hotel,hotel,runtime layer hotels,high,false,
LY-HOT-000342,hotels,فندق غريان السياحي,,hotel,hotel,runtime layer hotels,high,false,
LY-HOT-000343,hotels,فندق روايال غريان,,hostel,hotel,runtime layer hotels,high,false,
LY-HOT-000344,hotels,فندق حوش بوغنوش,Hosh bou ghanoush,hotel,hotel,runtime layer hotels,high,false,
LY-HOT-000345,hotels,فندق اللؤلؤة السياحي البضاء,Pearl Tourist Hotel,hotel,hotel,runtime layer hotels,high,false,
LY-HOT-000346,hotels,فندق لؤلؤة الخليج البيضاء,LOLOAT ALKHALIG HOTEL,hotel,hotel,runtime layer hotels,high,false,
LY-HOT-000347,hotels,فندق قصر البيضاء,,hotel,hotel,runtime layer hotels,high,false,
LY-HOT-000348,hotels,فندق القاهرة البيضاء,مغلقا حاليا,hotel,hotel,runtime layer hotels,high,false,
LY-HOT-000349,hotels,النوران_ للشقق_الفندقية,Al Noran Hotel Apartments,hostel,hotel,runtime layer hotels,high,false,
LY-HOT-000350,hotels,مكة للشقق الفندقية البيضاء,Makkah Hotel Apartments,apartment_hotel,hotel,runtime layer hotels,high,false,
LY-HOT-000351,hotels,برج المدينة للشقق الفندقية البيضاء,City Tower Hotel Apartments,hotel,hotel,runtime layer hotels,high,false,
LY-HOT-000352,hotels,فندق اية الجبل البيضاء,AYA HOTEL,apartment_hotel,hotel,runtime layer hotels,high,false,
LY-HOT-000353,hotels,فندق برقة السياحي,,hotel,hotel,runtime layer hotels,high,false,
LY-HOT-000354,hotels,فندق افريقيا البيضاء,Africa Hotel - El Beyda,hostel,hotel,runtime layer hotels,high,false,
LY-HOT-000355,hotels,فندق برونتو البيضاء,Pronto Hotel,apartment_hotel,hotel,runtime layer hotels,high,false,
LY-HOT-000356,hotels,عمارة الجوري للشقق الفندقية,Al Jouri Building (أو Al Jouri Hotel Apartments),hotel,hotel,runtime layer hotels,high,false,
LY-HOT-000357,hotels,فندق العنود البيضاء,Alanoud hotel,apartment_hotel,hotel,runtime layer hotels,high,false,
LY-HOT-000358,hotels,فندق الفردوس للشقق الفندقية,Al-Fardous Hotel Apartments,apartment_hotel,hotel,runtime layer hotels,high,false,
LY-HOT-000359,hotels,فندق قصر الضيافة للشقق الفندقية البيضاء,Qaser Al-Diyafa Hotel Apartments,apartment_hotel,hotel,runtime layer hotels,high,false,
LY-HOT-000360,hotels,فندق مرحبا للخدمات السياحية,Marhaba Hotel,hotel,hotel,runtime layer hotels,high,false,
LY-HOT-000361,hotels,عمارة اضواء ليبيا للشقق الفندقية البيضاء,Adwaa Libya Hotel Apartment,hotel,hotel,runtime layer hotels,high,false,
LY-HOT-000362,hotels,فندق الاندلس السياحي الخمس,Al-Andalus Hotel,hotel,hotel,runtime layer hotels,high,false,
LY-HOT-000363,hotels,فندق المرقب السياحي الخمس,HOTEL ALMERGEEP,hostel,hotel,runtime layer hotels,high,false,
LY-HOT-000364,hotels,فندق التوليب السياحي الخمس,Tulip Hotel,apartment_hotel,hotel,runtime layer hotels,high,false,
LY-HOT-000365,hotels,فندق بيت سباب الخمس,Al Khums Youth Hostel,hotel,hotel,runtime layer hotels,high,false,
LY-HOT-000366,hotels,فندق الاخوة السياحي الخمس,Brothers Hotel,hotel,hotel,runtime layer hotels,high,false,
LY-HOT-000367,hotels,فندق الليلك ALlilac hotel,,hotel,hotel,runtime layer hotels,high,false,
LY-HOT-000368,hotels,فندق البحيرات السبعة السياحي,,hotel,hotel,runtime layer hotels,high,false,
LY-HOT-000369,hotels,فندق برنيتشي السياحي,,hotel,hotel,runtime layer hotels,high,false,
LY-HOT-000370,hotels,Sabratha youth hostel _بيت شباب صبراتة,,review_required,hotel,runtime layer hotels,high,false,
LY-HOT-000371,hotels,Lancaster Al Salam Resort - منتجع لانكستر السلام,,resort,hotel,runtime layer hotels,high,false,
LY-HOT-000372,hotels,فندق الساحل,,hotel,hotel,runtime layer hotels,high,false,
LY-HOT-000373,hotels,المعهد القومي العلاج الأورام صبراتة,,review_required,hotel,runtime layer hotels,high,false,
LY-HOT-000374,hotels,السيلفيوم للشقق المفروشة,,review_required,hotel,runtime layer hotels,high,false,
LY-HOT-000375,hotels,فندق الخليج,Alkhaleej Hotel,hostel,hotel,runtime layer hotels,high,false,
LY-HOT-000376,hotels,فندق أضواء قرطاج,Adwaa Carthage Hotel,hotel,hotel,runtime layer hotels,high,false,
LY-HOT-000377,hotels,فندق اجنحة قرطاج,,hotel,hotel,runtime layer hotels,high,false,
LY-HOT-000378,hotels,فندق الباشا,Al Basha Hotel,hotel,hotel,runtime layer hotels,high,false,
LY-HOT-000379,hotels,دار السلام للشقق الفندقية,Dar Al Salam Hotel Apartments,hotel,hotel,runtime layer hotels,high,false,
LY-HOT-000380,hotels,فندق نيو سيتي,New City Hotel,hotel,hotel,runtime layer hotels,high,false,
LY-HOT-000381,hotels,فندق الهانى,Al-Hani Hotel,hotel,hotel,runtime layer hotels,high,false,
LY-HOT-000382,hotels,فندق اليسر,Al-Yusr Hotel,hotel,hotel,runtime layer hotels,high,false,
LY-HOT-000383,hotels,فندق جنان النوار,,hotel,hotel,runtime layer hotels,high,false,
LY-HOT-000384,hotels,فندق جولف,Golf Hotel,hotel,hotel,runtime layer hotels,high,false,
LY-HOT-000385,hotels,فندق زهرة الشمس,"Hotel Zahrat Al Shams""",hotel,hotel,runtime layer hotels,high,false,
LY-HOT-000386,hotels,فندق سنترو,(Ll Centro Hotel),hotel,hotel,runtime layer hotels,high,false,
LY-HOT-000387,hotels,فندق صبراتة,Sabratha Hotel Tripoli,hotel,hotel,runtime layer hotels,high,false,
LY-HOT-000388,hotels,فندق كيان 2,Kayan 2 Hotel,hostel,hotel,runtime layer hotels,high,false,
LY-HOT-000389,hotels,فندق نور الثريا السياحى,Noor Al-Thuraya Hotel,hostel,hotel,runtime layer hotels,high,false,
LY-HOT-000390,hotels,فندق أويا,Oya Hotel,hotel,hotel,runtime layer hotels,high,false,
LY-HOT-000391,hotels,فندق منتجع الطاووس,Peacock Hotel And Resort,resort,hotel,runtime layer hotels,high,false,
LY-HOT-000392,hotels,اجنحة كراون للشقق الفندقية,Crown suites,apartment_hotel,hotel,runtime layer hotels,high,false,
LY-HOT-000393,hotels,الدلتا للشقق الفندقية 2,Aldelta Residence,apartment_hotel,hotel,runtime layer hotels,high,false,
LY-HOT-000394,hotels,الدلتا للشقق الفندقية 1,Aldelta Residence,apartment_hotel,hotel,runtime layer hotels,high,false,
LY-HOT-000395,hotels,الشاطي الذهبي,Golden Beach Hotel),hotel,hotel,runtime layer hotels,high,false,
LY-HOT-000396,hotels,العنوان للشقق الفندقيه,The Address Hotel Apartments,apartment_hotel,hotel,runtime layer hotels,high,false,
LY-HOT-000397,hotels,تحت الصيانة الفندق الكبير,تحت الصيانة,hotel,hotel,runtime layer hotels,high,false,
LY-HOT-000398,hotels,القبس لشقق الفندقيه,Al-Qabas Hotel Apartments,apartment_hotel,hotel,runtime layer hotels,high,false,
LY-HOT-000399,hotels,الماسة للأجنحة الفندقية,Almasa Hotel Suites,apartment_hotel,hotel,runtime layer hotels,high,false,
LY-HOT-000400,hotels,المجرة للشقق الفندقية,(Hotel Suites / Serviced Apartments),apartment_hotel,hotel,runtime layer hotels,high,false,
LY-HOT-000401,hotels,المكان للشقق الفندقية,Al Makan Hotel Apartments,apartment_hotel,hotel,runtime layer hotels,high,false,
LY-HOT-000402,hotels,اوكا لشقق الفندقيه vib,Oka Hotel Apartments VIP,apartment_hotel,hotel,runtime layer hotels,high,false,
LY-HOT-000403,hotels,إقامة إيفا للشق الفندقية,Eva Residence for Hotel Apartments,apartment_hotel,hotel,runtime layer hotels,high,false,
LY-HOT-000404,hotels,إقامة قورينا الفاخرة,Corina Residence,apartment_hotel,hotel,runtime layer hotels,high,false,
LY-HOT-000405,hotels,أجنحة الفوانيس للشقق الفندقية,Al-Fawanees Hotel Suites,apartment_hotel,hotel,runtime layer hotels,high,false,
LY-HOT-000406,hotels,بيت النوران للشقق الفندقية,Bayt Alnoorane Hotel Apartments,apartment_hotel,hotel,runtime layer hotels,high,false,
LY-HOT-000407,hotels,بيوت العاصمة للشقق الفندقية,Beyout Al-Asimah Hotel Apartments,apartment_hotel,hotel,runtime layer hotels,high,false,
LY-HOT-000408,hotels,جواهر العاصمة للشقق الفندقية,Jawaher Al-Asema Apartment Hotel,hostel,hotel,runtime layer hotels,high,false,
LY-HOT-000409,hotels,جولايا للشقق الفندقية,Julaya Hotel Apartments,apartment_hotel,hotel,runtime layer hotels,high,false,
LY-HOT-000410,hotels,جوهرة السلام للشقق الفندقية,Aparthotels / Hotel Apartments,apartment_hotel,hotel,runtime layer hotels,high,false,
LY-HOT-000411,hotels,حدائق المشتل للشقق الفندقية,Almashtel Gardens,apartment_hotel,hotel,runtime layer hotels,high,false,
LY-HOT-000412,hotels,دار الضيافة 2 للشقق الفندقية,dar aldiyafat 2 lilshuqaq alfunduqia,apartment_hotel,hotel,runtime layer hotels,high,false,
LY-HOT-000413,hotels,شركة العميد لايجار الشقق الفندقية,Alameed Hotel Booking,apartment_hotel,hotel,runtime layer hotels,high,false,
LY-HOT-000414,hotels,شقق البرنس,Prince Apartments,apartment_hotel,hotel,runtime layer hotels,high,false,
LY-HOT-000415,hotels,شقق الرواد المفروشة,Al-Rowad Tourist Hotel,apartment_hotel,hotel,runtime layer hotels,high,false,
LY-HOT-000416,hotels,شقق فيلا ليبيا الفندقية,Villa-Libya-Apartments,apartment_hotel,hotel,runtime layer hotels,high,false,
LY-HOT-000417,hotels,فندق اكاكوس,Akakus Hotel,hostel,hotel,runtime layer hotels,high,false,
LY-HOT-000418,hotels,فندق الاخوة,Alokhowa Hotel),hostel,hotel,runtime layer hotels,high,false,
LY-HOT-000419,hotels,فندق الاصالة,Alasala Hotel,hostel,hotel,runtime layer hotels,high,false,
LY-HOT-000420,hotels,فندق الاندلس,Al Andalus Hotel Tripoli,hostel,hotel,runtime layer hotels,high,false,
LY-HOT-000421,hotels,فندق البتراء,Albatra Hotel,hostel,hotel,runtime layer hotels,high,false,
LY-HOT-000422,hotels,فندق البشير,Al-Basheer Hotel (or Al Bashir Hotel,hotel,hotel,runtime layer hotels,high,false,
LY-HOT-000423,hotels,فندق البيت الراقي للشقق الفندقية,Al-Bait Al-Raqi Hotel Apartments,apartment_hotel,hotel,runtime layer hotels,high,false,
LY-HOT-000424,hotels,فندق التاج,Hotel TAJ,hotel,hotel,runtime layer hotels,high,false,
LY-HOT-000425,hotels,فندق التوفيق بلازا,Attawfeek Plaza Hotel,hostel,hotel,runtime layer hotels,high,false,
LY-HOT-000426,hotels,فندق الجبل الأخضر,Al-Jebel Al-Akhdar Hotel,hotel,hotel,runtime layer hotels,high,false,
LY-HOT-000427,hotels,فندق الجرات,,hotel,hotel,runtime layer hotels,high,false,
LY-HOT-000428,hotels,فندق الخان الطرابلسي,El Khan Hotel,hotel,hotel,runtime layer hotels,high,false,
LY-HOT-000429,hotels,فندق الخليج,Alkhaleej Hotel,hostel,hotel,runtime layer hotels,high,false,
LY-HOT-000430,hotels,فندق الخيام العربية,,hotel,hotel,runtime layer hotels,high,false,
LY-HOT-000431,hotels,فندق الدالي,,hotel,hotel,runtime layer hotels,high,false,
LY-HOT-000432,hotels,فندق الدبلوماسي,Diplomatic Hotel,hotel,hotel,runtime layer hotels,high,false,
LY-HOT-000433,hotels,فندق الدوحة,,hotel,hotel,runtime layer hotels,high,false,
LY-HOT-000434,hotels,فندق الديار,ADDEYAR HOTEL,hotel,hotel,runtime layer hotels,high,false,
LY-HOT-000435,hotels,فندق الديوان,,hotel,hotel,runtime layer hotels,high,false,
LY-HOT-000436,hotels,فندق الديوان,,hotel,hotel,runtime layer hotels,high,false,
LY-HOT-000439,hotels,فندق الرحاب,,hotel,hotel,runtime layer hotels,high,false,
LY-HOT-000440,hotels,فندق الرحاب 1,,hotel,hotel,runtime layer hotels,high,false,
LY-HOT-000441,hotels,فندق الرحاب 2,,hotel,hotel,runtime layer hotels,high,false,
LY-HOT-000442,hotels,فندق الرفيع,,hotel,hotel,runtime layer hotels,high,false,
LY-HOT-000443,hotels,فندق الرواد,,hotel,hotel,runtime layer hotels,high,false,
LY-HOT-000444,hotels,فندق الريان,Alrayan Hotel,hotel,hotel,runtime layer hotels,high,false,
LY-HOT-000445,hotels,فندق الزيتونة,Alzaytouna Hotel,hostel,hotel,runtime layer hotels,high,false,
LY-HOT-000446,hotels,فندق السرايا,Assaraya Hotel,hotel,hotel,runtime layer hotels,high,false,
LY-HOT-000447,hotels,فندق السرايا السياحي,,hotel,hotel,runtime layer hotels,high,false,
LY-HOT-000448,hotels,فندق السفير,,hotel,hotel,runtime layer hotels,high,false,
LY-HOT-000449,hotels,فندق السفينة الزرقاء,,hotel,hotel,runtime layer hotels,high,false,
LY-HOT-000450,hotels,فندق السلاسل الذهبية,,hotel,hotel,runtime layer hotels,high,false,
LY-HOT-000451,hotels,فندق السلطان,,hotel,hotel,runtime layer hotels,high,false,
LY-HOT-000452,hotels,فندق السلطان داون تاون,,hotel,hotel,runtime layer hotels,high,false,
LY-HOT-000453,hotels,فندق السندباد,,hotel,hotel,runtime layer hotels,high,false,
LY-HOT-000454,hotels,فندق الشاطئ الذهبي,,hotel,hotel,runtime layer hotels,high,false,
LY-HOT-000455,hotels,فندق الشجرة,,hotel,hotel,runtime layer hotels,high,false,
LY-HOT-000456,hotels,فندق الشمس,,hotel,hotel,runtime layer hotels,high,false,
LY-HOT-000457,hotels,فندق الصافي,,hotel,hotel,runtime layer hotels,high,false,
LY-HOT-000458,hotels,فندق الصفوة للشقق الفندقية,,apartment_hotel,hotel,runtime layer hotels,high,false,
LY-HOT-000459,hotels,فندق الصولجان,,hotel,hotel,runtime layer hotels,high,false,
LY-HOT-000460,hotels,فندق الضيافة,,hotel,hotel,runtime layer hotels,high,false,
LY-HOT-000461,hotels,فندق الطريق,,hotel,hotel,runtime layer hotels,high,false,
LY-HOT-000462,hotels,فندق العاصمة,,hotel,hotel,runtime layer hotels,high,false,
LY-HOT-000463,hotels,فندق الفتح,,hotel,hotel,runtime layer hotels,high,false,
LY-HOT-000464,hotels,فندق الفردوس,,hotel,hotel,runtime layer hotels,high,false,
LY-HOT-000465,hotels,فندق الفصول الأربعة ( 1 ),,hotel,hotel,runtime layer hotels,high,false,
LY-HOT-000466,hotels,فندق الفصول الأربعة ( 2 ),,hotel,hotel,runtime layer hotels,high,false,
LY-HOT-000467,hotels,فندق الفصول الأربعة ( 3 ),,hotel,hotel,runtime layer hotels,high,false,
LY-HOT-000468,hotels,فندق القلعة السياحي للشقق المفروشة,,apartment_hotel,hotel,runtime layer hotels,high,false,
LY-HOT-000469,hotels,فندق القنصل,,hotel,hotel,runtime layer hotels,high,false,
LY-HOT-000470,hotels,فندق القوس,,hotel,hotel,runtime layer hotels,high,false,
LY-HOT-000471,hotels,فندق الكندي,,hotel,hotel,runtime layer hotels,high,false,
LY-HOT-000472,hotels,فندق الكنوز الدهبية,,hotel,hotel,runtime layer hotels,high,false,
LY-HOT-000473,hotels,فندق اللؤلؤة,,apartment_hotel,hotel,runtime layer hotels,high,false,
LY-HOT-000474,hotels,فندق الليلك,,hotel,hotel,runtime layer hotels,high,false,
LY-HOT-000475,hotels,فندق المأمون,,hotel,hotel,runtime layer hotels,high,false,
LY-HOT-000476,hotels,فندق المبروك,,hotel,hotel,runtime layer hotels,high,false,
LY-HOT-000477,hotels,فندق المتوسط,,hotel,hotel,runtime layer hotels,high,false,
LY-HOT-000478,hotels,فندق المتوسط,,hotel,hotel,runtime layer hotels,high,false,
LY-HOT-000481,hotels,فندق المختار,,hotel,hotel,runtime layer hotels,high,false,
LY-HOT-000482,hotels,فندق المشكاة,,hotel,hotel,runtime layer hotels,high,false,
LY-HOT-000483,hotels,فندق المنامة,,hotel,hotel,runtime layer hotels,high,false,
LY-HOT-000484,hotels,فندق المهاري رادسون بلو,Radisson Blu Al Mahary Hotel,resort,hotel,runtime layer hotels,high,false,
LY-HOT-000485,hotels,فندق النخلة السياحي,,hotel,hotel,runtime layer hotels,high,false,
LY-HOT-000486,hotels,فندق النهر,,hotel,hotel,runtime layer hotels,high,false,
LY-HOT-000487,hotels,فندق النورس,,hotel,hotel,runtime layer hotels,high,false,
LY-HOT-000488,hotels,فندق الهاني,,hotel,hotel,runtime layer hotels,high,false,
LY-HOT-000489,hotels,فندق الهناء,,hotel,hotel,runtime layer hotels,high,false,
LY-HOT-000490,hotels,فندق الواحات,,hotel,hotel,runtime layer hotels,high,false,
LY-HOT-000491,hotels,فندق الوادي,,hotel,hotel,runtime layer hotels,high,false,
LY-HOT-000492,hotels,فندق الودان,,hotel,hotel,runtime layer hotels,high,false,
LY-HOT-000493,hotels,فندق الياسمينة,,hotel,hotel,runtime layer hotels,high,false,
LY-HOT-000494,hotels,فندق الياقوتة,,hotel,hotel,runtime layer hotels,high,false,
LY-HOT-000495,hotels,فندق اليقين,,hotel,hotel,runtime layer hotels,high,false,
LY-HOT-000496,hotels,فندق اوال,Awal Hotel Tripoli,hotel,hotel,runtime layer hotels,high,false,
LY-HOT-000497,hotels,فندق أجنحة الوليد,,hotel,hotel,runtime layer hotels,high,false,
LY-HOT-000498,hotels,فندق أسامة,,hotel,hotel,runtime layer hotels,high,false,
LY-HOT-000499,hotels,فندق أسامة,,hotel,hotel,runtime layer hotels,high,false,
LY-HOT-000500,hotels,فندق أسامة,,hotel,hotel,runtime layer hotels,high,false,
LY-HOT-000501,hotels,فندق أسامة,,hotel,hotel,runtime layer hotels,high,false,
LY-HOT-000502,hotels,فندق باب البحر,,hotel,hotel,runtime layer hotels,high,false,
LY-HOT-000503,hotels,فندق باب طرابلس,,hotel,hotel,runtime layer hotels,high,false,
LY-HOT-000504,hotels,فندق برج المدينة,,hotel,hotel,runtime layer hotels,high,false,
LY-HOT-000505,hotels,فندق برج كورنثيا باب أفريقيا,,hotel,hotel,runtime layer hotels,high,false,
LY-HOT-000506,hotels,فندق بلازما,,hotel,hotel,runtime layer hotels,high,false,
LY-HOT-000507,hotels,فندق بلخير,,hotel,hotel,runtime layer hotels,high,false,
LY-HOT-000508,hotels,فندق بلخير السياحي,,hotel,hotel,runtime layer hotels,high,false,
LY-HOT-000509,hotels,فندق بيت الامان,,hotel,hotel,runtime layer hotels,high,false,
LY-HOT-000510,hotels,فندق بيت الشرق,,hotel,hotel,runtime layer hotels,high,false,
LY-HOT-000511,hotels,فندق بيت الضيافة,,hotel,hotel,runtime layer hotels,high,false,
LY-HOT-000512,hotels,فندق بيروت,,hotel,hotel,runtime layer hotels,high,false,
LY-HOT-000513,hotels,فندق تاج دبي,,hotel,hotel,runtime layer hotels,high,false,
LY-HOT-000514,hotels,فندق توباكتس,,hotel,hotel,runtime layer hotels,high,false,
LY-HOT-000515,hotels,فندق جاكرتا,,hotel,hotel,runtime layer hotels,high,false,
LY-HOT-000516,hotels,فندق جي دبليو ماروت,Lancaster Burj Al Hayat,hotel,hotel,runtime layer hotels,high,false,
LY-HOT-000517,hotels,فندق دار طرابلس,,hotel,hotel,runtime layer hotels,high,false,
LY-HOT-000518,hotels,فندق ديكنة,,hotel,hotel,runtime layer hotels,high,false,
LY-HOT-000519,hotels,فندق ذا ريسدنس,,hotel,hotel,runtime layer hotels,high,false,
LY-HOT-000520,hotels,فندق رويال جاردنس,,hotel,hotel,runtime layer hotels,high,false,
LY-HOT-000521,hotels,فندق ريزيدينس,,hotel,hotel,runtime layer hotels,high,false,
LY-HOT-000522,hotels,فندق زميت الأثري,,hotel,hotel,runtime layer hotels,high,false,
LY-HOT-000523,hotels,فندق زهرة الخليج,,hotel,hotel,runtime layer hotels,high,false,
LY-HOT-000524,hotels,فندق سارة,,hotel,hotel,runtime layer hotels,high,false,
LY-HOT-000525,hotels,فندق سبراتا,,hotel,hotel,runtime layer hotels,high,false,
LY-HOT-000526,hotels,فندق سفارى,,hotel,hotel,runtime layer hotels,high,false,
LY-HOT-000527,hotels,فندق سما و بلقيس,,hotel,hotel,runtime layer hotels,high,false,
LY-HOT-000528,hotels,فندق سما وبلقيس,,hotel,hotel,runtime layer hotels,high,false,
LY-HOT-000529,hotels,فندق صحراء ليبيا,,hotel,hotel,runtime layer hotels,high,false,
LY-HOT-000530,hotels,فندق ضيافة ونيس,,hotel,hotel,runtime layer hotels,high,false,
LY-HOT-000531,hotels,فندق طرابلس الدولى,,hotel,hotel,runtime layer hotels,high,false,
LY-HOT-000532,hotels,فندق طليطلة,,hotel,hotel,runtime layer hotels,high,false,
LY-HOT-000533,hotels,فندق طيبة,,hotel,hotel,runtime layer hotels,high,false,
LY-HOT-000534,hotels,فندق عمير,,hotel,hotel,runtime layer hotels,high,false,
LY-HOT-000535,hotels,فندق غصن الذهب,,hotel,hotel,runtime layer hotels,high,false,
LY-HOT-000536,hotels,فندق فكتوريا,,hotel,hotel,runtime layer hotels,high,false,
LY-HOT-000537,hotels,فندق الاندلس /فندق فوربوينتس شيرتون,,hotel,hotel,runtime layer hotels,high,false,
LY-HOT-000538,hotels,فندق قرطاج,,hotel,hotel,runtime layer hotels,high,false,
LY-HOT-000539,hotels,فندق قصر الظهرة,,hotel,hotel,runtime layer hotels,high,false,
LY-HOT-000540,hotels,فندق قصر الياقوت,,hotel,hotel,runtime layer hotels,high,false,
LY-HOT-000541,hotels,فندق قصر ليبيا,,hotel,hotel,runtime layer hotels,high,false,
LY-HOT-000542,hotels,فندق قلعة صفيت,,hotel,hotel,runtime layer hotels,high,false,
LY-HOT-000543,hotels,فندق هارون,,hotel,hotel,runtime layer hotels,high,false,
LY-HOT-000544,hotels,فندق قورينا,,hotel,hotel,runtime layer hotels,high,false,
LY-HOT-000545,hotels,فندق كريستال,,hotel,hotel,runtime layer hotels,high,false,
LY-HOT-000546,hotels,فندق كليوباترا,,hotel,hotel,runtime layer hotels,high,false,
LY-HOT-000547,hotels,فندق كيان,,hotel,hotel,runtime layer hotels,high,false,
LY-HOT-000548,hotels,فندق كيفالاي,,hotel,hotel,runtime layer hotels,high,false,
LY-HOT-000549,hotels,فندق كيلو بترا,,hotel,hotel,runtime layer hotels,high,false,
LY-HOT-000550,hotels,فندق ليبوس,,hotel,hotel,runtime layer hotels,high,false,
LY-HOT-000551,hotels,فندق ليبيا السياحي,,hotel,hotel,runtime layer hotels,high,false,
LY-HOT-000552,hotels,فندق ماريقولد,,hotel,hotel,runtime layer hotels,high,false,
LY-HOT-000553,hotels,فندق مجد الضيافة,,apartment_hotel,hotel,runtime layer hotels,high,false,
LY-HOT-000554,hotels,فندق مرحبا,,hotel,hotel,runtime layer hotels,high,false,
LY-HOT-000555,hotels,فندق ناريـز ( NARIZ HOTEL),,hotel,hotel,runtime layer hotels,high,false,
LY-HOT-000556,hotels,فندق نزهة,,hotel,hotel,runtime layer hotels,high,false,
LY-HOT-000557,hotels,فندق نيو ستي,,hotel,hotel,runtime layer hotels,high,false,
LY-HOT-000558,hotels,فندق هايتي,,hotel,hotel,runtime layer hotels,high,false,
LY-HOT-000559,hotels,قرية تاجوراء السياحية,,hotel,hotel,runtime layer hotels,high,false,
LY-HOT-000560,hotels,قصر العائلة للشقق الفندقية الفرع الثاني,,apartment_hotel,hotel,runtime layer hotels,high,false,
LY-HOT-000561,hotels,لبدة إفريقيا للشقق الفندقية,,apartment_hotel,hotel,runtime layer hotels,high,false,
LY-HOT-000562,hotels,لمسة للشقق الفندقية,,apartment_hotel,hotel,runtime layer hotels,high,false,
LY-HOT-000563,hotels,مساكن القدس للشقق الفندقية,,apartment_hotel,hotel,runtime layer hotels,high,false,
LY-HOT-000564,hotels,مساكن القدس للشقق الفندقية,,apartment_hotel,hotel,runtime layer hotels,high,false,
LY-HOT-000567,hotels,منازل الشط للشقق الفندقية,,apartment_hotel,hotel,runtime layer hotels,high,false,
LY-HOT-000568,hotels,والي للشقق الفندقية,,apartment_hotel,hotel,runtime layer hotels,high,false,
LY-HOT-000569,hotels,لانكاستر برج الحياة (ماريوت سابقا),Lancaster Burj Al Hayat,hotel,hotel,runtime layer hotels,high,false,
LY-HOT-000571,hotels,فندق اليمامة,,hotel,hotel,runtime layer hotels,high,false,
LY-HOT-000572,hotels,فندق الصفوة,,hotel,hotel,runtime layer hotels,high,false,
LY-ACC-RES-ZUW-00001,resorts,قرية إدوس السياحية,Edos Sea resorts,beach_resort,tourism_village,facility code or explicit village term,high,false,
LY-ACC-RES-TRI-00001,resorts,قرية مرمرة السياحية,marmara resorts,tourist_resort,tourism_village,facility code or explicit village term,high,false,
LY-ACC-RES-ZUW-00002,resorts,قرية فيرونا السياحية,verona resort,tourist_village,tourism_village,facility code or explicit village term,high,false,
LY-ACC-RES-ZUW-00003,resorts,قرية البرتقالة,قرية البرتقالة - Orange Resort,tourist_village,tourism_village,facility code or explicit village term,high,false,
LY-ACC-RES-ZUW-00004,resorts,قرية شط النخيل زوارة,Palm beach / قرية شط النخيل زوارة,accommodation_resort_other,tourism_village,facility code or explicit village term,high,false,
LY-ACC-RES-ZUW-00005,resorts,قرية أوليڤيا السياحية - زوارة,Olivia Zwara resort قرية أوليڤيا السياحية,tourist_resort,tourism_village,facility code or explicit village term,high,false,
LY-ACC-RES-ZUW-00006,resorts,منتجع تايتانيك,Titanix Resort Zuwara,tourist_resort,resort,facility code or explicit resort term,high,false,
LY-ACC-RES-ZUW-00007,resorts,إقامة تولين السياحية,إقامة تولين - Tuline residence,tourist_village,tourism_village,facility code or explicit village term,high,false,
LY-ACC-RES-ZUW-00008,resorts,VILLA HAYA,VILLA HAYA,tourist_resort,resort,facility code or explicit resort term,high,false,
LY-ACC-RES-ZUW-00009,resorts,منتجع زين السياحي,منتجع زين غاردن السياحي,accommodation_resort_other,resort,facility code or explicit resort term,high,false,
LY-ACC-RES-ZUW-00010,resorts,قرية تيبودا السياحيه,قرية تيبودا السياحيه Teboda resort,tourist_resort,tourism_village,facility code or explicit village term,high,false,
LY-ACC-RES-ZUW-00011,resorts,منتجع سيتي بارك زوارة,City Park Zuwara - سيتي بارك زوارة,tourist_resort,resort,facility code or explicit resort term,high,false,
LY-ACC-RES-SAB-00001,resorts,قرية جوهرة صبراتة السياحية,قرية جوهرة صبراتة السياحية Goharat sabratha,tourist_village,tourism_village,facility code or explicit village term,high,false,
LY-ACC-RES-SAB-00002,resorts,قرية المغرب العربي صبراتة,فندق المغرب العربي للشقق المفروشة,tourist_village,tourism_village,facility code or explicit village term,high,false,
LY-ACC-RES-SAB-00003,resorts,مركب تليل السياحي_صبراتة,Tellel resorts مركب تليل السياحي,tourist_village,tourism_village,facility code or explicit village term,high,false,
LY-ACC-RES-NAT-00001,resorts,القرية السياحية جنزور,العنوان/المدينة:,tourist_village,tourism_village,facility code or explicit village term,high,false,
LY-ACC-RES-TRI-00002,resorts,قرية بالم سيتي/قرية النخيل السياحية طرابلس,Palm city residences janzour libya,tourist_village,tourism_village,facility code or explicit village term,high,false,
LY-ACC-RES-TRI-00003,resorts,القرية السياحية الريقاتة,قرية المغرب العربي السكنية -Regata village,tourist_village,tourism_village,facility code or explicit village term,high,false,
LY-ACC-RES-TRI-00004,resorts,مركب شيراتون - النقاط الأربعة,Four Points Hotel - Tripoli,tourist_complex,resort,facility code or explicit resort term,high,false,
LY-ACC-RES-NAT-00002,resorts,القرية السياحية تاجوراء,العنوان/المدينة:,tourist_village,tourism_village,facility code or explicit village term,high,false,
LY-ACC-RES-NAT-00003,resorts,منتجع سمرلاند المائي,SummerLand Waterpark & Resort,tourist_resort,resort,facility code or explicit resort term,high,false,
LY-ACC-RES-KHO-00001,resorts,مصيف قرية مارينا السياحية,مصيف قرية مارينا السياحية الخمس -Marina Villages,tourist_village,tourism_village,facility code or explicit village term,high,false,
LY-ACC-RES-KHO-00002,resorts,قرية قصر سيلين العائلية,قرية قصر سيلين العائلية - QASR SILIN FAMILY RESORTS,family_resort,tourism_village,facility code or explicit village term,high,false,
LY-ACC-RES-KHO-00003,resorts,قرية حدائق غنيمة,قرية حدائق غنيمة - GHANIMA GARDENS VILLAGES,tourist_village,tourism_village,facility code or explicit village term,high,false,
LY-ACC-RES-KHO-00004,resorts,إستراحة شط غنيمة,العنوان/المدينة: شارع الاربعين 40 غنيمة، الخمس,accommodation_resort_other,resort,facility code or explicit resort term,high,false,
LY-ACC-RES-TRI-00005,resorts,قرية المتوسط العائلية,Almotawaset resorts,family_resort,tourism_village,facility code or explicit village term,high,false,
LY-ACC-RES-KHO-00005,resorts,قرية قوس غنيمة السياحية,qous ghanima village,tourist_village,tourism_village,facility code or explicit village term,high,false,
LY-ACC-RES-KHO-00006,resorts,قرية لؤلؤة غنيمة العائلية,العنوان/المدينة:,family_resort,tourism_village,facility code or explicit village term,high,false,
LY-ACC-RES-KHO-00007,resorts,قرية شمس البحر,العنوان/المدينة:,tourist_village,tourism_village,facility code or explicit village term,high,false,
LY-ACC-RES-KHO-00008,resorts,قرية الشاطيء الذهبي,Golden Beach Village,tourist_resort,tourism_village,facility code or explicit village term,high,false,
LY-ACC-RES-KHO-00009,resorts,منتجع سي شيلز,SeaShells Beach Resort,tourist_resort,resort,facility code or explicit resort term,high,false,
LY-ACC-RES-KHO-00010,resorts,منتجع حوض البحر Seapool Resort,Seapool Resort (منتجع حوض البحر),tourist_village,tourism_village,facility code or explicit village term,high,false,
LY-ACC-RES-KHO-00011,resorts,قرية الخمس السياحية,العنوان/المدينة:,accommodation_resort_other,tourism_village,facility code or explicit village term,high,false,
LY-ACC-RES-KHO-00012,resorts,قريه غنيمه العائليه,منتجع غنيمة السياحي Ghanima Resort&spa,family_resort,resort,facility code or explicit resort term,high,false,
LY-ACC-RES-KHO-00013,resorts,قرية اكوا مارين السياحية,قرية أكوامارين السياحية - Aquamarine,tourist_village,tourism_village,facility code or explicit village term,high,false,
LY-ACC-RES-KHO-00014,resorts,قرية جنيف العائلية غنيمة,قرية جنيف السياحية غنيمة Geneve,family_resort,tourism_village,facility code or explicit village term,high,false,
LY-ACC-RES-KHO-00015,resorts,منتجع شاطئ غنيمة,Ghanima beach resort & spa منتجع وشاطيء غنيمه,tourist_village,tourism_village,facility code or explicit village term,high,false,
LY-ACC-RES-KHO-00016,resorts,شاليهات بن حمودة العائلي,شاليهات بن حمودة العائلي - Shalehat ben hammoda,family_resort,resort,facility code or explicit resort term,high,false,
LY-ACC-RES-NAT-00004,resorts,منتجع كريستال السياحي,منتجع كريستال 2 السياحي,tourist_resort,resort,facility code or explicit resort term,high,false,
LY-ACC-RES-NAT-00005,resorts,منتجع رويال السياحي,منتجع رويال السياحي villa 34,tourist_resort,resort,facility code or explicit resort term,high,false,
LY-ACC-RES-NAT-00006,resorts,القويعة,Goweea sea resorts,beach_resort,resort,facility code or explicit resort term,high,false,
LY-ACC-RES-NAT-00007,resorts,منتجع فيلا دريم هاوس,فيلا دريم هاوس Dream house,tourist_resort,resort,facility code or explicit resort term,high,false,
LY-ACC-RES-NAT-00008,resorts,منتجع شط مريم,العنوان/المدينة:,tourist_resort,resort,facility code or explicit resort term,high,false,
LY-ACC-RES-NAT-00009,resorts,استراحة الجود القويعه,العنوان/المدينة:,tourist_resort,resort,facility code or explicit resort term,high,false,
LY-ACC-RES-NAT-00010,resorts,منتجع اتش تي السياحي,منتجع اتش تي السياحي -HT,tourist_resort,resort,facility code or explicit resort term,high,false,
LY-ACC-RES-NAT-00011,resorts,منتجع اتش تي 3,HT3 Resort,tourist_resort,resort,facility code or explicit resort term,high,false,
LY-ACC-RES-NAT-00012,resorts,منتجع شاليهات للاجار,العنوان/المدينة:,tourist_resort,resort,facility code or explicit resort term,high,false,
LY-ACC-RES-NAT-00013,resorts,قرية العطايا العائلية,قرية العطايا العائلية AtAYA,family_resort,tourism_village,facility code or explicit village term,high,false,
LY-ACC-RES-NAT-00014,resorts,منتجع برستيج,منتجع برستيج السياحي PRESTIGE RESORT,tourist_resort,resort,facility code or explicit resort term,high,false,
LY-ACC-RES-NAT-00015,resorts,قرية القويعة السياحية,العنوان/المدينة:,tourist_village,tourism_village,facility code or explicit village term,high,false,
LY-ACC-RES-NAT-00016,resorts,شاليهات بن بية,العنوان/المدينة:,tourist_resort,resort,facility code or explicit resort term,high,false,
LY-ACC-RES-NAT-00017,resorts,قرية ميار البحر العائليه,قرية ميار البحر العائلية - القره بولي MAYAR AL BAHR VILLAGE,family_resort,tourism_village,facility code or explicit village term,high,false,
LY-ACC-RES-NAT-00018,resorts,قرية أغيث السياحية,منتجع أغيث - Agith Resort,tourist_village,tourism_village,facility code or explicit village term,high,false,
LY-ACC-RES-NAT-00019,resorts,قرية الخلة السياحية العائلية,العنوان/المدينة:,family_resort,tourism_village,facility code or explicit village term,high,false,
LY-ACC-RES-NAT-00020,resorts,مجمع جواهر لاند,العنوان/المدينة:,tourist_village,tourism_village,facility code or explicit village term,high,false,
LY-ACC-RES-NAT-00021,resorts,منتجع دار البحر,العنوان/المدينة:,tourist_village,tourism_village,facility code or explicit village term,high,false,
LY-ACC-RES-NAT-00022,resorts,منتجع وادي بالنور,منتجع وادي بنور WBR,family_resort,resort,facility code or explicit resort term,high,false,
LY-ACC-RES-NAT-00023,resorts,منتجع بيتش هاوس,إستراحات بيتش هاوس Beach house,tourist_village,tourism_village,facility code or explicit village term,high,false,
LY-ACC-RES-NAT-00024,resorts,قرية قوس غنيمة السياحية,قرية قوس غنيمة السياحية,tourist_village,tourism_village,facility code or explicit village term,high,false,
LY-ACC-RES-NAT-00025,resorts,منتجع ايليت السياحي,منتجع ايليت السياحي Elite Resorts,tourist_village,tourism_village,facility code or explicit village term,high,false,
LY-ACC-RES-NAT-00026,resorts,قرية شمس البحر,العنوان/المدينة:,tourist_village,tourism_village,facility code or explicit village term,high,false,
LY-ACC-RES-KHO-00017,resorts,قرية لؤلؤة غنيمة العائلية,استراحة لؤلؤة - غنيمة الخمس,family_resort,tourism_village,facility code or explicit village term,high,false,
LY-ACC-RES-NAT-00027,resorts,شاليهات ركن النيروز,استراحة النيروز 2,accommodation_resort_other,resort,facility code or explicit resort term,high,false,
LY-ACC-RES-NAT-00028,resorts,قرية رأس الحمراء العائلية,Ras Al hamra resorts,family_resort,tourism_village,facility code or explicit village term,high,false,
LY-ACC-RES-KHO-00018,resorts,قرية شاطئ النخيل الذهبي,Palm Beach,tourist_village,tourism_village,facility code or explicit village term,high,false,
LY-ACC-RES-ZLI-00001,resorts,قرية أصيل السياحية,قرية أصيل السياحية Aseel Tourist Village,tourist_village,tourism_village,facility code or explicit village term,high,false,
LY-ACC-RES-ZLI-00002,resorts,قرية الهُزم السياحية,منتجع الهُزم السياحي Alhozm resorts,tourist_village,tourism_village,facility code or explicit village term,high,false,
LY-ACC-RES-MIS-00001,resorts,منتجع الأمان السياحي,منتجع الأمان السياحي - Aman Tourist Resort,tourist_resort,resort,facility code or explicit resort term,high,false,
LY-ACC-RES-MIS-00002,resorts,منتجع مصراتة,منتجع مصراتة - Misurata Resort,tourist_resort,resort,facility code or explicit resort term,high,false,
LY-ACC-RES-MIS-00003,resorts,منتجع فينيسيا/مصراتة,قرية فينيسيا السياحية مصراتة,tourist_resort,tourism_village,facility code or explicit village term,high,false,
LY-ACC-RES-MIS-00004,resorts,قرية زريق السياحية,قرية زريق للإستثمار السياحي / مصراتة,tourist_village,tourism_village,facility code or explicit village term,high,false,
LY-ACC-RES-NAT-00029,resorts,حي قصور الضيافة_سرت,العنوان/المدينة:,tourist_village,tourism_village,facility code or explicit village term,high,false,
LY-ACC-RES-BEN-00001,resorts,شاليهات ريماس,العنوان/المدينة:,accommodation_resort_other,resort,facility code or explicit resort term,high,false,
LY-ACC-RES-BEN-00002,resorts,قرية شاطيء النخيل,العنوان/المدينة:,tourist_village,tourism_village,facility code or explicit village term,high,false,
LY-ACC-RES-BEN-00003,resorts,منتجع مارينا بنغازي السياحي,العنوان/المدينة:,tourist_village,tourism_village,facility code or explicit village term,high,false,
LY-ACC-RES-BEN-00004,resorts,منتجع الصفوة السياحي,العنوان/المدينة:,tourist_village,tourism_village,facility code or explicit village term,high,false,
LY-ACC-RES-BEN-00005,resorts,منتجع ماربيلا السياحي,العنوان/المدينة:,tourist_village,tourism_village,facility code or explicit village term,high,false,
LY-ACC-RES-BEN-00006,resorts,مجمع الاصالة السياحي,العنوان/المدينة:,tourist_village,tourism_village,facility code or explicit village term,high,false,
LY-ACC-RES-BEN-00007,resorts,قرية الفاضل,العنوان/المدينة:,tourist_village,tourism_village,facility code or explicit village term,high,false,
LY-ACC-RES-BEN-00008,resorts,منتجع الأسيل,العنوان/المدينة:,tourist_village,tourism_village,facility code or explicit village term,high,false,
LY-ACC-RES-BEN-00009,resorts,منتجع الماسة السياحي,العنوان/المدينة:,accommodation_resort_other,resort,facility code or explicit resort term,high,false,
LY-ACC-RES-BEN-00010,resorts,منتجع قاريونس العائلي,العنوان/المدينة:,family_resort,resort,facility code or explicit resort term,high,false,
LY-ACC-RES-BEN-00011,resorts,منتجع النخلة الذهبية,العنوان/المدينة:,tourist_village,tourism_village,facility code or explicit village term,high,false,
LY-ACC-RES-BEN-00012,resorts,منتجع فايا لارجو,العنوان/المدينة:,tourist_village,tourism_village,facility code or explicit village term,high,false,
LY-ACC-RES-BEN-00013,resorts,قرية قمرت السياحية,العنوان/المدينة:,tourist_village,tourism_village,facility code or explicit village term,high,false,
LY-ACC-RES-NAT-00030,resorts,منتجع التلال الحمامة,العنوان/المدينة:,tourist_resort,resort,facility code or explicit resort term,high,false,
LY-ACC-RES-NAT-00031,resorts,منتجع الجراري السياحي - للعائلات,العنوان/المدينة:,family_resort,resort,facility code or explicit resort term,high,false,
LY-ACC-RES-NAT-00032,resorts,منتجع ومصيف الحمامة,العنوان/المدينة:,tourist_resort,resort,facility code or explicit resort term,high,false,
LY-ACC-RES-NAT-00033,resorts,قرية إيلاف السياحية,العنوان/المدينة:,tourist_village,tourism_village,facility code or explicit village term,high,false,
LY-ACC-RES-BAY-00001,resorts,شاليهات الحدائق الملكية,العنوان/المدينة:,accommodation_resort_other,resort,facility code or explicit resort term,high,false,
LY-ACC-RES-BAY-00002,resorts,منتجع وادي الكوف,العنوان/المدينة:,tourist_resort,resort,facility code or explicit resort term,high,false,
LY-ACC-RES-NAT-00034,resorts,منتجع إيلاند السياحي,العنوان/المدينة:,tourist_village,tourism_village,facility code or explicit village term,high,false,
LY-ACC-RES-NAT-00035,resorts,منتجع كنزي السياحي,العنوان/المدينة:,tourist_village,tourism_village,facility code or explicit village term,high,false,
LY-ACC-RES-NAT-00036,resorts,منتجع سوسه,العنوان/المدينة:,tourist_village,tourism_village,facility code or explicit village term,high,false,
LY-ACC-RES-NAT-00037,resorts,مصيف القريه/رأس الهلال,العنوان/المدينة:,tourist_village,tourism_village,facility code or explicit village term,high,false,
LY-ACC-RES-NAT-00038,resorts,منتجع الينابيع السياحي,العنوان/المدينة:,tourist_village,tourism_village,facility code or explicit village term,high,false,
LY-ACC-RES-NAT-00039,resorts,منتجع الاثرون السياحي,العنوان/المدينة:,tourist_resort,resort,facility code or explicit resort term,high,false,
LY-ACC-RES-DER-00001,resorts,منتجع إيميليا السياحي,العنوان/المدينة:,tourist_resort,resort,facility code or explicit resort term,high,false,
LY-ACC-RES-DER-00002,resorts,مصيف 1805,العنوان/المدينة:,tourist_resort,resort,facility code or explicit resort term,high,false,
LY-ACC-RES-NAT-00040,resorts,منتجع الابرق السياحي,العنوان/المدينة:,tourist_resort,resort,facility code or explicit resort term,high,false,
LY-ACC-RES-SHA-00001,resorts,منتج شحات السياحي,العنوان/المدينة:,tourist_resort,resort,facility code or explicit resort term,high,false,
LY-ACC-RES-SHA-00002,resorts,منتجع وموتيل الأمان 1,العنوان/المدينة:,tourist_resort,resort,facility code or explicit resort term,high,false,
LY-ACC-RES-SHA-00003,resorts,منتجع وموتيل الأمان 3,العنوان/المدينة:,tourist_resort,resort,facility code or explicit resort term,high,false,
LY-ACC-RES-SHA-00004,resorts,شاليهات بوعطية,العنوان/المدينة:,tourist_resort,resort,facility code or explicit resort term,high,false,
LY-ACC-RES-SHA-00005,resorts,منتجع جود السياحي,العنوان/المدينة:,tourist_resort,resort,facility code or explicit resort term,high,false,
LY-ACC-RES-KHO-00019,resorts,إستراحات فردية درجة أولى,العنوان/المدينة:,tourist_resort,resort,facility code or explicit resort term,high,false,
LY-ACC-RES-SHA-00006,resorts,إستراحات فردية,العنوان/المدينة:,tourist_resort,resort,facility code or explicit resort term,high,false,
LY-ACC-RES-SHA-00007,resorts,منتجع الاسرة السعيدة,العنوان/المدينة:,tourist_resort,resort,facility code or explicit resort term,high,false,
LY-ACC-RES-SHA-00008,resorts,شاليهات بومؤمن,العنوان/المدينة:,tourist_resort,resort,facility code or explicit resort term,high,false,
LY-ACC-RES-SHA-00009,resorts,منتجع سيف للسياحه ولاستثمار,العنوان/المدينة:,tourist_resort,resort,facility code or explicit resort term,high,false,
LY-ACC-RES-TOB-00001,resorts,منتجع وفندق ريفان السياحي,العنوان/المدينة:,accommodation_resort_other,resort,facility code or explicit resort term,high,false,
LY-ACC-RES-ZUW-00012,resorts,قرية سبتيموس السياحية - زوارة,قرية سبتموس السياحية زوارة Septimus city resort,tourist_village,tourism_village,facility code or explicit village term,high,false,
LY-ACC-RES-ZUW-00013,resorts,قرية سيمو السياحية - زوارة,قرية سيمو السياحية/Simo Beach Village,accommodation_resort_other,tourism_village,facility code or explicit village term,high,false,
LY-ACC-RES-ZLI-00003,resorts,منتجع الهادريان زليتن,العنوان/المدينة:,accommodation_resort_other,resort,facility code or explicit resort term,high,false,
LY-ACC-RES-NAT-00041,resorts,منتجع سفارى السياحى,العنوان/المدينة:,accommodation_resort_other,resort,facility code or explicit resort term,high,false,
LY-ACC-RES-ZUW-00014,resorts,قرية اوديسا السياحية,Odessa tourist village قرية أوديسا السياحية (Odessa resort),tourist_village,tourism_village,facility code or explicit village term,high,false,
LY-ACC-RES-ZUW-00015,resorts,Azul house استراحة ازول,Azul house استراحة ازول,tourist_village,tourism_village,facility code or explicit village term,high,false,
LY-ACC-RES-ZUW-00016,resorts,DiVano Resort,DiVano Resort,tourist_resort,resort,facility code or explicit resort term,high,false,
LY-ACC-RES-ZUW-00017,resorts,منتجع لاجون Lagoon Resort,Lagoon Resort منتجع لاجون,tourist_resort,resort,facility code or explicit resort term,high,false,
LY-ACC-RES-ZUW-00018,resorts,Barracuda Village - منتجع باراكودا,Barracuda Village,accommodation_resort_other,tourism_village,facility code or explicit village term,high,false,
LY-ACC-RES-NAT-00042,resorts,Oea Village - Diar Al Bahr,Oea Village - Diar Al Bahr,tourist_village,tourism_village,facility code or explicit village term,high,false,
LY-ACC-RES-NAT-00043,resorts,قرية قوس غنيمة السياحية,العنوان/المدينة:,accommodation_resort_other,tourism_village,facility code or explicit village term,high,false,
LY-ACC-RES-NAT-00044,resorts,La Vida Resort & Beach Club,,tourist_resort,resort,facility code or explicit resort term,high,false,
LY-ACC-RES-NAT-00045,resorts,استراحة اونان,,review_required,unknown,insufficient internal classification evidence,low,true,
LY-ACC-RES-NAT-00046,resorts,Resort Zuwara,,tourist_resort,resort,facility code or explicit resort term,high,false,
LY-ACC-RES-NAT-00047,resorts,Beach House,,review_required,unknown,insufficient internal classification evidence,low,true,
LY-ACC-RES-ZUW-00019,resorts,استراحة سيليا زوارة,,review_required,unknown,insufficient internal classification evidence,low,true,
LY-ACC-RES-NAT-00048,resorts,استراحة نبض الحياة,,review_required,unknown,insufficient internal classification evidence,low,true,
LY-ACC-RES-NAT-00049,resorts,Villa Helena,,review_required,unknown,insufficient internal classification evidence,low,true,
LY-ACC-RES-NAT-00050,resorts,Crystal House إستراحة كريستال,,review_required,unknown,insufficient internal classification evidence,low,true,
LY-ACC-RES-NAT-00051,resorts,استرحات انيار المميزة,,review_required,unknown,insufficient internal classification evidence,low,true,
LY-ACC-RES-NAT-00052,resorts,اقامة لونا,,review_required,unknown,insufficient internal classification evidence,low,true,
LY-ACC-RES-NAT-00053,resorts,استراحة LAREN,,review_required,unknown,insufficient internal classification evidence,low,true,
LY-ACC-RES-ZUW-00020,resorts,منتجع بالي زوارة/Bali village,,review_required,tourism_village,facility code or explicit village term,high,false,
LY-ACC-RES-NAT-00054,resorts,Sea room,,review_required,unknown,insufficient internal classification evidence,low,true,
LY-ACC-RES-NAT-00055,resorts,Guest house,,review_required,unknown,insufficient internal classification evidence,low,true,
LY-ACC-RES-NAT-00056,resorts,منتجع الملّاحة,,review_required,unknown,insufficient internal classification evidence,low,true,
LY-ACC-RES-ZUW-00021,resorts,مصيف أبناء الغالي العائلي-زوارة,,family_resort,resort,facility code or explicit resort term,high,false,
LY-ACC-RES-NAT-00057,resorts,استراحة فايق بكه,,review_required,unknown,insufficient internal classification evidence,low,true,
LY-ACC-RES-ZUW-00022,resorts,قصر الضيافة زوارة,,review_required,unknown,insufficient internal classification evidence,low,true,
LY-ACC-RES-NAT-00058,resorts,استراحة الشاطئ,,beach_resort,resort,facility code or explicit resort term,high,false,
LY-ACC-RES-NAT-00059,resorts,استراحة دار الضيافة,,review_required,unknown,insufficient internal classification evidence,low,true,
LY-ACC-RES-ZUW-00023,resorts,استراحة فيرونا زوارة,,review_required,unknown,insufficient internal classification evidence,low,true,
LY-ACC-RES-NAT-00060,resorts,استراحة نوفل,,review_required,unknown,insufficient internal classification evidence,low,true,
LY-ACC-RES-ZUW-00024,resorts,شاطئ بحر زوارة,,review_required,unknown,insufficient internal classification evidence,low,true,
LY-ACC-RES-NAT-00061,resorts,المصيف المفتوح تليل,,accommodation_resort_other,resort,facility code or explicit resort term,high,false,
LY-ACC-RES-NAT-00062,resorts,مصيف مارينا تليل العائلي,,family_resort,resort,facility code or explicit resort term,high,false,
LY-ACC-RES-NAT-00063,resorts,Lancaster Al Salam Resort - منتجع لانكستر السلام,,tourist_resort,resort,facility code or explicit resort term,high,false,
LY-ACC-RES-SAB-00004,resorts,مصيف اللوتس العائلي صبراتة,,family_resort,resort,facility code or explicit resort term,high,false,
LY-ACC-RES-NAT-00064,resorts,شاطئ تليل السياحي,,review_required,unknown,insufficient internal classification evidence,low,true,
LY-ACC-RES-NAT-00065,resorts,مصيف اللؤلؤة تليل,,accommodation_resort_other,resort,facility code or explicit resort term,high,false,
LY-ACC-RES-SAB-00005,resorts,مصيف النادي البحري العائلي صبراتة,,beach_resort,resort,facility code or explicit resort term,high,false,
LY-ACC-RES-NAT-00066,resorts,استراحات الفخامة صبراته,,review_required,unknown,insufficient internal classification evidence,low,true,
LY-ACC-RES-NAT-00067,resorts,إستراحة الجوهرة - تليل,,review_required,unknown,insufficient internal classification evidence,low,true,
LY-ACC-RES-NAT-00068,resorts,استراحة رويال,,review_required,unknown,insufficient internal classification evidence,low,true,
LY-ACC-RES-NAT-00069,resorts,استراحة تليل,,review_required,unknown,insufficient internal classification evidence,low,true,
LY-ACC-RES-NAT-00070,resorts,استراحة روندا,,review_required,unknown,insufficient internal classification evidence,low,true,
LY-ACC-RES-BAY-00003,resorts,استراحة البيضاء,,review_required,unknown,insufficient internal classification evidence,low,true,
LY-ACC-RES-NAT-00071,resorts,إستراحة المنتزه تليل,,review_required,unknown,insufficient internal classification evidence,low,true,
LY-ACC-RES-SAB-00006,resorts,استراحة القمر المضيء صبراتة تليل,,review_required,unknown,insufficient internal classification evidence,low,true,
LY-ACC-RES-NAT-00072,resorts,استراحه مرجان,,review_required,unknown,insufficient internal classification evidence,low,true,
LY-ACC-RES-NAT-00073,resorts,استراحة ليالي تليل,,review_required,unknown,insufficient internal classification evidence,low,true,
LY-ACC-RES-NAT-00074,resorts,استراحة ادم,,review_required,unknown,insufficient internal classification evidence,low,true,
LY-ACC-RES-NAT-00075,resorts,إستراحة أبان,,review_required,unknown,insufficient internal classification evidence,low,true,
LY-ACC-RES-NAT-00076,resorts,منتجع الفنار السياحي,,review_required,unknown,insufficient internal classification evidence,low,true,
LY-ACC-RES-NAT-00077,resorts,مجموعة استراحات الجرف,,review_required,unknown,insufficient internal classification evidence,low,true,
LY-ACC-RES-NAT-00078,resorts,إستراحة بيت الفخامه,,review_required,unknown,insufficient internal classification evidence,low,true,
LY-ACC-RES-NAT-00079,resorts,استراحة قورينا,,review_required,unknown,insufficient internal classification evidence,low,true,
LY-ACC-RES-NAT-00080,resorts,استراحة اتار صبراته,,review_required,unknown,insufficient internal classification evidence,low,true,
LY-ACC-RES-NAT-00081,resorts,استراحة ميار,,review_required,unknown,insufficient internal classification evidence,low,true,
LY-ACC-RES-NAT-00082,resorts,استراحه فينيسيا صبراته,,review_required,unknown,insufficient internal classification evidence,low,true,
LY-ACC-RES-NAT-00083,resorts,استراحة الزيتونة,,review_required,unknown,insufficient internal classification evidence,low,true,
LY-ACC-RES-SAB-00007,resorts,Sabratha youth hostel _بيت شباب صبراتة,,review_required,unknown,insufficient internal classification evidence,low,true,
LY-ACC-RES-NAT-00084,resorts,استراحة ومصيف باب البحر,,accommodation_resort_other,resort,facility code or explicit resort term,high,false,
LY-ACC-RES-NAT-00085,resorts,مقسم استراحات بن سالم,,review_required,unknown,insufficient internal classification evidence,low,true,
LY-ACC-RES-NAT-00086,resorts,إستراحة سوفانا,,review_required,unknown,insufficient internal classification evidence,low,true,
LY-ACC-RES-NAT-00087,resorts,استراحة لازورد صبراته,,review_required,unknown,insufficient internal classification evidence,low,true,
LY-ACC-RES-NAT-00088,resorts,استراحة مرجانة (الحرابي),,review_required,unknown,insufficient internal classification evidence,low,true,
LY-ACC-RES-NAT-00089,resorts,مصيف ليبيا العائلي,,family_resort,resort,facility code or explicit resort term,high,false,
LY-ACC-RES-NAT-00090,resorts,مصيف صرمان العائلي,,family_resort,resort,facility code or explicit resort term,high,false,
LY-ACC-RES-NAT-00091,resorts,استراحة مرمرة جوددائم,,review_required,unknown,insufficient internal classification evidence,low,true,
LY-ACC-RES-NAT-00092,resorts,استراحة البحر الابيض. JUDDIAM,,review_required,unknown,insufficient internal classification evidence,low,true,
LY-ACC-RES-NAT-00093,resorts,مشروع برج النصر الفندقي/ شركة الذابلة للاستثمار,,review_required,unknown,insufficient internal classification evidence,low,true,
LY-ACC-RES-NAT-00094,resorts,مشروع لؤلؤة المدينة قرية النفط,,review_required,tourism_village,facility code or explicit village term,high,false,
LY-ACC-RES-NAT-00095,resorts,مصيف شاطئ الرمال,,accommodation_resort_other,resort,facility code or explicit resort term,high,false,
LY-ACC-RES-NAT-00096,resorts,مصيف نسيم البحر العائلى,,accommodation_resort_other,resort,facility code or explicit resort term,high,false,
LY-ACC-RES-NAT-00097,resorts,مصيف جنى العائلي,,family_resort,resort,facility code or explicit resort term,high,false,
LY-ACC-RES-NAT-00098,resorts,مصيف وقرية بيلسان العائلي,,family_resort,tourism_village,facility code or explicit village term,high,false,
LY-ACC-RES-NAT-00099,resorts,مصيف جسر الطاقة العائلي,,family_resort,resort,facility code or explicit resort term,high,false,
LY-ACC-RES-NAT-00100,resorts,مصيف القلعة العائلي 32,,family_resort,resort,facility code or explicit resort term,high,false,
LY-ACC-RES-NAT-00101,resorts,مصيف اﻻمان والمرح العائلي,,family_resort,resort,facility code or explicit resort term,high,false,
LY-ACC-RES-NAT-00102,resorts,مصيف جيران البحر العائلي,,family_resort,resort,facility code or explicit resort term,high,false,
LY-ACC-RES-NAT-00103,resorts,ڤيلا لاڤيستا,,review_required,unknown,insufficient internal classification evidence,low,true,
LY-ACC-RES-NAT-00104,resorts,Private house برايفت هاوس,,review_required,unknown,insufficient internal classification evidence,low,true,
LY-ACC-RES-NAT-00105,resorts,ROYAL DYAR Resort Hotel,,tourist_resort,resort,facility code or explicit resort term,high,false,
LY-ACC-RES-NAT-00106,resorts,Cyrine Resort,,tourist_resort,resort,facility code or explicit resort term,high,false,
LY-ACC-RES-NAT-00107,resorts,استراحة القويعة,,review_required,unknown,insufficient internal classification evidence,low,true,
LY-ACC-RES-NAT-00108,resorts,Alameer Villa ڤيلا الأمير,,review_required,unknown,insufficient internal classification evidence,low,true,
LY-ACC-RES-NAT-00109,resorts,Villa mfm,,review_required,unknown,insufficient internal classification evidence,low,true,
LY-ACC-RES-NAT-00110,resorts,W استراحة,,review_required,unknown,insufficient internal classification evidence,low,true,
LY-ACC-RES-NAT-00111,resorts,استراحة السلام,,review_required,unknown,insufficient internal classification evidence,low,true,
LY-ACC-RES-NAT-00112,resorts,استراحات ابناء يوسف منيصير,,review_required,unknown,insufficient internal classification evidence,low,true,
LY-ACC-RES-NAT-00113,resorts,استراحات شاطئ غوط الرمان,,review_required,unknown,insufficient internal classification evidence,low,true,
LY-ACC-RES-NAT-00114,resorts,A.G.S villa,,review_required,unknown,insufficient internal classification evidence,low,true,
LY-ACC-RES-NAT-00115,resorts,استراحة فاميلي رست,,review_required,unknown,insufficient internal classification evidence,low,true,
LY-ACC-RES-NAT-00116,resorts,استراحة بن طابون,,review_required,unknown,insufficient internal classification evidence,low,true,
LY-ACC-RES-NAT-00117,resorts,إستراحة ليان للإيجار اليومي,,review_required,unknown,insufficient internal classification evidence,low,true,
LY-ACC-RES-NAT-00118,resorts,Villa SIMO,,review_required,unknown,insufficient internal classification evidence,low,true,
LY-ACC-RES-NAT-00119,resorts,إستراحة ليان للإيجار اليومي,,review_required,unknown,insufficient internal classification evidence,low,true,
LY-ACC-RES-NAT-00120,resorts,استراحة هلا مدريد القره بوللي,,review_required,unknown,insufficient internal classification evidence,low,true,
LY-ACC-RES-NAT-00121,resorts,ليڤينت/Levent Family Resort,,family_resort,resort,facility code or explicit resort term,high,false,
LY-ACC-RES-NAT-00122,resorts,منتجع الماسة السياحي,,review_required,unknown,insufficient internal classification evidence,low,true,
LY-ACC-RES-NAT-00123,resorts,Compound Rawasi,,review_required,unknown,insufficient internal classification evidence,low,true,
LY-ACC-RES-NAT-00124,resorts,استراحة فايف قولد ستار,,review_required,unknown,insufficient internal classification evidence,low,true,
LY-ACC-RES-NAT-00125,resorts,استراحة زهرة القويعة,,review_required,unknown,insufficient internal classification evidence,low,true,
LY-ACC-RES-NAT-00126,resorts,The Twins استراحات التوأم,,review_required,unknown,insufficient internal classification evidence,low,true,
LY-ACC-RES-NAT-00127,resorts,منتجع إيليت,,review_required,unknown,insufficient internal classification evidence,low,true,
LY-ACC-RES-NAT-00128,resorts,شاليه شمس البحر القره بوللي,,accommodation_resort_other,resort,facility code or explicit resort term,high,false,
LY-ACC-RES-NAT-00129,resorts,شاليه النورس,,accommodation_resort_other,resort,facility code or explicit resort term,high,false,
LY-ACC-RES-NAT-00130,resorts,استراحة ديلان,,review_required,unknown,insufficient internal classification evidence,low,true,
LY-ACC-RES-NAT-00131,resorts,Crown Beach Resort,,tourist_resort,resort,facility code or explicit resort term,high,false,
LY-ACC-RES-NAT-00132,resorts,Salem Elgamoudi Beach House,,review_required,unknown,insufficient internal classification evidence,low,true,
LY-ACC-RES-NAT-00133,resorts,Bali s BEACH HOUSE,,review_required,unknown,insufficient internal classification evidence,low,true,
LY-ACC-RES-NAT-00134,resorts,Alhady Elmelliti Beach House,,review_required,unknown,insufficient internal classification evidence,low,true,
LY-ACC-RES-NAT-00135,resorts,Golden beach village,,review_required,tourism_village,facility code or explicit village term,high,false,
LY-ACC-RES-NAT-00136,resorts,شاطي القره بوللي منطقة القويعة السياحية,,review_required,unknown,insufficient internal classification evidence,low,true,
LY-ACC-RES-NAT-00137,resorts,منتجع كريستال السياحي 1,,review_required,unknown,insufficient internal classification evidence,low,true,
LY-ACC-RES-NAT-00138,resorts,استراحة لابلازا -LA PLAZA,,review_required,unknown,insufficient internal classification evidence,low,true,
LY-ACC-RES-NAT-00139,resorts,إستراحة القويعة العائلية,,family_resort,resort,facility code or explicit resort term,high,false,
LY-ACC-RES-NAT-00140,resorts,استراحة كازا دولتشي,,review_required,unknown,insufficient internal classification evidence,low,true,
LY-ACC-RES-NAT-00141,resorts,استراحات الدلفين الفاخرة 1 و 2 و 3 و4,,review_required,unknown,insufficient internal classification evidence,low,true,
LY-ACC-RES-NAT-00142,resorts,استراحة ارام للاستجمام العائلي,,family_resort,resort,facility code or explicit resort term,high,false,
LY-ACC-RES-NAT-00143,resorts,Villa Lugano ڤيلا لوچانو,,review_required,unknown,insufficient internal classification evidence,low,true,
LY-ACC-RES-NAT-00144,resorts,حلا البحر للعائلات,,family_resort,resort,facility code or explicit resort term,high,false,
LY-ACC-RES-NAT-00145,resorts,Villa Mia فيلا ميا,,review_required,unknown,insufficient internal classification evidence,low,true,
LY-ACC-RES-NAT-00146,resorts,لمة العيلة,,review_required,unknown,insufficient internal classification evidence,low,true,
LY-ACC-RES-NAT-00147,resorts,استراحة نسائم البحر,,review_required,unknown,insufficient internal classification evidence,low,true,
LY-ACC-RES-NAT-00148,resorts,Villa golden star,,review_required,unknown,insufficient internal classification evidence,low,true,
LY-ACC-RES-NAT-00149,resorts,فيلا الصاري العائلية,,family_resort,resort,facility code or explicit resort term,high,false,
LY-ACC-RES-NAT-00150,resorts,بيت الصبار,,review_required,unknown,insufficient internal classification evidence,low,true,
LY-ACC-RES-NAT-00151,resorts,فيلا الشاهين,,review_required,unknown,insufficient internal classification evidence,low,true,
LY-ACC-RES-NAT-00152,resorts,Hesham Al Askari Marine Rest House,,review_required,unknown,insufficient internal classification evidence,low,true,
LY-ACC-RES-NAT-00153,resorts,La Coral,,review_required,unknown,insufficient internal classification evidence,low,true,
LY-ACC-RES-NAT-00154,resorts,استراحة شمس للعائلات,,family_resort,resort,facility code or explicit resort term,high,false,
LY-ACC-RES-NAT-00155,resorts,فيلا ملكة A,,review_required,unknown,insufficient internal classification evidence,low,true,
LY-ACC-RES-NAT-00156,resorts,فيلا غسق,,review_required,unknown,insufficient internal classification evidence,low,true,
LY-ACC-RES-NAT-00157,resorts,فيلا روعة,,review_required,unknown,insufficient internal classification evidence,low,true,
LY-ACC-RES-NAT-00158,resorts,شاليه قطر الندى,,accommodation_resort_other,resort,facility code or explicit resort term,high,false,
LY-ACC-RES-NAT-00159,resorts,النوران العائلية,,family_resort,resort,facility code or explicit resort term,high,false,
LY-ACC-RES-NAT-00160,resorts,شاليه الدلفين,,accommodation_resort_other,resort,facility code or explicit resort term,high,false,
LY-ACC-RES-NAT-00161,resorts,شاليه همام,,accommodation_resort_other,resort,facility code or explicit resort term,high,false,
LY-ACC-RES-NAT-00162,resorts,Villa Mare ڤيلا ماري,,review_required,unknown,insufficient internal classification evidence,low,true,
LY-ACC-RES-NAT-00163,resorts,فيلا كراون Villa Crown,,review_required,unknown,insufficient internal classification evidence,low,true,
LY-ACC-RES-NAT-00164,resorts,فيلا سانتوريني,,review_required,unknown,insufficient internal classification evidence,low,true,
LY-ACC-RES-NAT-00165,resorts,شاليه ماسة,,accommodation_resort_other,resort,facility code or explicit resort term,high,false,
LY-ACC-RES-NAT-00166,resorts,استراحة مارية العائلية,,family_resort,resort,facility code or explicit resort term,high,false,
LY-ACC-RES-NAT-00167,resorts,استراحة اللؤلؤة,,review_required,unknown,insufficient internal classification evidence,low,true,
LY-ACC-RES-NAT-00168,resorts,استراحة روح البحر,,review_required,unknown,insufficient internal classification evidence,low,true,
LY-ACC-RES-NAT-00169,resorts,Ataya Resort,,tourist_resort,resort,facility code or explicit resort term,high,false,
LY-ACC-RES-NAT-00170,resorts,مقسم شاطئ النرجس السياحي,,review_required,unknown,insufficient internal classification evidence,low,true,
LY-ACC-RES-NAT-00171,resorts,استراحة فرحات لاند,,review_required,unknown,insufficient internal classification evidence,low,true,
LY-ACC-RES-NAT-00172,resorts,مصيف الامان فم الوادي العائلي,,family_resort,resort,facility code or explicit resort term,high,false,
