feature_id,facility_name_ar,facility_type,primary_candidate_image_id,manual_review_completed,visual_match_status,primary_suitability,reviewer_decision,shared_conflict_status,rights_status,institutional_approval_status,next_action
LY-HOT-000001,فندق كورنثيا,hotel,IMG-FA97329E9A9EC2B8,false,cannot_determine,cannot_determine,defer,none,unknown,false,needs_manual_review
LY-HOT-000002,فندق بينثابوليس,hotel,IMG-498ED4DC235794F3,false,cannot_determine,cannot_determine,defer,none,unknown,false,needs_manual_review
LY-HOT-000003,فندق جوهرة الواحة,hostel,IMG-B802642D83C0705A,false,cannot_determine,cannot_determine,defer,none,unknown,false,needs_manual_review
LY-HOT-000004,فندق تبرس,hostel,IMG-D290D5E752B7F249,false,cannot_determine,cannot_determine,defer,none,unknown,false,needs_manual_review
LY-HOT-000005,منتجع شحات السياحي,resort,IMG-02BE325FA2853805,false,cannot_determine,cannot_determine,defer,none,unknown,false,needs_manual_review
LY-HOT-000006,فندق المنارة,hotel,IMG-C1C05F1A9D79A78A,false,cannot_determine,cannot_determine,defer,none,unknown,false,needs_manual_review
LY-HOT-000007,فندق لؤلؤة الخليج,hostel,IMG-7703B3398C7DF70E,false,cannot_determine,cannot_determine,defer,none,unknown,false,needs_manual_review
LY-HOT-000008,فندق التلال الوسيطة البيضاء,resort,IMG-5EB2C1FAE325444C,false,cannot_determine,cannot_determine,defer,none,unknown,false,needs_manual_review
LY-HOT-000009,العنود للشقق الفندقية,hotel,IMG-819089A3F33FB55C,false,cannot_determine,cannot_determine,defer,unresolved,unknown,false,needs_shared_conflict_resolution
LY-HOT-000010,فندق الثريا,hotel,IMG-55D8F93ACEA7906A,false,cannot_determine,cannot_determine,defer,none,unknown,false,needs_manual_review
LY-HOT-000011,منتجع الينابيع السياحي,resort,IMG-65AB52B2F6CC48F7,false,cannot_determine,cannot_determine,defer,none,unknown,false,needs_manual_review
LY-HOT-000012,فندق برقة,hotel,IMG-119A09082CDA83D7,false,cannot_determine,cannot_determine,defer,none,unknown,false,needs_manual_review
LY-HOT-000018,فندق الطاووس,hostel,IMG-70EDD68175987801,false,cannot_determine,cannot_determine,defer,none,unknown,false,needs_manual_review
LY-HOT-000019,فندق الودان,hotel,IMG-6A860408D3A66731,false,cannot_determine,cannot_determine,defer,none,unknown,false,needs_manual_review
LY-HOT-000020,فندق دار السلام ( المسيرة سابقا ),hotel,IMG-872A6D479BE28E01,false,cannot_determine,cannot_determine,defer,unresolved,unknown,false,needs_shared_conflict_resolution
LY-HOT-000021,فندق سان جورج,hotel,IMG-3CBAB36D93017A02,false,cannot_determine,cannot_determine,defer,none,unknown,false,needs_manual_review
LY-HOT-000022,فندق الحسنين الكبير,hostel,IMG-19C3F36AD1E19044,false,cannot_determine,cannot_determine,defer,none,unknown,false,needs_manual_review
LY-HOT-000023,بيوت الشباب,hostel,IMG-56A6440E48860943,false,cannot_determine,cannot_determine,defer,none,unknown,false,needs_manual_review
LY-HOT-000024,فندق بلاغراي السياحي ( التلال سابقا ),hostel,IMG-F5D8E40E6C1EA4DB,false,cannot_determine,cannot_determine,defer,none,unknown,false,needs_manual_review
LY-HOT-000025,منتجع ايميليا,resort,IMG-E4FA3718C8C00988,false,cannot_determine,cannot_determine,defer,none,unknown,false,needs_manual_review
LY-HOT-000026,منتجع وموتيل الأمان,resort,IMG-2B0470543FB41D5D,false,cannot_determine,cannot_determine,defer,none,unknown,false,needs_manual_review
LY-HOT-000027,بيوت شباب غدامس,review_required,IMG-76159BDC315DE906,false,cannot_determine,cannot_determine,defer,none,unknown,false,needs_manual_review
LY-HOT-000028,نالوت غدامس فندق باب العز,hotel,IMG-EEC9D5AE902233A5,false,cannot_determine,cannot_determine,defer,none,unknown,false,needs_manual_review
LY-HOT-000029,فندق أبراج الوسطى,hotel,IMG-0F373BA333C2EBDE,false,cannot_determine,cannot_determine,defer,none,unknown,false,needs_manual_review
LY-HOT-000031,فندق قصر الفيروز,hostel,IMG-4B53EBB6AABCC1D3,false,cannot_determine,cannot_determine,defer,none,unknown,false,needs_manual_review
LY-HOT-000032,Royal Gardens Hotels,hostel,IMG-5BA106F592D0332E,false,cannot_determine,cannot_determine,defer,none,unknown,false,needs_manual_review
LY-HOT-000034,فندق احواص,hostel,IMG-5ED99B628601EBD3,false,cannot_determine,cannot_determine,defer,none,unknown,false,needs_manual_review
LY-HOT-000035,فندق الانوار,hotel,IMG-657CB03042B5C04B,false,cannot_determine,cannot_determine,defer,none,unknown,false,needs_manual_review
LY-HOT-000036,فندق الأخوة,hotel,IMG-02413AAE55399FB1,false,cannot_determine,cannot_determine,defer,none,unknown,false,needs_manual_review
LY-HOT-000037,فندق الأصالة,hotel,IMG-5806382F3E321975,false,cannot_determine,cannot_determine,defer,none,unknown,false,needs_manual_review
LY-HOT-000038,فندق الأصيل,hotel,IMG-2BEC7C4B87BFEE2A,false,cannot_determine,cannot_determine,defer,none,unknown,false,needs_manual_review
LY-HOT-000039,فندق الأندلس,hotel,IMG-95E3447DAE58A495,false,cannot_determine,cannot_determine,defer,none,unknown,false,needs_manual_review
LY-HOT-000040,فندق البركة,hotel,IMG-4C26C96431EC63BA,false,cannot_determine,cannot_determine,defer,none,unknown,false,needs_manual_review
LY-HOT-000041,فندق البستان,hotel,IMG-A3FECBDF161B5CCE,false,cannot_determine,cannot_determine,defer,none,unknown,false,needs_manual_review
LY-HOT-000042,التاج للشقق الفندقية,hotel,IMG-C6DFB6BFEF341C5D,false,cannot_determine,cannot_determine,defer,none,unknown,false,needs_manual_review
LY-HOT-000045,فندق جوهرة صبراتة السياحي,hotel,IMG-2A5F837F7840D805,false,cannot_determine,cannot_determine,defer,none,unknown,false,needs_manual_review
LY-HOT-000046,فندق الجوهرة الزاوية,hotel,IMG-2AE0615B4101D7F4,false,cannot_determine,cannot_determine,defer,none,unknown,false,needs_manual_review
LY-HOT-000049,فندق الخان الطرابلسي,hotel,IMG-C7239FBDF94ED0B0,false,cannot_determine,cannot_determine,defer,none,unknown,false,needs_manual_review
LY-HOT-000050,فندق الخليج,hostel,IMG-B51A8889CBB17DA7,false,cannot_determine,cannot_determine,defer,none,unknown,false,needs_manual_review
LY-HOT-000051,فندق الدبلوماسي,hotel,IMG-9A077AB897E06613,false,cannot_determine,cannot_determine,defer,none,unknown,false,needs_manual_review
LY-HOT-000053,فندق الديار,hotel,IMG-76FF508F0B7A8565,false,cannot_determine,cannot_determine,defer,none,unknown,false,needs_manual_review
LY-HOT-000054,فندق الرابطة,hotel,IMG-5A8F81B9322E3F57,false,cannot_determine,cannot_determine,defer,none,unknown,false,needs_manual_review
LY-HOT-000055,فندق الرفيع,hostel,IMG-C75C7E18E8905149,false,cannot_determine,cannot_determine,defer,none,unknown,false,needs_manual_review
LY-HOT-000056,فندق الريان,hotel,IMG-67A5A64E322D0F37,false,cannot_determine,cannot_determine,defer,none,unknown,false,needs_manual_review
LY-HOT-000057,فندق الزهر,hotel,IMG-B7DE3703E4372DC6,false,cannot_determine,cannot_determine,defer,none,unknown,false,needs_manual_review
LY-HOT-000058,فندق الزيتونة,hostel,IMG-63F705E27DA71CF5,false,cannot_determine,cannot_determine,defer,none,unknown,false,needs_manual_review
LY-HOT-000059,فندق السرايا,hotel,IMG-12604B3B51DF48AE,false,cannot_determine,cannot_determine,defer,none,unknown,false,needs_manual_review
LY-HOT-000060,فندق زوارة,hostel,IMG-529535B1FF6858C1,false,cannot_determine,cannot_determine,defer,none,unknown,false,needs_manual_review
LY-HOT-000061,فندق السندباد,hotel,IMG-1FEA6DD92699F439,false,cannot_determine,cannot_determine,defer,none,unknown,false,needs_manual_review
LY-HOT-000062,فندق الشجرة,hostel,IMG-20030B09B95C21F0,false,cannot_determine,cannot_determine,defer,none,unknown,false,needs_manual_review
LY-HOT-000064,فندق الشمس,hotel,IMG-301D258252D7F3D2,false,cannot_determine,cannot_determine,defer,none,unknown,false,needs_manual_review
LY-HOT-000065,فندق الصفوة,hostel,IMG-FC2F7E0A509C8E80,false,cannot_determine,cannot_determine,defer,none,unknown,false,needs_manual_review
LY-HOT-000066,فندق الصناعية مصراتة,hotel,IMG-07D179D8F1F3B4C8,false,cannot_determine,cannot_determine,defer,none,unknown,false,needs_manual_review
LY-HOT-000067,فندق الصولجان,hotel,IMG-506CFAE19599447E,false,cannot_determine,cannot_determine,defer,none,unknown,false,needs_manual_review
LY-HOT-000068,فندق العاصمة,hotel,IMG-2754AC0FDB2BC23D,false,cannot_determine,cannot_determine,defer,none,unknown,false,needs_manual_review
LY-HOT-000071,فندق القوس,hotel,IMG-8F2297D7FBB16C96,false,cannot_determine,cannot_determine,defer,none,unknown,false,needs_manual_review
LY-HOT-000072,فندق الكبير,hotel,IMG-0FA01A3B05B019A0,false,cannot_determine,cannot_determine,defer,none,unknown,false,needs_manual_review
LY-HOT-000074,فندق الماسة,hotel,IMG-5F1F8C35419379DF,false,cannot_determine,cannot_determine,defer,none,unknown,false,needs_manual_review
LY-HOT-000075,فندق المتوسط,hotel,IMG-4F0A3CE02FA1B883,false,cannot_determine,cannot_determine,defer,unresolved,unknown,false,needs_shared_conflict_resolution
LY-HOT-000077,فندق المشكاة,hotel,IMG-31E0CFFABE88906C,false,cannot_determine,cannot_determine,defer,none,unknown,false,needs_manual_review
LY-HOT-000078,فندق المنامة,hotel,IMG-F83777E607F937D9,false,cannot_determine,cannot_determine,defer,none,unknown,false,needs_manual_review
LY-HOT-000079,فندق النخلة,hotel,IMG-280C1B178E8D3CFF,false,cannot_determine,cannot_determine,defer,none,unknown,false,needs_manual_review
LY-HOT-000080,فندق النقازة الخمس,resort,IMG-03FE1BFC24DF7657,false,cannot_determine,cannot_determine,defer,none,unknown,false,needs_manual_review
LY-HOT-000081,فندق النهر,hostel,IMG-00DF5A97DE0DCF00,false,cannot_determine,cannot_determine,defer,none,unknown,false,needs_manual_review
LY-HOT-000084,فندق الواحات,hotel,IMG-612CCDBF36460E46,false,cannot_determine,cannot_determine,defer,none,unknown,false,needs_manual_review
LY-HOT-000085,فندق الياسمين,hotel,IMG-477F3B49EC08BB94,false,cannot_determine,cannot_determine,defer,none,unknown,false,needs_manual_review
LY-HOT-000086,فندق أجنحة قرطاج,hotel,IMG-F7EC6271B650752B,false,cannot_determine,cannot_determine,defer,none,unknown,false,needs_manual_review
LY-HOT-000088,فندق بنت السيد,hotel,IMG-599C8099E31AA502,false,cannot_determine,cannot_determine,defer,none,unknown,false,needs_manual_review
LY-HOT-000090,فندق بيت الأمان,hostel,IMG-51AB10EF4C188BE1,false,cannot_determine,cannot_determine,defer,none,unknown,false,needs_manual_review
LY-HOT-000091,فندق بيت الشرق,hostel,IMG-EF3B1425ACE980F9,false,cannot_determine,cannot_determine,defer,none,unknown,false,needs_manual_review
LY-HOT-000093,لانكاستر برج الحياة ( ماريوت سابقا),hotel,IMG-CB4676B3E9A8B840,false,cannot_determine,cannot_determine,defer,none,unknown,false,needs_manual_review
LY-HOT-000094,فندق دار غدامس,hostel,IMG-7AC07FEBBAB341ED,false,cannot_determine,cannot_determine,defer,none,unknown,false,needs_manual_review
LY-HOT-000095,فندق ديار الهناء,hotel,IMG-92E4F00620C05EFB,false,cannot_determine,cannot_determine,defer,none,unknown,false,needs_manual_review
LY-HOT-000096,فندق ليبوس,hotel,IMG-F9F53CED1C50A8BD,false,cannot_determine,cannot_determine,defer,none,unknown,false,needs_manual_review
LY-HOT-000097,فندق ريكسوس,hotel,IMG-0D74F9F296DF86DD,false,cannot_determine,cannot_determine,defer,none,unknown,false,needs_manual_review
LY-HOT-000098,فندق زليتن,hotel,IMG-C8F2AC0814DA6F5B,false,cannot_determine,cannot_determine,defer,none,unknown,false,needs_manual_review
LY-HOT-000099,فندق زميت,hotel,IMG-9F297B4C0B40C957,false,cannot_determine,cannot_determine,defer,none,unknown,false,needs_manual_review
LY-HOT-000100,فندق زوارة,hotel,IMG-50C88BA946BC9961,false,cannot_determine,cannot_determine,defer,none,unknown,false,needs_manual_review
LY-HOT-000102,فندق سفاري,hotel,IMG-055271F1382E9D5A,false,cannot_determine,cannot_determine,defer,none,unknown,false,needs_manual_review
LY-HOT-000103,فندق سفاري 2,hotel,IMG-5FD7D29019D53E4A,false,cannot_determine,cannot_determine,defer,none,unknown,false,needs_manual_review
LY-HOT-000105,فندق ضيافة ونيس,hotel,IMG-9D9788DF5F512236,false,cannot_determine,cannot_determine,defer,none,unknown,false,needs_manual_review
LY-HOT-000106,فندق طرابلس الدولي,hotel,IMG-473D64CC0B4F095E,false,cannot_determine,cannot_determine,defer,none,unknown,false,needs_manual_review
LY-HOT-000107,فندق طليطلة,hotel,IMG-6580CB7EB805DFF0,false,cannot_determine,cannot_determine,defer,none,unknown,false,needs_manual_review
LY-HOT-000108,فندق طيبة,hotel,IMG-60AE2A53516D38B5,false,cannot_determine,cannot_determine,defer,none,unknown,false,needs_manual_review
LY-HOT-000109,فندق عمير,hostel,IMG-14E7A433C1AA23C9,false,cannot_determine,cannot_determine,defer,none,unknown,false,needs_manual_review
LY-HOT-000110,فندق عين الفرس,hotel,IMG-DA0ECA578123941F,false,cannot_determine,cannot_determine,defer,none,unknown,false,needs_manual_review
LY-HOT-000112,فندق غريان السياحي,hotel,IMG-6BCB30EA9DC9D585,false,cannot_determine,cannot_determine,defer,none,unknown,false,needs_manual_review
LY-HOT-000113,فندق قرطاج,hotel,IMG-046EDC55FFD15293,false,cannot_determine,cannot_determine,defer,unresolved,unknown,false,needs_shared_conflict_resolution
LY-HOT-000114,فندق قصر الظهرة,hotel,IMG-9177C7EFBB2B6B7C,false,cannot_determine,cannot_determine,defer,none,unknown,false,needs_manual_review
LY-HOT-000115,فندق قصر الفيروز,hotel,IMG-110FEF464D2C395F,false,cannot_determine,cannot_determine,defer,unresolved,unknown,false,needs_shared_conflict_resolution
LY-HOT-000116,فندق قمر صبراتة,hotel,IMG-418C257283B4249C,false,cannot_determine,cannot_determine,defer,none,unknown,false,needs_manual_review
LY-HOT-000118,فندق لبدة السياحي الخمس,hotel,IMG-67129E3029742E03,false,cannot_determine,cannot_determine,defer,none,unknown,false,needs_manual_review
LY-HOT-000119,فندق ليالي قرطاج,hotel,IMG-E6FB468A34553F69,false,cannot_determine,cannot_determine,defer,unresolved,unknown,false,needs_shared_conflict_resolution
LY-HOT-000120,فندق ليبيا,hostel,IMG-E154B829B141A067,false,cannot_determine,cannot_determine,defer,none,unknown,false,needs_manual_review
LY-HOT-000121,فندق مادي الحسان,hotel,IMG-433F949188978281,false,cannot_determine,cannot_determine,defer,none,unknown,false,needs_manual_review
LY-HOT-000123,فندق ومطعم الامتياز,hotel,IMG-4CC4FED28261BA62,false,cannot_determine,cannot_determine,defer,none,unknown,false,needs_manual_review
LY-HOT-000125,فندق يفرن,hotel,IMG-E62FE6C2A48E1957,false,cannot_determine,cannot_determine,defer,none,unknown,false,needs_manual_review
LY-HOT-000128,فندق الثريا السياحي,hotel,IMG-8D254ED37F12A687,false,cannot_determine,cannot_determine,defer,none,unknown,false,needs_manual_review
LY-HOT-000130,فندق البتراء,hotel,IMG-274B8FDFA79EB046,false,cannot_determine,cannot_determine,defer,none,unknown,false,needs_manual_review
LY-HOT-000131,فندق البردي,hotel,IMG-BD576D6C7A28616B,false,cannot_determine,cannot_determine,defer,none,unknown,false,needs_manual_review
LY-HOT-000132,فندق التلال,hotel,IMG-E4F857A3669A2646,false,cannot_determine,cannot_determine,defer,none,unknown,false,needs_manual_review
LY-HOT-000134,فندق الجغبوب,hotel,IMG-8084340B4BB7CB22,false,cannot_determine,cannot_determine,defer,none,unknown,false,needs_manual_review
LY-HOT-000135,فندق الجلاء,hotel,IMG-94025569E10A3EC8,false,cannot_determine,cannot_determine,defer,none,unknown,false,needs_manual_review
LY-HOT-000137,فندق الخان الطرابلسي,hotel,IMG-692D357EF64EECF5,false,cannot_determine,cannot_determine,defer,none,unknown,false,needs_manual_review
LY-HOT-000138,فندق الرحاب,hotel,IMG-29F498B195A17DAE,false,cannot_determine,cannot_determine,defer,none,unknown,false,needs_manual_review
LY-HOT-000143,فندق ابن الرومي,hotel,IMG-C04C7358AE4C64F2,false,cannot_determine,cannot_determine,defer,none,unknown,false,needs_manual_review
LY-HOT-000145,فندق الحياة,hotel,IMG-4F1BF241FA1C1032,false,cannot_determine,cannot_determine,defer,none,unknown,false,needs_manual_review
LY-HOT-000148,فندق العوينات,hotel,IMG-1E9790A7A8F159ED,false,cannot_determine,cannot_determine,defer,none,unknown,false,needs_manual_review
LY-HOT-000150,فندق الفضيل,hotel,IMG-03C03752D4FFB0D9,false,cannot_determine,cannot_determine,defer,none,unknown,false,needs_manual_review
LY-HOT-000151,فندق الفضيل رأس لانوف,hotel,IMG-7408B0FEE6E15B14,false,cannot_determine,cannot_determine,defer,none,unknown,false,needs_manual_review
LY-HOT-000152,فندق الفلك,hotel,IMG-E3245A512704B018,false,cannot_determine,cannot_determine,defer,none,unknown,false,needs_manual_review
LY-HOT-000154,فندق القلعة,hotel,IMG-4DE50FE5C77F11DC,false,cannot_determine,cannot_determine,defer,none,unknown,false,needs_manual_review
LY-HOT-000155,فندق الكاظم,hotel,IMG-C1A63B7C18A696CC,false,cannot_determine,cannot_determine,defer,none,unknown,false,needs_manual_review
LY-HOT-000157,فندق المبروك,hotel,IMG-65010E3F7285D3C4,false,cannot_determine,cannot_determine,defer,none,unknown,false,needs_manual_review
LY-HOT-000158,فندق المتوسط الخمس,hostel,IMG-4F0A3CE02FA1B883,false,cannot_determine,cannot_determine,defer,unresolved,unknown,false,needs_shared_conflict_resolution
LY-HOT-000160,فندق المدينة,hotel,IMG-4ECEDB1678C21ED6,false,cannot_determine,cannot_determine,defer,none,unknown,false,needs_manual_review
LY-HOT-000163,فندق المرج السياحي,hotel,IMG-4D69B0877B8F026F,false,cannot_determine,cannot_determine,defer,none,unknown,false,needs_manual_review
LY-HOT-000164,فندق المسيرة,hotel,IMG-36DA0CCAB2BCB61C,false,cannot_determine,cannot_determine,defer,none,unknown,false,needs_manual_review
LY-HOT-000166,فندق المغرب العربي,hotel,IMG-D345EAAFD727F3C0,false,cannot_determine,cannot_determine,defer,none,unknown,false,needs_manual_review
LY-HOT-000169,فندق النخلة السياحي,hotel,IMG-87993A1E3CB548BA,false,cannot_determine,cannot_determine,defer,none,unknown,false,needs_manual_review
LY-HOT-000171,فندق النوران,hotel,IMG-1DBC5EAF16A5E4BE,false,cannot_determine,cannot_determine,defer,none,unknown,false,needs_manual_review
LY-HOT-000181,فندق اليمامة,hotel,IMG-ED94159E9BC6C717,false,cannot_determine,cannot_determine,defer,none,unknown,false,needs_manual_review
LY-HOT-000187,فندق أفريقيا,hotel,IMG-3B56150C8DAA5F16,false,cannot_determine,cannot_determine,defer,none,unknown,false,needs_manual_review
LY-HOT-000190,فندق أمال ليبيا,hotel,IMG-2F048837E230F91F,false,cannot_determine,cannot_determine,defer,none,unknown,false,needs_manual_review
LY-HOT-000193,فندق باب البحر,hotel,IMG-A3170ECA96244672,false,cannot_determine,cannot_determine,defer,none,unknown,false,needs_manual_review
LY-HOT-000196,فندق بلازما,hotel,IMG-5FE1ABA6DADBA795,false,cannot_determine,cannot_determine,defer,none,unknown,false,needs_manual_review
LY-HOT-000201,فندق توباكتس,hotel,IMG-00D26D8EDC613DDE,false,cannot_determine,cannot_determine,defer,none,unknown,false,needs_manual_review
LY-HOT-000209,فندق ديار الهناء,hotel,IMG-23AE35FD4B853F4A,false,cannot_determine,cannot_determine,defer,none,unknown,false,needs_manual_review
LY-HOT-000221,فندق سفيروس الخمس,hotel,IMG-7D1036F871E7B856,false,cannot_determine,cannot_determine,defer,none,unknown,false,needs_manual_review
LY-HOT-000223,فندق صحارى ليبيا,hotel,IMG-5255F49255B9CDBC,false,cannot_determine,cannot_determine,defer,none,unknown,false,needs_manual_review
LY-HOT-000268,فندق الفصول الاربعة 3,hotel,IMG-674C0626690A6B84,false,cannot_determine,cannot_determine,defer,none,unknown,false,needs_manual_review
LY-HOT-000273,فندق النعيم,hostel,IMG-07823DE59E73877A,false,cannot_determine,cannot_determine,defer,none,unknown,false,needs_manual_review
LY-HOT-000275,فندق الفصول الاربعة 2,resort,IMG-AB2F785A48F45260,false,cannot_determine,cannot_determine,defer,none,unknown,false,needs_manual_review
LY-HOT-000276,فندق السفير,hotel,IMG-E240158CEC65F3C9,false,cannot_determine,cannot_determine,defer,none,unknown,false,needs_manual_review
LY-HOT-000277,فندق نور الثريا,hotel,IMG-4D715E6F645A91E4,false,cannot_determine,cannot_determine,defer,none,unknown,false,needs_manual_review
LY-HOT-000278,فندق الشاطئ الذهبى,hotel,IMG-3143393C3BB12C6B,false,cannot_determine,cannot_determine,defer,none,unknown,false,needs_manual_review
LY-HOT-000279,فندق الصافي,hotel,IMG-D58DFEE97D5305FF,false,cannot_determine,cannot_determine,defer,none,unknown,false,needs_manual_review
LY-HOT-000281,فندق الفصول الابعة 1,hotel,IMG-D0E4C14FEF216C2C,false,cannot_determine,cannot_determine,defer,none,unknown,false,needs_manual_review
LY-HOT-000282,فندق سفارى,hotel,IMG-BED506EA5E4A268B,false,cannot_determine,cannot_determine,defer,none,unknown,false,needs_manual_review
LY-HOT-000283,فندق زهرة الخليج,hotel,IMG-F3E648AD7CE0F676,false,cannot_determine,cannot_determine,defer,none,unknown,false,needs_manual_review
LY-HOT-000284,فندق السلاسل الذهبية,hostel,IMG-FD63377BEAD728F4,false,cannot_determine,cannot_determine,defer,none,unknown,false,needs_manual_review
LY-HOT-000295,فندق تاج,hostel,IMG-AB22C6D40D93616F,false,cannot_determine,cannot_determine,defer,unresolved,unknown,false,needs_shared_conflict_resolution
LY-HOT-000297,فندق أضواء قرطاج,hotel,IMG-4B501E6BBD73EAFE,false,cannot_determine,cannot_determine,defer,none,unknown,false,needs_manual_review
LY-HOT-000305,فندق الغزالة,hotel,IMG-23317BED444CE147,false,cannot_determine,cannot_determine,defer,none,unknown,false,needs_manual_review
LY-HOT-000307,فندق الديوان,hotel,IMG-B957081BDFD31AD9,false,cannot_determine,cannot_determine,defer,none,unknown,false,needs_manual_review
LY-HOT-000314,فندق السرايا,hotel,IMG-B9573C8C7FB931A8,false,cannot_determine,cannot_determine,defer,unresolved,unknown,false,needs_shared_conflict_resolution
LY-HOT-000318,الحبايب,review_required,IMG-C342E390F07568AB,false,cannot_determine,cannot_determine,defer,none,unknown,false,needs_manual_review
LY-HOT-000319,هوم بلازا_للشقق الفندقية,hotel,IMG-FB95B3497C1F55CA,false,cannot_determine,cannot_determine,defer,none,unknown,false,needs_manual_review
LY-HOT-000320,فندق الرحال,apartment_hotel,IMG-007802D9BC5D755F,false,cannot_determine,cannot_determine,defer,none,unknown,false,needs_manual_review
LY-HOT-000321,الوادي 2 للشقق الفندقية,hotel,IMG-6114B601BF0B1A8C,false,cannot_determine,cannot_determine,defer,none,unknown,false,needs_manual_review
LY-HOT-000322,الأطلس للشقق الفندقية,hotel,IMG-8E4486514CFFA7F7,false,cannot_determine,cannot_determine,defer,none,unknown,false,needs_manual_review
LY-HOT-000323,فندق بيزا السياحي,resort,IMG-7C37736A8EF80145,false,cannot_determine,cannot_determine,defer,none,unknown,false,needs_manual_review
LY-HOT-000324,فندق قوز التيك,hotel,IMG-F11E4A59FEBF8315,false,cannot_determine,cannot_determine,defer,none,unknown,false,needs_manual_review
LY-HOT-000331,فندق الراحة اجدابيا,hotel,IMG-844AB3082A456BFB,false,cannot_determine,cannot_determine,defer,none,unknown,false,needs_manual_review
LY-HOT-000332,عمار او المجد للشقق الفندقية,hotel,IMG-C1AE737C120905FA,false,cannot_determine,cannot_determine,defer,none,unknown,false,needs_manual_review
LY-HOT-000333,فندق مزايا اجدابيا,hostel,IMG-D93EABF8C6526D6E,false,cannot_determine,cannot_determine,defer,none,unknown,false,needs_manual_review
LY-HOT-000334,فندق التوجان السياحي,hostel,IMG-35322FD32CA106B6,false,cannot_determine,cannot_determine,defer,none,unknown,false,needs_manual_review
LY-HOT-000335,نزل وقاعة الهاشمي,apartment_hotel,IMG-C99CB2EDA0546E4A,false,cannot_determine,cannot_determine,defer,none,unknown,false,needs_manual_review
LY-HOT-000336,نزل وقاعة زهرة الخليج,hostel,IMG-9B0A5BE0E41F60DC,false,cannot_determine,cannot_determine,defer,none,unknown,false,needs_manual_review
LY-HOT-000337,الهضبة للشقق الفندقية,apartment_hotel,IMG-8965EEC8E5FF047F,false,cannot_determine,cannot_determine,defer,none,unknown,false,needs_manual_review
LY-HOT-000338,الامان للشقق الفندقية,apartment_hotel,IMG-500722E7A72A0CB8,false,cannot_determine,cannot_determine,defer,none,unknown,false,needs_manual_review
LY-HOT-000339,نزل ماريا MARIYA,apartment_hotel,IMG-85FF2A28B63234FE,false,cannot_determine,cannot_determine,defer,none,unknown,false,needs_manual_review
LY-HOT-000340,فندق الرابطة,hostel,IMG-BD20E72787241A92,false,cannot_determine,cannot_determine,defer,none,unknown,false,needs_manual_review
LY-HOT-000342,فندق غريان السياحي,hotel,IMG-4B76AA9E191EC586,false,cannot_determine,cannot_determine,defer,none,unknown,false,needs_manual_review
LY-HOT-000343,فندق روايال غريان,hostel,IMG-B2F0F8C95D27D07E,false,cannot_determine,cannot_determine,defer,none,unknown,false,needs_manual_review
LY-HOT-000344,فندق حوش بوغنوش,hotel,IMG-A99658DB11939621,false,cannot_determine,cannot_determine,defer,none,unknown,false,needs_manual_review
LY-HOT-000345,فندق اللؤلؤة السياحي البضاء,hotel,IMG-C1997F4EB6ECAB93,false,cannot_determine,cannot_determine,defer,unresolved,unknown,false,needs_shared_conflict_resolution
LY-HOT-000346,فندق لؤلؤة الخليج البيضاء,hotel,IMG-5875E6DDBB7440C2,false,cannot_determine,cannot_determine,defer,unresolved,unknown,false,needs_shared_conflict_resolution
LY-HOT-000349,النوران_ للشقق_الفندقية,hostel,IMG-65F952AC1826FCC9,false,cannot_determine,cannot_determine,defer,none,unknown,false,needs_manual_review
LY-HOT-000352,فندق اية الجبل البيضاء,apartment_hotel,IMG-2986C5A66BB26BE3,false,cannot_determine,cannot_determine,defer,none,unknown,false,needs_manual_review
LY-HOT-000355,فندق برونتو البيضاء,apartment_hotel,IMG-CCB429063BDA2EAE,false,cannot_determine,cannot_determine,defer,none,unknown,false,needs_manual_review
LY-HOT-000356,عمارة الجوري للشقق الفندقية,hotel,IMG-17E2B625E5E1BCA6,false,cannot_determine,cannot_determine,defer,none,unknown,false,needs_manual_review
LY-HOT-000357,فندق العنود البيضاء,apartment_hotel,IMG-819089A3F33FB55C,false,cannot_determine,cannot_determine,defer,unresolved,unknown,false,needs_shared_conflict_resolution
LY-HOT-000358,فندق الفردوس للشقق الفندقية,apartment_hotel,IMG-14245C39708E3BCD,false,cannot_determine,cannot_determine,defer,none,unknown,false,needs_manual_review
LY-HOT-000360,فندق مرحبا للخدمات السياحية,hotel,IMG-BACA013556C590D9,false,cannot_determine,cannot_determine,defer,none,unknown,false,needs_manual_review
LY-HOT-000361,عمارة اضواء ليبيا للشقق الفندقية البيضاء,hotel,IMG-9BF85753F3D4472A,false,cannot_determine,cannot_determine,defer,none,unknown,false,needs_manual_review
LY-HOT-000363,فندق المرقب السياحي الخمس,hostel,IMG-0457C54827D282C9,false,cannot_determine,cannot_determine,defer,none,unknown,false,needs_manual_review
LY-HOT-000364,فندق التوليب السياحي الخمس,apartment_hotel,IMG-BDD22CBAB3D84BB7,false,cannot_determine,cannot_determine,defer,none,unknown,false,needs_manual_review
LY-HOT-000365,فندق بيت سباب الخمس,hotel,IMG-6DE54E582E1827F9,false,cannot_determine,cannot_determine,defer,none,unknown,false,needs_manual_review
LY-HOT-000366,فندق الاخوة السياحي الخمس,hotel,IMG-0AD416076AE4E41A,false,cannot_determine,cannot_determine,defer,none,unknown,false,needs_manual_review
LY-HOT-000375,فندق الخليج,hostel,IMG-3689B35FCE5A7ED0,false,cannot_determine,cannot_determine,defer,none,unknown,false,needs_manual_review
LY-HOT-000376,فندق أضواء قرطاج,hotel,IMG-1BD693AB20394DC5,false,cannot_determine,cannot_determine,defer,none,unknown,false,needs_manual_review
LY-HOT-000377,فندق اجنحة قرطاج,hotel,IMG-6569E1B0BB8E0782,false,cannot_determine,cannot_determine,defer,none,unknown,false,needs_manual_review
LY-HOT-000378,فندق الباشا,hotel,IMG-ED83FCE5201AF85C,false,cannot_determine,cannot_determine,defer,none,unknown,false,needs_manual_review
LY-HOT-000379,دار السلام للشقق الفندقية,hotel,IMG-65EB7AC18CE64A22,false,cannot_determine,cannot_determine,defer,none,unknown,false,needs_manual_review
LY-HOT-000380,فندق نيو سيتي,hotel,IMG-E9E5D5D57BE0E74A,false,cannot_determine,cannot_determine,defer,none,unknown,false,needs_manual_review
LY-HOT-000384,فندق جولف,hotel,IMG-666F1656E7D3A85E,false,cannot_determine,cannot_determine,defer,none,unknown,false,needs_manual_review
LY-HOT-000385,فندق زهرة الشمس,hotel,IMG-D7133115A485D29B,false,cannot_determine,cannot_determine,defer,none,unknown,false,needs_manual_review
LY-HOT-000386,فندق سنترو,hotel,IMG-BB1EDEC4DA9BCC9F,false,cannot_determine,cannot_determine,defer,none,unknown,false,needs_manual_review
LY-HOT-000388,فندق كيان 2,hostel,IMG-A1754166EF9651FE,false,cannot_determine,cannot_determine,defer,none,unknown,false,needs_manual_review
LY-HOT-000389,فندق نور الثريا السياحى,hostel,IMG-F19D53660A0C5316,false,cannot_determine,cannot_determine,defer,none,unknown,false,needs_manual_review
LY-HOT-000390,فندق أويا,hotel,IMG-DD01B3202625761C,false,cannot_determine,cannot_determine,defer,none,unknown,false,needs_manual_review
LY-HOT-000392,اجنحة كراون للشقق الفندقية,apartment_hotel,IMG-9B12B9937D7300CA,false,cannot_determine,cannot_determine,defer,none,unknown,false,needs_manual_review
LY-HOT-000393,الدلتا للشقق الفندقية 2,apartment_hotel,IMG-FEB66814946A0C34,false,cannot_determine,cannot_determine,defer,none,unknown,false,needs_manual_review
LY-HOT-000394,الدلتا للشقق الفندقية 1,apartment_hotel,IMG-646D87B3751258C3,false,cannot_determine,cannot_determine,defer,none,unknown,false,needs_manual_review
LY-HOT-000395,الشاطي الذهبي,hotel,IMG-3F3998976A1F9DD4,false,cannot_determine,cannot_determine,defer,none,unknown,false,needs_manual_review
LY-HOT-000396,العنوان للشقق الفندقيه,apartment_hotel,IMG-4A9145DFE8B3BDD1,false,cannot_determine,cannot_determine,defer,none,unknown,false,needs_manual_review
LY-HOT-000398,القبس لشقق الفندقيه,apartment_hotel,IMG-8463F4C0B4C523C4,false,cannot_determine,cannot_determine,defer,none,unknown,false,needs_manual_review
LY-HOT-000399,الماسة للأجنحة الفندقية,apartment_hotel,IMG-A3238C4AC13F9C7F,false,cannot_determine,cannot_determine,defer,unresolved,unknown,false,needs_shared_conflict_resolution
LY-HOT-000400,المجرة للشقق الفندقية,apartment_hotel,IMG-9067216E5A3805E8,false,cannot_determine,cannot_determine,defer,unresolved,unknown,false,needs_shared_conflict_resolution
LY-HOT-000401,المكان للشقق الفندقية,apartment_hotel,IMG-071FE7CDBF486A2C,false,cannot_determine,cannot_determine,defer,none,unknown,false,needs_manual_review
LY-HOT-000402,اوكا لشقق الفندقيه vib,apartment_hotel,IMG-62556205882AEEA0,false,cannot_determine,cannot_determine,defer,none,unknown,false,needs_manual_review
LY-HOT-000404,إقامة قورينا الفاخرة,apartment_hotel,IMG-1CE1F1A994793506,false,cannot_determine,cannot_determine,defer,none,unknown,false,needs_manual_review
LY-HOT-000405,أجنحة الفوانيس للشقق الفندقية,apartment_hotel,IMG-04F9E0CDB205B35F,false,cannot_determine,cannot_determine,defer,none,unknown,false,needs_manual_review
LY-HOT-000406,بيت النوران للشقق الفندقية,apartment_hotel,IMG-62C4E7036D00D879,false,cannot_determine,cannot_determine,defer,none,unknown,false,needs_manual_review
LY-HOT-000407,بيوت العاصمة للشقق الفندقية,apartment_hotel,IMG-D9EDED0098CA6015,false,cannot_determine,cannot_determine,defer,none,unknown,false,needs_manual_review
LY-HOT-000408,جواهر العاصمة للشقق الفندقية,hostel,IMG-1841627598673B86,false,cannot_determine,cannot_determine,defer,none,unknown,false,needs_manual_review
LY-HOT-000409,جولايا للشقق الفندقية,apartment_hotel,IMG-DE13875E15FF98C7,false,cannot_determine,cannot_determine,defer,none,unknown,false,needs_manual_review
LY-HOT-000410,جوهرة السلام للشقق الفندقية,apartment_hotel,IMG-B72D016B90536F00,false,cannot_determine,cannot_determine,defer,none,unknown,false,needs_manual_review
LY-HOT-000411,حدائق المشتل للشقق الفندقية,apartment_hotel,IMG-176798488A35C25B,false,cannot_determine,cannot_determine,defer,none,unknown,false,needs_manual_review
LY-HOT-000412,دار الضيافة 2 للشقق الفندقية,apartment_hotel,IMG-8C23E869CDE883F2,false,cannot_determine,cannot_determine,defer,none,unknown,false,needs_manual_review
LY-HOT-000413,شركة العميد لايجار الشقق الفندقية,apartment_hotel,IMG-FD41C8ED19ACA6CA,false,cannot_determine,cannot_determine,defer,none,unknown,false,needs_manual_review
LY-HOT-000414,شقق البرنس,apartment_hotel,IMG-3859DF30E43751C6,false,cannot_determine,cannot_determine,defer,none,unknown,false,needs_manual_review
LY-HOT-000415,شقق الرواد المفروشة,apartment_hotel,IMG-7053C4C6903C739C,false,cannot_determine,cannot_determine,defer,none,unknown,false,needs_manual_review
LY-HOT-000416,شقق فيلا ليبيا الفندقية,apartment_hotel,IMG-7A112E81106A3622,false,cannot_determine,cannot_determine,defer,none,unknown,false,needs_manual_review
LY-HOT-000417,فندق اكاكوس,hostel,IMG-71F0147F76EA876C,false,cannot_determine,cannot_determine,defer,none,unknown,false,needs_manual_review
LY-HOT-000418,فندق الاخوة,hostel,IMG-0369D2CCBFEBB36D,false,cannot_determine,cannot_determine,defer,none,unknown,false,needs_manual_review
LY-HOT-000419,فندق الاصالة,hostel,IMG-DC8036C639747547,false,cannot_determine,cannot_determine,defer,none,unknown,false,needs_manual_review
LY-HOT-000421,فندق البتراء,hostel,IMG-D5C7DDCCE12EA1FE,false,cannot_determine,cannot_determine,defer,none,unknown,false,needs_manual_review
LY-HOT-000423,فندق البيت الراقي للشقق الفندقية,apartment_hotel,IMG-CEB56CEBA46AE29E,false,cannot_determine,cannot_determine,defer,none,unknown,false,needs_manual_review
LY-HOT-000424,فندق التاج,hotel,IMG-46821D9B585FFE64,false,cannot_determine,cannot_determine,defer,none,unknown,false,needs_manual_review
LY-HOT-000425,فندق التوفيق بلازا,hostel,IMG-622D25A255534D5F,false,cannot_determine,cannot_determine,defer,none,unknown,false,needs_manual_review
LY-HOT-000432,فندق الدبلوماسي,hotel,IMG-1B3C9820F53BEE88,false,cannot_determine,cannot_determine,defer,none,unknown,false,needs_manual_review
LY-HOT-000434,فندق الديار,hotel,IMG-9D2B03FE06D8CF71,false,cannot_determine,cannot_determine,defer,none,unknown,false,needs_manual_review
LY-HOT-000444,فندق الريان,hotel,IMG-4CAA6944989EC466,false,cannot_determine,cannot_determine,defer,none,unknown,false,needs_manual_review
LY-HOT-000445,فندق الزيتونة,hostel,IMG-C2390CB8BDA7A88F,false,cannot_determine,cannot_determine,defer,none,unknown,false,needs_manual_review
LY-HOT-000446,فندق السرايا,hotel,IMG-5F0B87CC56980023,false,cannot_determine,cannot_determine,defer,unresolved,unknown,false,needs_shared_conflict_resolution
LY-HOT-000484,فندق المهاري رادسون بلو,resort,IMG-5907F4EB5DA0B991,false,cannot_determine,cannot_determine,defer,none,unknown,false,needs_manual_review
LY-HOT-000496,فندق اوال,hotel,IMG-D2C42BD4A4895D81,false,cannot_determine,cannot_determine,defer,none,unknown,false,needs_manual_review
LY-HOT-000569,لانكاستر برج الحياة (ماريوت سابقا),hotel,IMG-C73E517BCA650C42,false,cannot_determine,cannot_determine,defer,none,unknown,false,needs_manual_review
