feature_id,layer_id,name_ar,review_priority,candidate_count,recommended_action,notes
LY-HOT-000001,hotels,فندق كورنثيا,PRIORITY_A,1,manual_visual_review,
LY-HOT-000002,hotels,فندق بينثابوليس,PRIORITY_A,3,manual_visual_review,
LY-HOT-000003,hotels,فندق جوهرة الواحة,PRIORITY_A,4,manual_visual_review,
LY-HOT-000004,hotels,فندق تبرس,PRIORITY_A,2,manual_visual_review,
LY-HOT-000005,hotels,منتجع شحات السياحي,PRIORITY_A,3,manual_visual_review,
LY-HOT-000006,hotels,فندق المنارة,PRIORITY_A,3,manual_visual_review,
LY-HOT-000007,hotels,فندق لؤلؤة الخليج,PRIORITY_A,2,manual_visual_review,
LY-HOT-000008,hotels,فندق التلال الوسيطة البيضاء,PRIORITY_A,4,manual_visual_review,
LY-HOT-000009,hotels,العنود للشقق الفندقية,PRIORITY_A,4,manual_visual_review,
LY-HOT-000010,hotels,فندق الثريا,PRIORITY_A,5,manual_visual_review,
LY-HOT-000011,hotels,منتجع الينابيع السياحي,PRIORITY_A,2,manual_visual_review,
LY-HOT-000012,hotels,فندق برقة,PRIORITY_A,1,manual_visual_review,
LY-HOT-000013,hotels,فندق الهديل,PRIORITY_C,0,no_local_candidate,
LY-HOT-000014,hotels,فندق بن يدر,PRIORITY_C,0,no_local_candidate,
LY-HOT-000015,hotels,فندق نجوم غدامس,PRIORITY_C,0,no_local_candidate,
LY-HOT-000016,hotels,فندق باب الفتح,PRIORITY_C,0,no_local_candidate,
LY-HOT-000017,hotels,فندق فكتوريا,PRIORITY_C,0,no_local_candidate,
LY-HOT-000018,hotels,فندق الطاووس,PRIORITY_A,4,manual_visual_review,
LY-HOT-000019,hotels,فندق الودان,PRIORITY_A,4,manual_visual_review,
LY-HOT-000020,hotels,فندق دار السلام ( المسيرة سابقا ),PRIORITY_A,4,manual_visual_review,
LY-HOT-000021,hotels,فندق سان جورج,PRIORITY_A,4,manual_visual_review,
LY-HOT-000022,hotels,فندق الحسنين الكبير,PRIORITY_A,3,manual_visual_review,
LY-HOT-000023,hotels,بيوت الشباب,PRIORITY_A,4,manual_visual_review,
LY-HOT-000024,hotels,فندق بلاغراي السياحي ( التلال سابقا ),PRIORITY_A,4,manual_visual_review,
LY-HOT-000025,hotels,منتجع ايميليا,PRIORITY_A,5,manual_visual_review,
LY-HOT-000026,hotels,منتجع وموتيل الأمان,PRIORITY_A,4,manual_visual_review,
LY-HOT-000027,hotels,بيوت شباب غدامس,PRIORITY_A,1,manual_visual_review,
LY-HOT-000028,hotels,نالوت غدامس فندق باب العز,PRIORITY_A,3,manual_visual_review,
LY-HOT-000029,hotels,فندق أبراج الوسطى,PRIORITY_A,2,manual_visual_review,
LY-HOT-000030,hotels,فندق طيبة,PRIORITY_C,0,no_local_candidate,
LY-HOT-000031,hotels,فندق قصر الفيروز,PRIORITY_A,6,manual_visual_review,
LY-HOT-000032,hotels,Royal Gardens Hotels,PRIORITY_A,3,manual_visual_review,
LY-HOT-000033,hotels,فندق ابونواس,PRIORITY_C,0,no_local_candidate,
LY-HOT-000034,hotels,فندق احواص,PRIORITY_A,1,manual_visual_review,
LY-HOT-000035,hotels,فندق الانوار,PRIORITY_A,4,manual_visual_review,
LY-HOT-000036,hotels,فندق الأخوة,PRIORITY_A,4,manual_visual_review,
LY-HOT-000037,hotels,فندق الأصالة,PRIORITY_A,3,manual_visual_review,
LY-HOT-000038,hotels,فندق الأصيل,PRIORITY_A,5,manual_visual_review,
LY-HOT-000039,hotels,فندق الأندلس,PRIORITY_A,3,manual_visual_review,
LY-HOT-000040,hotels,فندق البركة,PRIORITY_A,4,manual_visual_review,
LY-HOT-000041,hotels,فندق البستان,PRIORITY_A,5,manual_visual_review,
LY-HOT-000042,hotels,التاج للشقق الفندقية,PRIORITY_A,2,manual_visual_review,
LY-HOT-000043,hotels,(فندق الطُبجية )فندق التاجوري,PRIORITY_C,0,no_local_candidate,
LY-HOT-000044,hotels,فندق الجبل,PRIORITY_C,0,no_local_candidate,
LY-HOT-000045,hotels,فندق جوهرة صبراتة السياحي,PRIORITY_A,2,manual_visual_review,
LY-HOT-000046,hotels,فندق الجوهرة الزاوية,PRIORITY_A,1,manual_visual_review,
LY-HOT-000047,hotels,يعرف باسم (فندق الوادي ) فندق الحديقة,PRIORITY_C,0,no_local_candidate,
LY-HOT-000048,hotels,فندق الحمام السياحي,PRIORITY_C,0,no_local_candidate,
LY-HOT-000049,hotels,فندق الخان الطرابلسي,PRIORITY_A,5,manual_visual_review,
LY-HOT-000050,hotels,فندق الخليج,PRIORITY_A,3,manual_visual_review,
LY-HOT-000051,hotels,فندق الدبلوماسي,PRIORITY_A,2,manual_visual_review,
LY-HOT-000052,hotels,فندق الدوحة,PRIORITY_C,0,no_local_candidate,
LY-HOT-000053,hotels,فندق الديار,PRIORITY_A,3,manual_visual_review,
LY-HOT-000054,hotels,فندق الرابطة,PRIORITY_A,4,manual_visual_review,
LY-HOT-000055,hotels,فندق الرفيع,PRIORITY_A,1,manual_visual_review,
LY-HOT-000056,hotels,فندق الريان,PRIORITY_A,6,manual_visual_review,
LY-HOT-000057,hotels,فندق الزهر,PRIORITY_A,5,manual_visual_review,
LY-HOT-000058,hotels,فندق الزيتونة,PRIORITY_A,4,manual_visual_review,
LY-HOT-000059,hotels,فندق السرايا,PRIORITY_A,4,manual_visual_review,
LY-HOT-000060,hotels,فندق زوارة,PRIORITY_A,3,manual_visual_review,
LY-HOT-000061,hotels,فندق السندباد,PRIORITY_A,1,manual_visual_review,
LY-HOT-000062,hotels,فندق الشجرة,PRIORITY_A,2,manual_visual_review,
LY-HOT-000063,hotels,فندق الشرق,PRIORITY_C,0,no_local_candidate,
LY-HOT-000064,hotels,فندق الشمس,PRIORITY_A,4,manual_visual_review,
LY-HOT-000065,hotels,فندق الصفوة,PRIORITY_A,4,manual_visual_review,
LY-HOT-000066,hotels,فندق الصناعية مصراتة,PRIORITY_A,5,manual_visual_review,
LY-HOT-000067,hotels,فندق الصولجان,PRIORITY_A,2,manual_visual_review,
LY-HOT-000068,hotels,فندق العاصمة,PRIORITY_A,3,manual_visual_review,
LY-HOT-000069,hotels,فندق الغدامسية,PRIORITY_C,0,no_local_candidate,
LY-HOT-000070,hotels,فندق القرقني,PRIORITY_C,0,no_local_candidate,
LY-HOT-000071,hotels,فندق القوس,PRIORITY_A,5,manual_visual_review,
LY-HOT-000072,hotels,فندق الكبير,PRIORITY_A,5,manual_visual_review,
LY-HOT-000073,hotels,فندق الكرومة,PRIORITY_C,0,no_local_candidate,
LY-HOT-000074,hotels,فندق الماسة,PRIORITY_A,5,manual_visual_review,
LY-HOT-000075,hotels,فندق المتوسط,PRIORITY_A,5,manual_visual_review,
LY-HOT-000076,hotels,فندق المدينة,PRIORITY_C,0,no_local_candidate,
LY-HOT-000077,hotels,فندق المشكاة,PRIORITY_A,3,manual_visual_review,
LY-HOT-000078,hotels,فندق المنامة,PRIORITY_A,3,manual_visual_review,
LY-HOT-000079,hotels,فندق النخلة,PRIORITY_A,5,manual_visual_review,
LY-HOT-000080,hotels,فندق النقازة الخمس,PRIORITY_A,5,manual_visual_review,
LY-HOT-000081,hotels,فندق النهر,PRIORITY_A,3,manual_visual_review,
LY-HOT-000082,hotels,فندق الهنشيري,PRIORITY_C,0,no_local_candidate,
LY-HOT-000083,hotels,فندق الهيشة,PRIORITY_C,0,no_local_candidate,
LY-HOT-000084,hotels,فندق الواحات,PRIORITY_A,1,manual_visual_review,
LY-HOT-000085,hotels,فندق الياسمين,PRIORITY_A,3,manual_visual_review,
LY-HOT-000086,hotels,فندق أجنحة قرطاج,PRIORITY_A,5,manual_visual_review,
LY-HOT-000087,hotels,فندق أفريقيا,PRIORITY_C,0,no_local_candidate,
LY-HOT-000088,hotels,فندق بنت السيد,PRIORITY_A,1,manual_visual_review,
LY-HOT-000089,hotels,فندق بودلغوسة,PRIORITY_C,0,no_local_candidate,
LY-HOT-000090,hotels,فندق بيت الأمان,PRIORITY_A,4,manual_visual_review,
LY-HOT-000091,hotels,فندق بيت الشرق,PRIORITY_A,3,manual_visual_review,
LY-HOT-000092,hotels,فندق تابكت,PRIORITY_C,0,no_local_candidate,
LY-HOT-000093,hotels,لانكاستر برج الحياة ( ماريوت سابقا),PRIORITY_A,5,manual_visual_review,
LY-HOT-000094,hotels,فندق دار غدامس,PRIORITY_A,5,manual_visual_review,
LY-HOT-000095,hotels,فندق ديار الهناء,PRIORITY_A,4,manual_visual_review,
LY-HOT-000096,hotels,فندق ليبوس,PRIORITY_A,3,manual_visual_review,
LY-HOT-000097,hotels,فندق ريكسوس,PRIORITY_A,5,manual_visual_review,
LY-HOT-000098,hotels,فندق زليتن,PRIORITY_A,3,manual_visual_review,
LY-HOT-000099,hotels,فندق زميت,PRIORITY_A,10,manual_visual_review,
LY-HOT-000100,hotels,فندق زوارة,PRIORITY_A,4,manual_visual_review,
LY-HOT-000101,hotels,فندق سرايا الليبو,PRIORITY_C,0,no_local_candidate,
LY-HOT-000102,hotels,فندق سفاري,PRIORITY_A,5,manual_visual_review,
LY-HOT-000103,hotels,فندق سفاري 2,PRIORITY_A,3,manual_visual_review,
LY-HOT-000104,hotels,فندق شروق افريقيا,PRIORITY_C,0,no_local_candidate,
LY-HOT-000105,hotels,فندق ضيافة ونيس,PRIORITY_A,6,manual_visual_review,
LY-HOT-000106,hotels,فندق طرابلس الدولي,PRIORITY_A,6,manual_visual_review,
LY-HOT-000107,hotels,فندق طليطلة,PRIORITY_A,4,manual_visual_review,
LY-HOT-000108,hotels,فندق طيبة,PRIORITY_A,3,manual_visual_review,
LY-HOT-000109,hotels,فندق عمير,PRIORITY_A,3,manual_visual_review,
LY-HOT-000110,hotels,فندق عين الفرس,PRIORITY_A,2,manual_visual_review,
LY-HOT-000111,hotels,فندق غابة الكشافة,PRIORITY_C,0,no_local_candidate,
LY-HOT-000112,hotels,فندق غريان السياحي,PRIORITY_A,5,manual_visual_review,
LY-HOT-000113,hotels,فندق قرطاج,PRIORITY_A,5,manual_visual_review,
LY-HOT-000114,hotels,فندق قصر الظهرة,PRIORITY_A,6,manual_visual_review,
LY-HOT-000115,hotels,فندق قصر الفيروز,PRIORITY_A,5,manual_visual_review,
LY-HOT-000116,hotels,فندق قمر صبراتة,PRIORITY_A,1,manual_visual_review,
LY-HOT-000117,hotels,فندق كونتنتال,PRIORITY_C,0,no_local_candidate,
LY-HOT-000118,hotels,فندق لبدة السياحي الخمس,PRIORITY_A,9,manual_visual_review,
LY-HOT-000119,hotels,فندق ليالي قرطاج,PRIORITY_A,3,manual_visual_review,
LY-HOT-000120,hotels,فندق ليبيا,PRIORITY_A,6,manual_visual_review,
LY-HOT-000121,hotels,فندق مادي الحسان,PRIORITY_A,4,manual_visual_review,
LY-HOT-000122,hotels,فندق واستراحة جادو,PRIORITY_C,0,no_local_candidate,
LY-HOT-000123,hotels,فندق ومطعم الامتياز,PRIORITY_A,6,manual_visual_review,
LY-HOT-000124,hotels,فندق ومطعم النزهة,PRIORITY_C,0,no_local_candidate,
LY-HOT-000125,hotels,فندق يفرن,PRIORITY_A,1,manual_visual_review,
LY-HOT-000126,hotels,طرابلس للشقق الفندقية,PRIORITY_C,0,no_local_candidate,
LY-HOT-000127,hotels,نزل طرابلس الحديث,PRIORITY_C,0,no_local_candidate,
LY-HOT-000128,hotels,فندق الثريا السياحي,PRIORITY_A,5,manual_visual_review,
LY-HOT-000129,hotels,فندق الأنيس,PRIORITY_C,0,no_local_candidate,
LY-HOT-000130,hotels,فندق البتراء,PRIORITY_A,5,manual_visual_review,
LY-HOT-000131,hotels,فندق البردي,PRIORITY_A,4,manual_visual_review,
LY-HOT-000132,hotels,فندق التلال,PRIORITY_A,5,manual_visual_review,
LY-HOT-000133,hotels,فندق الجبل الأخضر,PRIORITY_C,0,no_local_candidate,
LY-HOT-000134,hotels,فندق الجغبوب,PRIORITY_A,2,manual_visual_review,
LY-HOT-000135,hotels,فندق الجلاء,PRIORITY_A,3,manual_visual_review,
LY-HOT-000137,hotels,فندق الخان الطرابلسي,PRIORITY_A,9,manual_visual_review,
LY-HOT-000138,hotels,فندق الرحاب,PRIORITY_A,2,manual_visual_review,
LY-HOT-000140,hotels,فندق الزيتونة,PRIORITY_C,0,no_local_candidate,
LY-HOT-000142,hotels,فندق السلام,PRIORITY_C,0,no_local_candidate,
LY-HOT-000143,hotels,فندق ابن الرومي,PRIORITY_A,1,manual_visual_review,
LY-HOT-000144,hotels,فندق اجدابيا,PRIORITY_C,0,no_local_candidate,
LY-HOT-000145,hotels,فندق الحياة,PRIORITY_A,5,manual_visual_review,
LY-HOT-000146,hotels,فندق الصحراوي,PRIORITY_C,0,no_local_candidate,
LY-HOT-000148,hotels,فندق العوينات,PRIORITY_A,1,manual_visual_review,
LY-HOT-000149,hotels,فندق الفردوس,PRIORITY_C,0,no_local_candidate,
LY-HOT-000150,hotels,فندق الفضيل,PRIORITY_A,5,manual_visual_review,
LY-HOT-000151,hotels,فندق الفضيل رأس لانوف,PRIORITY_A,2,manual_visual_review,
LY-HOT-000152,hotels,فندق الفلك,PRIORITY_A,3,manual_visual_review,
LY-HOT-000153,hotels,فندق القرضابية,PRIORITY_C,0,no_local_candidate,
LY-HOT-000154,hotels,فندق القلعة,PRIORITY_A,1,manual_visual_review,
LY-HOT-000155,hotels,فندق الكاظم,PRIORITY_A,1,manual_visual_review,
LY-HOT-000157,hotels,فندق المبروك,PRIORITY_A,3,manual_visual_review,
LY-HOT-000158,hotels,فندق المتوسط الخمس,PRIORITY_A,3,manual_visual_review,
LY-HOT-000159,hotels,فندق المدينة,PRIORITY_C,0,no_local_candidate,
LY-HOT-000160,hotels,فندق المدينة,PRIORITY_A,4,manual_visual_review,
LY-HOT-000162,hotels,فندق المدينة,PRIORITY_C,0,no_local_candidate,
LY-HOT-000163,hotels,فندق المرج السياحي,PRIORITY_A,4,manual_visual_review,
LY-HOT-000164,hotels,فندق المسيرة,PRIORITY_A,5,manual_visual_review,
LY-HOT-000166,hotels,فندق المغرب العربي,PRIORITY_A,4,manual_visual_review,
LY-HOT-000167,hotels,فندق المنار,PRIORITY_C,0,no_local_candidate,
LY-HOT-000168,hotels,فندق النادي الليبي,PRIORITY_C,0,no_local_candidate,
LY-HOT-000169,hotels,فندق النخلة السياحي,PRIORITY_A,5,manual_visual_review,
LY-HOT-000170,hotels,فندق النخيل - مغلق,PRIORITY_C,0,no_local_candidate,
LY-HOT-000171,hotels,فندق النوران,PRIORITY_A,5,manual_visual_review,
LY-HOT-000172,hotels,فندق الهاروج,PRIORITY_C,0,no_local_candidate,
LY-HOT-000176,hotels,فندق الوادي,PRIORITY_C,0,no_local_candidate,
LY-HOT-000178,hotels,فندق الياقوتة,PRIORITY_C,0,no_local_candidate,
LY-HOT-000179,hotels,فندق الياقوتة,PRIORITY_C,0,no_local_candidate,
LY-HOT-000180,hotels,فندق اليقين,PRIORITY_C,0,no_local_candidate,
LY-HOT-000181,hotels,فندق اليمامة,PRIORITY_A,2,manual_visual_review,
LY-HOT-000182,hotels,فندق اوزو,PRIORITY_C,0,no_local_candidate,
LY-HOT-000183,hotels,فندق ايلاف,PRIORITY_C,0,no_local_candidate,
LY-HOT-000184,hotels,فندق أبراج المدينة,PRIORITY_C,0,no_local_candidate,
LY-HOT-000185,hotels,فندق أجنحة قرطاج,PRIORITY_C,0,no_local_candidate,
LY-HOT-000186,hotels,فندق أفريقيا,PRIORITY_C,0,no_local_candidate,
LY-HOT-000187,hotels,فندق أفريقيا,PRIORITY_A,3,manual_visual_review,
LY-HOT-000188,hotels,فندق أكاكوس,PRIORITY_C,0,no_local_candidate,
LY-HOT-000189,hotels,فندق أكاكوس,PRIORITY_C,0,no_local_candidate,
LY-HOT-000190,hotels,فندق أمال ليبيا,PRIORITY_A,3,manual_visual_review,
LY-HOT-000191,hotels,فندق أوجلة السياحي,PRIORITY_C,0,no_local_candidate,
LY-HOT-000192,hotels,فندق أويا,PRIORITY_C,0,no_local_candidate,
LY-HOT-000193,hotels,فندق باب البحر,PRIORITY_A,4,manual_visual_review,
LY-HOT-000194,hotels,فندق براك,PRIORITY_C,0,no_local_candidate,
LY-HOT-000195,hotels,فندق برينيتشي,PRIORITY_C,0,no_local_candidate,
LY-HOT-000196,hotels,فندق بلازما,PRIORITY_A,5,manual_visual_review,
LY-HOT-000198,hotels,فندق بنغازي,PRIORITY_C,0,no_local_candidate,
LY-HOT-000201,hotels,فندق توباكتس,PRIORITY_A,4,manual_visual_review,
LY-HOT-000202,hotels,فندق تيبستي,PRIORITY_C,0,no_local_candidate,
LY-HOT-000203,hotels,فندق جاكرتا,PRIORITY_C,0,no_local_candidate,
LY-HOT-000204,hotels,فندق جالو السياحي,PRIORITY_C,0,no_local_candidate,
LY-HOT-000205,hotels,فندق جرمة السياحي,PRIORITY_C,0,no_local_candidate,
LY-HOT-000206,hotels,فندق جليانة,PRIORITY_C,0,no_local_candidate,
LY-HOT-000207,hotels,فندق دار جرمة,PRIORITY_C,0,no_local_candidate,
LY-HOT-000208,hotels,فندق دوجال السياحي,PRIORITY_C,0,no_local_candidate,
LY-HOT-000209,hotels,فندق ديار الهناء,PRIORITY_A,1,manual_visual_review,
LY-HOT-000210,hotels,فندق رواسي,PRIORITY_C,0,no_local_candidate,
LY-HOT-000211,hotels,فندق رويال,PRIORITY_C,0,no_local_candidate,
LY-HOT-000212,hotels,فندق ريباس,PRIORITY_C,0,no_local_candidate,
LY-HOT-000216,hotels,فندق زهرة البطنان,PRIORITY_C,0,no_local_candidate,
LY-HOT-000218,hotels,فندق زين,PRIORITY_C,0,no_local_candidate,
LY-HOT-000221,hotels,فندق سفيروس الخمس,PRIORITY_A,4,manual_visual_review,
LY-HOT-000223,hotels,فندق صحارى ليبيا,PRIORITY_A,3,manual_visual_review,
LY-HOT-000226,hotels,فندق عمر الخيام,PRIORITY_C,0,no_local_candidate,
LY-HOT-000229,hotels,فندق فيلا النوران,PRIORITY_C,0,no_local_candidate,
LY-HOT-000230,hotels,فندق قاطش,PRIORITY_C,0,no_local_candidate,
LY-HOT-000232,hotels,فندق قصر البيضاء,PRIORITY_C,0,no_local_candidate,
LY-HOT-000234,hotels,فندق قصر الفضيل,PRIORITY_C,0,no_local_candidate,
LY-HOT-000236,hotels,فندق قصر النيل,PRIORITY_C,0,no_local_candidate,
LY-HOT-000237,hotels,فندق قصر الواحة,PRIORITY_C,0,no_local_candidate,
LY-HOT-000238,hotels,فندق قصور الضيافة,PRIORITY_C,0,no_local_candidate,
LY-HOT-000239,hotels,فندق قصي للشقق المفروشة,PRIORITY_C,0,no_local_candidate,
LY-HOT-000241,hotels,فندق قورينا,PRIORITY_C,0,no_local_candidate,
LY-HOT-000243,hotels,فندق لؤلؤة درنة,PRIORITY_C,0,no_local_candidate,
LY-HOT-000246,hotels,فندق ميزران,PRIORITY_C,0,no_local_candidate,
LY-HOT-000247,hotels,فندق هارون,PRIORITY_C,0,no_local_candidate,
LY-HOT-000251,hotels,الفندق السياحي,PRIORITY_C,0,no_local_candidate,
LY-HOT-000252,hotels,الفندق القديم,PRIORITY_C,0,no_local_candidate,
LY-HOT-000253,hotels,الفندق الكبير,PRIORITY_C,0,no_local_candidate,
LY-HOT-000254,hotels,القرية السياحية قاريونس,PRIORITY_C,0,no_local_candidate,
LY-HOT-000256,hotels,نزل المدينة,PRIORITY_C,0,no_local_candidate,
LY-HOT-000257,hotels,نزل أمباي,PRIORITY_C,0,no_local_candidate,
LY-HOT-000258,hotels,نزل بيروت,PRIORITY_C,0,no_local_candidate,
LY-HOT-000260,hotels,نزل مرحبا,PRIORITY_C,0,no_local_candidate,
LY-HOT-000261,hotels,الماسة للشقق الفندقية,PRIORITY_C,0,no_local_candidate,
LY-HOT-000262,hotels,فندق فزان,PRIORITY_C,0,no_local_candidate,
LY-HOT-000263,hotels,فندق المختار,PRIORITY_C,0,no_local_candidate,
LY-HOT-000264,hotels,فندق قصر كاباو,PRIORITY_C,0,no_local_candidate,
LY-HOT-000265,hotels,فندق الأفريقي,PRIORITY_C,0,no_local_candidate,
LY-HOT-000266,hotels,فندق قرطاج السياحى1,PRIORITY_C,0,no_local_candidate,
LY-HOT-000267,hotels,فندق السارة,PRIORITY_C,0,no_local_candidate,
LY-HOT-000268,hotels,فندق الفصول الاربعة 3,PRIORITY_A,1,manual_visual_review,
LY-HOT-000269,hotels,فندق أوال,PRIORITY_C,0,no_local_candidate,
LY-HOT-000270,hotels,فندق المتوسط,PRIORITY_C,0,no_local_candidate,
LY-HOT-000271,hotels,فندق قرطاج السياحى2,PRIORITY_C,0,no_local_candidate,
LY-HOT-000272,hotels,فندق التوفيق 2,PRIORITY_C,0,no_local_candidate,
LY-HOT-000273,hotels,فندق النعيم,PRIORITY_A,5,manual_visual_review,
LY-HOT-000274,hotels,نزل كيلو بتراء,PRIORITY_C,0,no_local_candidate,
LY-HOT-000275,hotels,فندق الفصول الاربعة 2,PRIORITY_A,3,manual_visual_review,
LY-HOT-000276,hotels,فندق السفير,PRIORITY_A,2,manual_visual_review,
LY-HOT-000277,hotels,فندق نور الثريا,PRIORITY_A,3,manual_visual_review,
LY-HOT-000278,hotels,فندق الشاطئ الذهبى,PRIORITY_A,4,manual_visual_review,
LY-HOT-000279,hotels,فندق الصافي,PRIORITY_A,1,manual_visual_review,
LY-HOT-000280,hotels,فندق بوابة أفريقيا,PRIORITY_C,0,no_local_candidate,
LY-HOT-000281,hotels,فندق الفصول الابعة 1,PRIORITY_A,1,manual_visual_review,
LY-HOT-000282,hotels,فندق سفارى,PRIORITY_A,1,manual_visual_review,
LY-HOT-000283,hotels,فندق زهرة الخليج,PRIORITY_A,2,manual_visual_review,
LY-HOT-000284,hotels,فندق السلاسل الذهبية,PRIORITY_A,3,manual_visual_review,
LY-HOT-000285,hotels,فندق النورس,PRIORITY_C,0,no_local_candidate,
LY-HOT-000286,hotels,فندق التوفيق 1,PRIORITY_C,0,no_local_candidate,
LY-HOT-000287,hotels,فندق اليسر,PRIORITY_C,0,no_local_candidate,
LY-HOT-000288,hotels,فندق الخيام العربية,PRIORITY_C,0,no_local_candidate,
LY-HOT-000289,hotels,فندق الرشيد,PRIORITY_C,0,no_local_candidate,
LY-HOT-000290,hotels,فندق أسامة,PRIORITY_C,0,no_local_candidate,
LY-HOT-000291,hotels,فندق الزيتونة,PRIORITY_C,0,no_local_candidate,
LY-HOT-000292,hotels,فندق ريباس,PRIORITY_C,0,no_local_candidate,
LY-HOT-000293,hotels,فندق طليطلة,PRIORITY_C,0,no_local_candidate,
LY-HOT-000294,hotels,فندق صبراتة,PRIORITY_C,0,no_local_candidate,
LY-HOT-000295,hotels,فندق تاج,PRIORITY_A,3,manual_visual_review,
LY-HOT-000296,hotels,فندق الكندي,PRIORITY_C,0,no_local_candidate,
LY-HOT-000297,hotels,فندق أضواء قرطاج,PRIORITY_A,3,manual_visual_review,
LY-HOT-000298,hotels,فندق البشير,PRIORITY_C,0,no_local_candidate,
LY-HOT-000299,hotels,فندق الهاني,PRIORITY_C,0,no_local_candidate,
LY-HOT-000300,hotels,فندق القنصل فندق القنصل,PRIORITY_C,0,no_local_candidate,
LY-HOT-000301,hotels,فندق الجبل الاخضر,PRIORITY_C,0,no_local_candidate,
LY-HOT-000302,hotels,الفتح,PRIORITY_C,0,no_local_candidate,
LY-HOT-000303,hotels,فندق قصر ليبيا,PRIORITY_C,0,no_local_candidate,
LY-HOT-000304,hotels,Hotel Haroun 2,PRIORITY_C,0,no_local_candidate,
LY-HOT-000305,hotels,فندق الغزالة,PRIORITY_A,1,manual_visual_review,
LY-HOT-000306,hotels,فندق كيان طرابلس,PRIORITY_C,0,no_local_candidate,
LY-HOT-000307,hotels,فندق الديوان,PRIORITY_A,3,manual_visual_review,
LY-HOT-000308,hotels,فندق نيو ستي New City hotel,PRIORITY_C,0,no_local_candidate,
LY-HOT-000309,hotels,فندق الدالي,PRIORITY_C,0,no_local_candidate,
LY-HOT-000310,hotels,زهرة الشمس,PRIORITY_C,0,no_local_candidate,
LY-HOT-000311,hotels,فندق ضيافة طرابلس,PRIORITY_C,0,no_local_candidate,
LY-HOT-000312,hotels,فندق الفتح شارع الرشيد,PRIORITY_C,0,no_local_candidate,
LY-HOT-000313,hotels,فندق بلخير,PRIORITY_C,0,no_local_candidate,
LY-HOT-000314,hotels,فندق السرايا,PRIORITY_A,4,manual_visual_review,
LY-HOT-000315,hotels,فندق الوحدة العربية,PRIORITY_C,0,no_local_candidate,
LY-HOT-000316,hotels,فندق الكنوز الذهبية,PRIORITY_C,0,no_local_candidate,
LY-HOT-000317,hotels,فندق الشراع,PRIORITY_C,0,no_local_candidate,
LY-HOT-000318,hotels,الحبايب,PRIORITY_A,2,manual_visual_review,
LY-HOT-000319,hotels,هوم بلازا_للشقق الفندقية,PRIORITY_A,1,manual_visual_review,
LY-HOT-000320,hotels,فندق الرحال,PRIORITY_A,1,manual_visual_review,
LY-HOT-000321,hotels,الوادي 2 للشقق الفندقية,PRIORITY_A,1,manual_visual_review,
LY-HOT-000322,hotels,الأطلس للشقق الفندقية,PRIORITY_A,2,manual_visual_review,
LY-HOT-000323,hotels,فندق بيزا السياحي,PRIORITY_A,4,manual_visual_review,
LY-HOT-000324,hotels,فندق قوز التيك,PRIORITY_A,2,manual_visual_review,
LY-HOT-000325,hotels,النجمة الذهبية لشقق الفندقية,PRIORITY_C,0,no_local_candidate,
LY-HOT-000326,hotels,الفخامه للشقق المفروشه,PRIORITY_C,0,no_local_candidate,
LY-HOT-000327,hotels,اوس لشقق المفروشه,PRIORITY_C,0,no_local_candidate,
LY-HOT-000328,hotels,فندق الساحل,PRIORITY_C,0,no_local_candidate,
LY-HOT-000329,hotels,الجوهرة للشقق الفندقية,PRIORITY_C,0,no_local_candidate,
LY-HOT-000330,hotels,فندق اجدابيا السياحي,PRIORITY_C,0,no_local_candidate,
LY-HOT-000331,hotels,فندق الراحة اجدابيا,PRIORITY_A,3,manual_visual_review,
LY-HOT-000332,hotels,عمار او المجد للشقق الفندقية,PRIORITY_A,3,manual_visual_review,
LY-HOT-000333,hotels,فندق مزايا اجدابيا,PRIORITY_A,3,manual_visual_review,
LY-HOT-000334,hotels,فندق التوجان السياحي,PRIORITY_A,3,manual_visual_review,
LY-HOT-000335,hotels,نزل وقاعة الهاشمي,PRIORITY_A,1,manual_visual_review,
LY-HOT-000336,hotels,نزل وقاعة زهرة الخليج,PRIORITY_A,3,manual_visual_review,
LY-HOT-000337,hotels,الهضبة للشقق الفندقية,PRIORITY_A,3,manual_visual_review,
LY-HOT-000338,hotels,الامان للشقق الفندقية,PRIORITY_A,2,manual_visual_review,
LY-HOT-000339,hotels,نزل ماريا MARIYA,PRIORITY_A,3,manual_visual_review,
LY-HOT-000340,hotels,فندق الرابطة,PRIORITY_A,1,manual_visual_review,
LY-HOT-000341,hotels,فندق سمر قند,PRIORITY_C,0,no_local_candidate,
LY-HOT-000342,hotels,فندق غريان السياحي,PRIORITY_A,3,manual_visual_review,
LY-HOT-000343,hotels,فندق روايال غريان,PRIORITY_A,4,manual_visual_review,
LY-HOT-000344,hotels,فندق حوش بوغنوش,PRIORITY_A,4,manual_visual_review,
LY-HOT-000345,hotels,فندق اللؤلؤة السياحي البضاء,PRIORITY_A,4,manual_visual_review,
LY-HOT-000346,hotels,فندق لؤلؤة الخليج البيضاء,PRIORITY_A,4,manual_visual_review,
LY-HOT-000347,hotels,فندق قصر البيضاء,PRIORITY_C,0,no_local_candidate,
LY-HOT-000348,hotels,فندق القاهرة البيضاء,PRIORITY_C,0,no_local_candidate,
LY-HOT-000349,hotels,النوران_ للشقق_الفندقية,PRIORITY_A,4,manual_visual_review,
LY-HOT-000350,hotels,مكة للشقق الفندقية البيضاء,PRIORITY_C,0,no_local_candidate,
LY-HOT-000351,hotels,برج المدينة للشقق الفندقية البيضاء,PRIORITY_C,0,no_local_candidate,
LY-HOT-000352,hotels,فندق اية الجبل البيضاء,PRIORITY_A,3,manual_visual_review,
LY-HOT-000353,hotels,فندق برقة السياحي,PRIORITY_C,0,no_local_candidate,
LY-HOT-000354,hotels,فندق افريقيا البيضاء,PRIORITY_C,0,no_local_candidate,
LY-HOT-000355,hotels,فندق برونتو البيضاء,PRIORITY_A,2,manual_visual_review,
LY-HOT-000356,hotels,عمارة الجوري للشقق الفندقية,PRIORITY_A,3,manual_visual_review,
LY-HOT-000357,hotels,فندق العنود البيضاء,PRIORITY_A,7,manual_visual_review,
LY-HOT-000358,hotels,فندق الفردوس للشقق الفندقية,PRIORITY_A,4,manual_visual_review,
LY-HOT-000359,hotels,فندق قصر الضيافة للشقق الفندقية البيضاء,PRIORITY_C,0,no_local_candidate,
LY-HOT-000360,hotels,فندق مرحبا للخدمات السياحية,PRIORITY_A,5,manual_visual_review,
LY-HOT-000361,hotels,عمارة اضواء ليبيا للشقق الفندقية البيضاء,PRIORITY_A,4,manual_visual_review,
LY-HOT-000362,hotels,فندق الاندلس السياحي الخمس,PRIORITY_C,0,no_local_candidate,
LY-HOT-000363,hotels,فندق المرقب السياحي الخمس,PRIORITY_A,2,manual_visual_review,
LY-HOT-000364,hotels,فندق التوليب السياحي الخمس,PRIORITY_A,5,manual_visual_review,
LY-HOT-000365,hotels,فندق بيت سباب الخمس,PRIORITY_A,1,manual_visual_review,
LY-HOT-000366,hotels,فندق الاخوة السياحي الخمس,PRIORITY_A,3,manual_visual_review,
LY-HOT-000367,hotels,فندق الليلك ALlilac hotel,PRIORITY_C,0,no_local_candidate,
LY-HOT-000368,hotels,فندق البحيرات السبعة السياحي,PRIORITY_C,0,no_local_candidate,
LY-HOT-000369,hotels,فندق برنيتشي السياحي,PRIORITY_C,0,no_local_candidate,
LY-HOT-000370,hotels,Sabratha youth hostel _بيت شباب صبراتة,PRIORITY_C,0,no_local_candidate,
LY-HOT-000371,hotels,Lancaster Al Salam Resort - منتجع لانكستر السلام,PRIORITY_C,0,no_local_candidate,
LY-HOT-000372,hotels,فندق الساحل,PRIORITY_C,0,no_local_candidate,
LY-HOT-000373,hotels,المعهد القومي العلاج الأورام صبراتة,PRIORITY_C,0,no_local_candidate,
LY-HOT-000374,hotels,السيلفيوم للشقق المفروشة,PRIORITY_C,0,no_local_candidate,
LY-HOT-000375,hotels,فندق الخليج,PRIORITY_A,2,manual_visual_review,
LY-HOT-000376,hotels,فندق أضواء قرطاج,PRIORITY_A,3,manual_visual_review,
LY-HOT-000377,hotels,فندق اجنحة قرطاج,PRIORITY_A,2,manual_visual_review,
LY-HOT-000378,hotels,فندق الباشا,PRIORITY_A,4,manual_visual_review,
LY-HOT-000379,hotels,دار السلام للشقق الفندقية,PRIORITY_A,4,manual_visual_review,
LY-HOT-000380,hotels,فندق نيو سيتي,PRIORITY_A,3,manual_visual_review,
LY-HOT-000381,hotels,فندق الهانى,PRIORITY_C,0,no_local_candidate,
LY-HOT-000382,hotels,فندق اليسر,PRIORITY_C,0,no_local_candidate,
LY-HOT-000383,hotels,فندق جنان النوار,PRIORITY_C,0,no_local_candidate,
LY-HOT-000384,hotels,فندق جولف,PRIORITY_A,4,manual_visual_review,
LY-HOT-000385,hotels,فندق زهرة الشمس,PRIORITY_A,2,manual_visual_review,
LY-HOT-000386,hotels,فندق سنترو,PRIORITY_A,2,manual_visual_review,
LY-HOT-000387,hotels,فندق صبراتة,PRIORITY_C,0,no_local_candidate,
LY-HOT-000388,hotels,فندق كيان 2,PRIORITY_A,3,manual_visual_review,
LY-HOT-000389,hotels,فندق نور الثريا السياحى,PRIORITY_A,4,manual_visual_review,
LY-HOT-000390,hotels,فندق أويا,PRIORITY_A,4,manual_visual_review,
LY-HOT-000391,hotels,فندق منتجع الطاووس,PRIORITY_C,0,no_local_candidate,
LY-HOT-000392,hotels,اجنحة كراون للشقق الفندقية,PRIORITY_A,3,manual_visual_review,
LY-HOT-000393,hotels,الدلتا للشقق الفندقية 2,PRIORITY_A,3,manual_visual_review,
LY-HOT-000394,hotels,الدلتا للشقق الفندقية 1,PRIORITY_A,4,manual_visual_review,
LY-HOT-000395,hotels,الشاطي الذهبي,PRIORITY_A,4,manual_visual_review,
LY-HOT-000396,hotels,العنوان للشقق الفندقيه,PRIORITY_A,4,manual_visual_review,
LY-HOT-000397,hotels,تحت الصيانة الفندق الكبير,PRIORITY_C,0,no_local_candidate,
LY-HOT-000398,hotels,القبس لشقق الفندقيه,PRIORITY_A,3,manual_visual_review,
LY-HOT-000399,hotels,الماسة للأجنحة الفندقية,PRIORITY_A,4,manual_visual_review,
LY-HOT-000400,hotels,المجرة للشقق الفندقية,PRIORITY_A,3,manual_visual_review,
LY-HOT-000401,hotels,المكان للشقق الفندقية,PRIORITY_A,4,manual_visual_review,
LY-HOT-000402,hotels,اوكا لشقق الفندقيه vib,PRIORITY_A,5,manual_visual_review,
LY-HOT-000403,hotels,إقامة إيفا للشق الفندقية,PRIORITY_C,0,no_local_candidate,
LY-HOT-000404,hotels,إقامة قورينا الفاخرة,PRIORITY_A,5,manual_visual_review,
LY-HOT-000405,hotels,أجنحة الفوانيس للشقق الفندقية,PRIORITY_A,4,manual_visual_review,
LY-HOT-000406,hotels,بيت النوران للشقق الفندقية,PRIORITY_A,4,manual_visual_review,
LY-HOT-000407,hotels,بيوت العاصمة للشقق الفندقية,PRIORITY_A,4,manual_visual_review,
LY-HOT-000408,hotels,جواهر العاصمة للشقق الفندقية,PRIORITY_A,5,manual_visual_review,
LY-HOT-000409,hotels,جولايا للشقق الفندقية,PRIORITY_A,5,manual_visual_review,
LY-HOT-000410,hotels,جوهرة السلام للشقق الفندقية,PRIORITY_A,5,manual_visual_review,
LY-HOT-000411,hotels,حدائق المشتل للشقق الفندقية,PRIORITY_A,5,manual_visual_review,
LY-HOT-000412,hotels,دار الضيافة 2 للشقق الفندقية,PRIORITY_A,5,manual_visual_review,
LY-HOT-000413,hotels,شركة العميد لايجار الشقق الفندقية,PRIORITY_A,4,manual_visual_review,
LY-HOT-000414,hotels,شقق البرنس,PRIORITY_A,3,manual_visual_review,
LY-HOT-000415,hotels,شقق الرواد المفروشة,PRIORITY_A,3,manual_visual_review,
LY-HOT-000416,hotels,شقق فيلا ليبيا الفندقية,PRIORITY_A,4,manual_visual_review,
LY-HOT-000417,hotels,فندق اكاكوس,PRIORITY_A,3,manual_visual_review,
LY-HOT-000418,hotels,فندق الاخوة,PRIORITY_A,3,manual_visual_review,
LY-HOT-000419,hotels,فندق الاصالة,PRIORITY_A,3,manual_visual_review,
LY-HOT-000420,hotels,فندق الاندلس,PRIORITY_C,0,no_local_candidate,
LY-HOT-000421,hotels,فندق البتراء,PRIORITY_A,4,manual_visual_review,
LY-HOT-000422,hotels,فندق البشير,PRIORITY_C,0,no_local_candidate,
LY-HOT-000423,hotels,فندق البيت الراقي للشقق الفندقية,PRIORITY_A,1,manual_visual_review,
LY-HOT-000424,hotels,فندق التاج,PRIORITY_A,4,manual_visual_review,
LY-HOT-000425,hotels,فندق التوفيق بلازا,PRIORITY_A,4,manual_visual_review,
LY-HOT-000426,hotels,فندق الجبل الأخضر,PRIORITY_C,0,no_local_candidate,
LY-HOT-000427,hotels,فندق الجرات,PRIORITY_C,0,no_local_candidate,
LY-HOT-000428,hotels,فندق الخان الطرابلسي,PRIORITY_C,0,no_local_candidate,
LY-HOT-000429,hotels,فندق الخليج,PRIORITY_C,0,no_local_candidate,
LY-HOT-000430,hotels,فندق الخيام العربية,PRIORITY_C,0,no_local_candidate,
LY-HOT-000431,hotels,فندق الدالي,PRIORITY_C,0,no_local_candidate,
LY-HOT-000432,hotels,فندق الدبلوماسي,PRIORITY_A,2,manual_visual_review,
LY-HOT-000433,hotels,فندق الدوحة,PRIORITY_C,0,no_local_candidate,
LY-HOT-000434,hotels,فندق الديار,PRIORITY_A,3,manual_visual_review,
LY-HOT-000435,hotels,فندق الديوان,PRIORITY_C,0,no_local_candidate,
LY-HOT-000436,hotels,فندق الديوان,PRIORITY_C,0,no_local_candidate,
LY-HOT-000439,hotels,فندق الرحاب,PRIORITY_C,0,no_local_candidate,
LY-HOT-000440,hotels,فندق الرحاب 1,PRIORITY_C,0,no_local_candidate,
LY-HOT-000441,hotels,فندق الرحاب 2,PRIORITY_C,0,no_local_candidate,
LY-HOT-000442,hotels,فندق الرفيع,PRIORITY_C,0,no_local_candidate,
LY-HOT-000443,hotels,فندق الرواد,PRIORITY_C,0,no_local_candidate,
LY-HOT-000444,hotels,فندق الريان,PRIORITY_A,3,manual_visual_review,
LY-HOT-000445,hotels,فندق الزيتونة,PRIORITY_A,4,manual_visual_review,
LY-HOT-000446,hotels,فندق السرايا,PRIORITY_A,4,manual_visual_review,
LY-HOT-000447,hotels,فندق السرايا السياحي,PRIORITY_C,0,no_local_candidate,
LY-HOT-000448,hotels,فندق السفير,PRIORITY_C,0,no_local_candidate,
LY-HOT-000449,hotels,فندق السفينة الزرقاء,PRIORITY_C,0,no_local_candidate,
LY-HOT-000450,hotels,فندق السلاسل الذهبية,PRIORITY_C,0,no_local_candidate,
LY-HOT-000451,hotels,فندق السلطان,PRIORITY_C,0,no_local_candidate,
LY-HOT-000452,hotels,فندق السلطان داون تاون,PRIORITY_C,0,no_local_candidate,
LY-HOT-000453,hotels,فندق السندباد,PRIORITY_C,0,no_local_candidate,
LY-HOT-000454,hotels,فندق الشاطئ الذهبي,PRIORITY_C,0,no_local_candidate,
LY-HOT-000455,hotels,فندق الشجرة,PRIORITY_C,0,no_local_candidate,
LY-HOT-000456,hotels,فندق الشمس,PRIORITY_C,0,no_local_candidate,
LY-HOT-000457,hotels,فندق الصافي,PRIORITY_C,0,no_local_candidate,
LY-HOT-000458,hotels,فندق الصفوة للشقق الفندقية,PRIORITY_C,0,no_local_candidate,
LY-HOT-000459,hotels,فندق الصولجان,PRIORITY_C,0,no_local_candidate,
LY-HOT-000460,hotels,فندق الضيافة,PRIORITY_C,0,no_local_candidate,
LY-HOT-000461,hotels,فندق الطريق,PRIORITY_C,0,no_local_candidate,
LY-HOT-000462,hotels,فندق العاصمة,PRIORITY_C,0,no_local_candidate,
LY-HOT-000463,hotels,فندق الفتح,PRIORITY_C,0,no_local_candidate,
LY-HOT-000464,hotels,فندق الفردوس,PRIORITY_C,0,no_local_candidate,
LY-HOT-000465,hotels,فندق الفصول الأربعة ( 1 ),PRIORITY_C,0,no_local_candidate,
LY-HOT-000466,hotels,فندق الفصول الأربعة ( 2 ),PRIORITY_C,0,no_local_candidate,
LY-HOT-000467,hotels,فندق الفصول الأربعة ( 3 ),PRIORITY_C,0,no_local_candidate,
LY-HOT-000468,hotels,فندق القلعة السياحي للشقق المفروشة,PRIORITY_C,0,no_local_candidate,
LY-HOT-000469,hotels,فندق القنصل,PRIORITY_C,0,no_local_candidate,
LY-HOT-000470,hotels,فندق القوس,PRIORITY_C,0,no_local_candidate,
LY-HOT-000471,hotels,فندق الكندي,PRIORITY_C,0,no_local_candidate,
LY-HOT-000472,hotels,فندق الكنوز الدهبية,PRIORITY_C,0,no_local_candidate,
LY-HOT-000473,hotels,فندق اللؤلؤة,PRIORITY_C,0,no_local_candidate,
LY-HOT-000474,hotels,فندق الليلك,PRIORITY_C,0,no_local_candidate,
LY-HOT-000475,hotels,فندق المأمون,PRIORITY_C,0,no_local_candidate,
LY-HOT-000476,hotels,فندق المبروك,PRIORITY_C,0,no_local_candidate,
LY-HOT-000477,hotels,فندق المتوسط,PRIORITY_C,0,no_local_candidate,
LY-HOT-000478,hotels,فندق المتوسط,PRIORITY_C,0,no_local_candidate,
LY-HOT-000481,hotels,فندق المختار,PRIORITY_C,0,no_local_candidate,
LY-HOT-000482,hotels,فندق المشكاة,PRIORITY_C,0,no_local_candidate,
LY-HOT-000483,hotels,فندق المنامة,PRIORITY_C,0,no_local_candidate,
LY-HOT-000484,hotels,فندق المهاري رادسون بلو,PRIORITY_A,2,manual_visual_review,
LY-HOT-000485,hotels,فندق النخلة السياحي,PRIORITY_C,0,no_local_candidate,
LY-HOT-000486,hotels,فندق النهر,PRIORITY_C,0,no_local_candidate,
LY-HOT-000487,hotels,فندق النورس,PRIORITY_C,0,no_local_candidate,
LY-HOT-000488,hotels,فندق الهاني,PRIORITY_C,0,no_local_candidate,
LY-HOT-000489,hotels,فندق الهناء,PRIORITY_C,0,no_local_candidate,
LY-HOT-000490,hotels,فندق الواحات,PRIORITY_C,0,no_local_candidate,
LY-HOT-000491,hotels,فندق الوادي,PRIORITY_C,0,no_local_candidate,
LY-HOT-000492,hotels,فندق الودان,PRIORITY_C,0,no_local_candidate,
LY-HOT-000493,hotels,فندق الياسمينة,PRIORITY_C,0,no_local_candidate,
LY-HOT-000494,hotels,فندق الياقوتة,PRIORITY_C,0,no_local_candidate,
LY-HOT-000495,hotels,فندق اليقين,PRIORITY_C,0,no_local_candidate,
LY-HOT-000496,hotels,فندق اوال,PRIORITY_A,3,manual_visual_review,
LY-HOT-000497,hotels,فندق أجنحة الوليد,PRIORITY_C,0,no_local_candidate,
LY-HOT-000498,hotels,فندق أسامة,PRIORITY_C,0,no_local_candidate,
LY-HOT-000499,hotels,فندق أسامة,PRIORITY_C,0,no_local_candidate,
LY-HOT-000500,hotels,فندق أسامة,PRIORITY_C,0,no_local_candidate,
LY-HOT-000501,hotels,فندق أسامة,PRIORITY_C,0,no_local_candidate,
LY-HOT-000502,hotels,فندق باب البحر,PRIORITY_C,0,no_local_candidate,
LY-HOT-000503,hotels,فندق باب طرابلس,PRIORITY_C,0,no_local_candidate,
LY-HOT-000504,hotels,فندق برج المدينة,PRIORITY_C,0,no_local_candidate,
LY-HOT-000505,hotels,فندق برج كورنثيا باب أفريقيا,PRIORITY_C,0,no_local_candidate,
LY-HOT-000506,hotels,فندق بلازما,PRIORITY_C,0,no_local_candidate,
LY-HOT-000507,hotels,فندق بلخير,PRIORITY_C,0,no_local_candidate,
LY-HOT-000508,hotels,فندق بلخير السياحي,PRIORITY_C,0,no_local_candidate,
LY-HOT-000509,hotels,فندق بيت الامان,PRIORITY_C,0,no_local_candidate,
LY-HOT-000510,hotels,فندق بيت الشرق,PRIORITY_C,0,no_local_candidate,
LY-HOT-000511,hotels,فندق بيت الضيافة,PRIORITY_C,0,no_local_candidate,
LY-HOT-000512,hotels,فندق بيروت,PRIORITY_C,0,no_local_candidate,
LY-HOT-000513,hotels,فندق تاج دبي,PRIORITY_C,0,no_local_candidate,
LY-HOT-000514,hotels,فندق توباكتس,PRIORITY_C,0,no_local_candidate,
LY-HOT-000515,hotels,فندق جاكرتا,PRIORITY_C,0,no_local_candidate,
LY-HOT-000516,hotels,فندق جي دبليو ماروت,PRIORITY_C,0,no_local_candidate,
LY-HOT-000517,hotels,فندق دار طرابلس,PRIORITY_C,0,no_local_candidate,
LY-HOT-000518,hotels,فندق ديكنة,PRIORITY_C,0,no_local_candidate,
LY-HOT-000519,hotels,فندق ذا ريسدنس,PRIORITY_C,0,no_local_candidate,
LY-HOT-000520,hotels,فندق رويال جاردنس,PRIORITY_C,0,no_local_candidate,
LY-HOT-000521,hotels,فندق ريزيدينس,PRIORITY_C,0,no_local_candidate,
LY-HOT-000522,hotels,فندق زميت الأثري,PRIORITY_C,0,no_local_candidate,
LY-HOT-000523,hotels,فندق زهرة الخليج,PRIORITY_C,0,no_local_candidate,
LY-HOT-000524,hotels,فندق سارة,PRIORITY_C,0,no_local_candidate,
LY-HOT-000525,hotels,فندق سبراتا,PRIORITY_C,0,no_local_candidate,
LY-HOT-000526,hotels,فندق سفارى,PRIORITY_C,0,no_local_candidate,
LY-HOT-000527,hotels,فندق سما و بلقيس,PRIORITY_C,0,no_local_candidate,
LY-HOT-000528,hotels,فندق سما وبلقيس,PRIORITY_C,0,no_local_candidate,
LY-HOT-000529,hotels,فندق صحراء ليبيا,PRIORITY_C,0,no_local_candidate,
LY-HOT-000530,hotels,فندق ضيافة ونيس,PRIORITY_C,0,no_local_candidate,
LY-HOT-000531,hotels,فندق طرابلس الدولى,PRIORITY_C,0,no_local_candidate,
LY-HOT-000532,hotels,فندق طليطلة,PRIORITY_C,0,no_local_candidate,
LY-HOT-000533,hotels,فندق طيبة,PRIORITY_C,0,no_local_candidate,
LY-HOT-000534,hotels,فندق عمير,PRIORITY_C,0,no_local_candidate,
LY-HOT-000535,hotels,فندق غصن الذهب,PRIORITY_C,0,no_local_candidate,
LY-HOT-000536,hotels,فندق فكتوريا,PRIORITY_C,0,no_local_candidate,
LY-HOT-000537,hotels,فندق الاندلس /فندق فوربوينتس شيرتون,PRIORITY_C,0,no_local_candidate,
LY-HOT-000538,hotels,فندق قرطاج,PRIORITY_C,0,no_local_candidate,
LY-HOT-000539,hotels,فندق قصر الظهرة,PRIORITY_C,0,no_local_candidate,
LY-HOT-000540,hotels,فندق قصر الياقوت,PRIORITY_C,0,no_local_candidate,
LY-HOT-000541,hotels,فندق قصر ليبيا,PRIORITY_C,0,no_local_candidate,
LY-HOT-000542,hotels,فندق قلعة صفيت,PRIORITY_C,0,no_local_candidate,
LY-HOT-000543,hotels,فندق هارون,PRIORITY_C,0,no_local_candidate,
LY-HOT-000544,hotels,فندق قورينا,PRIORITY_C,0,no_local_candidate,
LY-HOT-000545,hotels,فندق كريستال,PRIORITY_C,0,no_local_candidate,
LY-HOT-000546,hotels,فندق كليوباترا,PRIORITY_C,0,no_local_candidate,
LY-HOT-000547,hotels,فندق كيان,PRIORITY_C,0,no_local_candidate,
LY-HOT-000548,hotels,فندق كيفالاي,PRIORITY_C,0,no_local_candidate,
LY-HOT-000549,hotels,فندق كيلو بترا,PRIORITY_C,0,no_local_candidate,
LY-HOT-000550,hotels,فندق ليبوس,PRIORITY_C,0,no_local_candidate,
LY-HOT-000551,hotels,فندق ليبيا السياحي,PRIORITY_C,0,no_local_candidate,
LY-HOT-000552,hotels,فندق ماريقولد,PRIORITY_C,0,no_local_candidate,
LY-HOT-000553,hotels,فندق مجد الضيافة,PRIORITY_C,0,no_local_candidate,
LY-HOT-000554,hotels,فندق مرحبا,PRIORITY_C,0,no_local_candidate,
LY-HOT-000555,hotels,فندق ناريـز ( NARIZ HOTEL),PRIORITY_C,0,no_local_candidate,
LY-HOT-000556,hotels,فندق نزهة,PRIORITY_C,0,no_local_candidate,
LY-HOT-000557,hotels,فندق نيو ستي,PRIORITY_C,0,no_local_candidate,
LY-HOT-000558,hotels,فندق هايتي,PRIORITY_C,0,no_local_candidate,
LY-HOT-000559,hotels,قرية تاجوراء السياحية,PRIORITY_C,0,no_local_candidate,
LY-HOT-000560,hotels,قصر العائلة للشقق الفندقية الفرع الثاني,PRIORITY_C,0,no_local_candidate,
LY-HOT-000561,hotels,لبدة إفريقيا للشقق الفندقية,PRIORITY_C,0,no_local_candidate,
LY-HOT-000562,hotels,لمسة للشقق الفندقية,PRIORITY_C,0,no_local_candidate,
LY-HOT-000563,hotels,مساكن القدس للشقق الفندقية,PRIORITY_C,0,no_local_candidate,
LY-HOT-000564,hotels,مساكن القدس للشقق الفندقية,PRIORITY_C,0,no_local_candidate,
LY-HOT-000567,hotels,منازل الشط للشقق الفندقية,PRIORITY_C,0,no_local_candidate,
LY-HOT-000568,hotels,والي للشقق الفندقية,PRIORITY_C,0,no_local_candidate,
LY-HOT-000569,hotels,لانكاستر برج الحياة (ماريوت سابقا),PRIORITY_A,4,manual_visual_review,
LY-HOT-000571,hotels,فندق اليمامة,PRIORITY_C,0,no_local_candidate,
LY-HOT-000572,hotels,فندق الصفوة,PRIORITY_C,0,no_local_candidate,
LY-ACC-RES-ZUW-00001,resorts,قرية إدوس السياحية,PRIORITY_C,0,no_local_candidate,
LY-ACC-RES-TRI-00001,resorts,قرية مرمرة السياحية,PRIORITY_C,0,no_local_candidate,
LY-ACC-RES-ZUW-00002,resorts,قرية فيرونا السياحية,PRIORITY_C,0,no_local_candidate,
LY-ACC-RES-ZUW-00003,resorts,قرية البرتقالة,PRIORITY_C,0,no_local_candidate,
LY-ACC-RES-ZUW-00004,resorts,قرية شط النخيل زوارة,PRIORITY_C,0,no_local_candidate,
LY-ACC-RES-ZUW-00005,resorts,قرية أوليڤيا السياحية - زوارة,PRIORITY_C,0,no_local_candidate,
LY-ACC-RES-ZUW-00006,resorts,منتجع تايتانيك,PRIORITY_C,0,no_local_candidate,
LY-ACC-RES-ZUW-00007,resorts,إقامة تولين السياحية,PRIORITY_C,0,no_local_candidate,
LY-ACC-RES-ZUW-00008,resorts,VILLA HAYA,PRIORITY_C,0,no_local_candidate,
LY-ACC-RES-ZUW-00009,resorts,منتجع زين السياحي,PRIORITY_C,0,no_local_candidate,
LY-ACC-RES-ZUW-00010,resorts,قرية تيبودا السياحيه,PRIORITY_C,0,no_local_candidate,
LY-ACC-RES-ZUW-00011,resorts,منتجع سيتي بارك زوارة,PRIORITY_C,0,no_local_candidate,
LY-ACC-RES-SAB-00001,resorts,قرية جوهرة صبراتة السياحية,PRIORITY_C,0,no_local_candidate,
LY-ACC-RES-SAB-00002,resorts,قرية المغرب العربي صبراتة,PRIORITY_C,0,no_local_candidate,
LY-ACC-RES-SAB-00003,resorts,مركب تليل السياحي_صبراتة,PRIORITY_C,0,no_local_candidate,
LY-ACC-RES-NAT-00001,resorts,القرية السياحية جنزور,PRIORITY_C,0,no_local_candidate,
LY-ACC-RES-TRI-00002,resorts,قرية بالم سيتي/قرية النخيل السياحية طرابلس,PRIORITY_C,0,no_local_candidate,
LY-ACC-RES-TRI-00003,resorts,القرية السياحية الريقاتة,PRIORITY_C,0,no_local_candidate,
LY-ACC-RES-TRI-00004,resorts,مركب شيراتون - النقاط الأربعة,PRIORITY_C,0,no_local_candidate,
LY-ACC-RES-NAT-00002,resorts,القرية السياحية تاجوراء,PRIORITY_C,0,no_local_candidate,
LY-ACC-RES-NAT-00003,resorts,منتجع سمرلاند المائي,PRIORITY_C,0,no_local_candidate,
LY-ACC-RES-KHO-00001,resorts,مصيف قرية مارينا السياحية,PRIORITY_C,0,no_local_candidate,
LY-ACC-RES-KHO-00002,resorts,قرية قصر سيلين العائلية,PRIORITY_C,0,no_local_candidate,
LY-ACC-RES-KHO-00003,resorts,قرية حدائق غنيمة,PRIORITY_C,0,no_local_candidate,
LY-ACC-RES-KHO-00004,resorts,إستراحة شط غنيمة,PRIORITY_C,0,no_local_candidate,
LY-ACC-RES-TRI-00005,resorts,قرية المتوسط العائلية,PRIORITY_C,0,no_local_candidate,
LY-ACC-RES-KHO-00005,resorts,قرية قوس غنيمة السياحية,PRIORITY_C,0,no_local_candidate,
LY-ACC-RES-KHO-00006,resorts,قرية لؤلؤة غنيمة العائلية,PRIORITY_C,0,no_local_candidate,
LY-ACC-RES-KHO-00007,resorts,قرية شمس البحر,PRIORITY_C,0,no_local_candidate,
LY-ACC-RES-KHO-00008,resorts,قرية الشاطيء الذهبي,PRIORITY_C,0,no_local_candidate,
LY-ACC-RES-KHO-00009,resorts,منتجع سي شيلز,PRIORITY_C,0,no_local_candidate,
LY-ACC-RES-KHO-00010,resorts,منتجع حوض البحر Seapool Resort,PRIORITY_C,0,no_local_candidate,
LY-ACC-RES-KHO-00011,resorts,قرية الخمس السياحية,PRIORITY_C,0,no_local_candidate,
LY-ACC-RES-KHO-00012,resorts,قريه غنيمه العائليه,PRIORITY_C,0,no_local_candidate,
LY-ACC-RES-KHO-00013,resorts,قرية اكوا مارين السياحية,PRIORITY_C,0,no_local_candidate,
LY-ACC-RES-KHO-00014,resorts,قرية جنيف العائلية غنيمة,PRIORITY_C,0,no_local_candidate,
LY-ACC-RES-KHO-00015,resorts,منتجع شاطئ غنيمة,PRIORITY_C,0,no_local_candidate,
LY-ACC-RES-KHO-00016,resorts,شاليهات بن حمودة العائلي,PRIORITY_C,0,no_local_candidate,
LY-ACC-RES-NAT-00004,resorts,منتجع كريستال السياحي,PRIORITY_C,0,no_local_candidate,
LY-ACC-RES-NAT-00005,resorts,منتجع رويال السياحي,PRIORITY_C,0,no_local_candidate,
LY-ACC-RES-NAT-00006,resorts,القويعة,PRIORITY_C,0,no_local_candidate,
LY-ACC-RES-NAT-00007,resorts,منتجع فيلا دريم هاوس,PRIORITY_C,0,no_local_candidate,
LY-ACC-RES-NAT-00008,resorts,منتجع شط مريم,PRIORITY_C,0,no_local_candidate,
LY-ACC-RES-NAT-00009,resorts,استراحة الجود القويعه,PRIORITY_C,0,no_local_candidate,
LY-ACC-RES-NAT-00010,resorts,منتجع اتش تي السياحي,PRIORITY_C,0,no_local_candidate,
LY-ACC-RES-NAT-00011,resorts,منتجع اتش تي 3,PRIORITY_C,0,no_local_candidate,
LY-ACC-RES-NAT-00012,resorts,منتجع شاليهات للاجار,PRIORITY_C,0,no_local_candidate,
LY-ACC-RES-NAT-00013,resorts,قرية العطايا العائلية,PRIORITY_C,0,no_local_candidate,
LY-ACC-RES-NAT-00014,resorts,منتجع برستيج,PRIORITY_C,0,no_local_candidate,
LY-ACC-RES-NAT-00015,resorts,قرية القويعة السياحية,PRIORITY_C,0,no_local_candidate,
LY-ACC-RES-NAT-00016,resorts,شاليهات بن بية,PRIORITY_C,0,no_local_candidate,
LY-ACC-RES-NAT-00017,resorts,قرية ميار البحر العائليه,PRIORITY_C,0,no_local_candidate,
LY-ACC-RES-NAT-00018,resorts,قرية أغيث السياحية,PRIORITY_C,0,no_local_candidate,
LY-ACC-RES-NAT-00019,resorts,قرية الخلة السياحية العائلية,PRIORITY_C,0,no_local_candidate,
LY-ACC-RES-NAT-00020,resorts,مجمع جواهر لاند,PRIORITY_C,0,no_local_candidate,
LY-ACC-RES-NAT-00021,resorts,منتجع دار البحر,PRIORITY_C,0,no_local_candidate,
LY-ACC-RES-NAT-00022,resorts,منتجع وادي بالنور,PRIORITY_C,0,no_local_candidate,
LY-ACC-RES-NAT-00023,resorts,منتجع بيتش هاوس,PRIORITY_C,0,no_local_candidate,
LY-ACC-RES-NAT-00024,resorts,قرية قوس غنيمة السياحية,PRIORITY_C,0,no_local_candidate,
LY-ACC-RES-NAT-00025,resorts,منتجع ايليت السياحي,PRIORITY_C,0,no_local_candidate,
LY-ACC-RES-NAT-00026,resorts,قرية شمس البحر,PRIORITY_C,0,no_local_candidate,
LY-ACC-RES-KHO-00017,resorts,قرية لؤلؤة غنيمة العائلية,PRIORITY_C,0,no_local_candidate,
LY-ACC-RES-NAT-00027,resorts,شاليهات ركن النيروز,PRIORITY_C,0,no_local_candidate,
LY-ACC-RES-NAT-00028,resorts,قرية رأس الحمراء العائلية,PRIORITY_C,0,no_local_candidate,
LY-ACC-RES-KHO-00018,resorts,قرية شاطئ النخيل الذهبي,PRIORITY_C,0,no_local_candidate,
LY-ACC-RES-ZLI-00001,resorts,قرية أصيل السياحية,PRIORITY_C,0,no_local_candidate,
LY-ACC-RES-ZLI-00002,resorts,قرية الهُزم السياحية,PRIORITY_C,0,no_local_candidate,
LY-ACC-RES-MIS-00001,resorts,منتجع الأمان السياحي,PRIORITY_C,0,no_local_candidate,
LY-ACC-RES-MIS-00002,resorts,منتجع مصراتة,PRIORITY_C,0,no_local_candidate,
LY-ACC-RES-MIS-00003,resorts,منتجع فينيسيا/مصراتة,PRIORITY_C,0,no_local_candidate,
LY-ACC-RES-MIS-00004,resorts,قرية زريق السياحية,PRIORITY_C,0,no_local_candidate,
LY-ACC-RES-NAT-00029,resorts,حي قصور الضيافة_سرت,PRIORITY_C,0,no_local_candidate,
LY-ACC-RES-BEN-00001,resorts,شاليهات ريماس,PRIORITY_C,0,no_local_candidate,
LY-ACC-RES-BEN-00002,resorts,قرية شاطيء النخيل,PRIORITY_C,0,no_local_candidate,
LY-ACC-RES-BEN-00003,resorts,منتجع مارينا بنغازي السياحي,PRIORITY_C,0,no_local_candidate,
LY-ACC-RES-BEN-00004,resorts,منتجع الصفوة السياحي,PRIORITY_C,0,no_local_candidate,
LY-ACC-RES-BEN-00005,resorts,منتجع ماربيلا السياحي,PRIORITY_C,0,no_local_candidate,
LY-ACC-RES-BEN-00006,resorts,مجمع الاصالة السياحي,PRIORITY_C,0,no_local_candidate,
LY-ACC-RES-BEN-00007,resorts,قرية الفاضل,PRIORITY_C,0,no_local_candidate,
LY-ACC-RES-BEN-00008,resorts,منتجع الأسيل,PRIORITY_C,0,no_local_candidate,
LY-ACC-RES-BEN-00009,resorts,منتجع الماسة السياحي,PRIORITY_C,0,no_local_candidate,
LY-ACC-RES-BEN-00010,resorts,منتجع قاريونس العائلي,PRIORITY_C,0,no_local_candidate,
LY-ACC-RES-BEN-00011,resorts,منتجع النخلة الذهبية,PRIORITY_C,0,no_local_candidate,
LY-ACC-RES-BEN-00012,resorts,منتجع فايا لارجو,PRIORITY_C,0,no_local_candidate,
LY-ACC-RES-BEN-00013,resorts,قرية قمرت السياحية,PRIORITY_C,0,no_local_candidate,
LY-ACC-RES-NAT-00030,resorts,منتجع التلال الحمامة,PRIORITY_C,0,no_local_candidate,
LY-ACC-RES-NAT-00031,resorts,منتجع الجراري السياحي - للعائلات,PRIORITY_C,0,no_local_candidate,
LY-ACC-RES-NAT-00032,resorts,منتجع ومصيف الحمامة,PRIORITY_C,0,no_local_candidate,
LY-ACC-RES-NAT-00033,resorts,قرية إيلاف السياحية,PRIORITY_C,0,no_local_candidate,
LY-ACC-RES-BAY-00001,resorts,شاليهات الحدائق الملكية,PRIORITY_C,0,no_local_candidate,
LY-ACC-RES-BAY-00002,resorts,منتجع وادي الكوف,PRIORITY_C,0,no_local_candidate,
LY-ACC-RES-NAT-00034,resorts,منتجع إيلاند السياحي,PRIORITY_C,0,no_local_candidate,
LY-ACC-RES-NAT-00035,resorts,منتجع كنزي السياحي,PRIORITY_C,0,no_local_candidate,
LY-ACC-RES-NAT-00036,resorts,منتجع سوسه,PRIORITY_C,0,no_local_candidate,
LY-ACC-RES-NAT-00037,resorts,مصيف القريه/رأس الهلال,PRIORITY_C,0,no_local_candidate,
LY-ACC-RES-NAT-00038,resorts,منتجع الينابيع السياحي,PRIORITY_C,0,no_local_candidate,
LY-ACC-RES-NAT-00039,resorts,منتجع الاثرون السياحي,PRIORITY_C,0,no_local_candidate,
LY-ACC-RES-DER-00001,resorts,منتجع إيميليا السياحي,PRIORITY_C,0,no_local_candidate,
LY-ACC-RES-DER-00002,resorts,مصيف 1805,PRIORITY_C,0,no_local_candidate,
LY-ACC-RES-NAT-00040,resorts,منتجع الابرق السياحي,PRIORITY_C,0,no_local_candidate,
LY-ACC-RES-SHA-00001,resorts,منتج شحات السياحي,PRIORITY_C,0,no_local_candidate,
LY-ACC-RES-SHA-00002,resorts,منتجع وموتيل الأمان 1,PRIORITY_C,0,no_local_candidate,
LY-ACC-RES-SHA-00003,resorts,منتجع وموتيل الأمان 3,PRIORITY_C,0,no_local_candidate,
LY-ACC-RES-SHA-00004,resorts,شاليهات بوعطية,PRIORITY_C,0,no_local_candidate,
LY-ACC-RES-SHA-00005,resorts,منتجع جود السياحي,PRIORITY_C,0,no_local_candidate,
LY-ACC-RES-KHO-00019,resorts,إستراحات فردية درجة أولى,PRIORITY_C,0,no_local_candidate,
LY-ACC-RES-SHA-00006,resorts,إستراحات فردية,PRIORITY_C,0,no_local_candidate,
LY-ACC-RES-SHA-00007,resorts,منتجع الاسرة السعيدة,PRIORITY_C,0,no_local_candidate,
LY-ACC-RES-SHA-00008,resorts,شاليهات بومؤمن,PRIORITY_C,0,no_local_candidate,
LY-ACC-RES-SHA-00009,resorts,منتجع سيف للسياحه ولاستثمار,PRIORITY_C,0,no_local_candidate,
LY-ACC-RES-TOB-00001,resorts,منتجع وفندق ريفان السياحي,PRIORITY_C,0,no_local_candidate,
LY-ACC-RES-ZUW-00012,resorts,قرية سبتيموس السياحية - زوارة,PRIORITY_C,0,no_local_candidate,
LY-ACC-RES-ZUW-00013,resorts,قرية سيمو السياحية - زوارة,PRIORITY_C,0,no_local_candidate,
LY-ACC-RES-ZLI-00003,resorts,منتجع الهادريان زليتن,PRIORITY_C,0,no_local_candidate,
LY-ACC-RES-NAT-00041,resorts,منتجع سفارى السياحى,PRIORITY_C,0,no_local_candidate,
LY-ACC-RES-ZUW-00014,resorts,قرية اوديسا السياحية,PRIORITY_C,0,no_local_candidate,
LY-ACC-RES-ZUW-00015,resorts,Azul house استراحة ازول,PRIORITY_C,0,no_local_candidate,
LY-ACC-RES-ZUW-00016,resorts,DiVano Resort,PRIORITY_C,0,no_local_candidate,
LY-ACC-RES-ZUW-00017,resorts,منتجع لاجون Lagoon Resort,PRIORITY_C,0,no_local_candidate,
LY-ACC-RES-ZUW-00018,resorts,Barracuda Village - منتجع باراكودا,PRIORITY_C,0,no_local_candidate,
LY-ACC-RES-NAT-00042,resorts,Oea Village - Diar Al Bahr,PRIORITY_C,0,no_local_candidate,
LY-ACC-RES-NAT-00043,resorts,قرية قوس غنيمة السياحية,PRIORITY_C,0,no_local_candidate,
LY-ACC-RES-NAT-00044,resorts,La Vida Resort & Beach Club,PRIORITY_C,0,no_local_candidate,
LY-ACC-RES-NAT-00045,resorts,استراحة اونان,PRIORITY_C,0,no_local_candidate,
LY-ACC-RES-NAT-00046,resorts,Resort Zuwara,PRIORITY_C,0,no_local_candidate,
LY-ACC-RES-NAT-00047,resorts,Beach House,PRIORITY_C,0,no_local_candidate,
LY-ACC-RES-ZUW-00019,resorts,استراحة سيليا زوارة,PRIORITY_C,0,no_local_candidate,
LY-ACC-RES-NAT-00048,resorts,استراحة نبض الحياة,PRIORITY_C,0,no_local_candidate,
LY-ACC-RES-NAT-00049,resorts,Villa Helena,PRIORITY_C,0,no_local_candidate,
LY-ACC-RES-NAT-00050,resorts,Crystal House إستراحة كريستال,PRIORITY_C,0,no_local_candidate,
LY-ACC-RES-NAT-00051,resorts,استرحات انيار المميزة,PRIORITY_C,0,no_local_candidate,
LY-ACC-RES-NAT-00052,resorts,اقامة لونا,PRIORITY_C,0,no_local_candidate,
LY-ACC-RES-NAT-00053,resorts,استراحة LAREN,PRIORITY_C,0,no_local_candidate,
LY-ACC-RES-ZUW-00020,resorts,منتجع بالي زوارة/Bali village,PRIORITY_C,0,no_local_candidate,
LY-ACC-RES-NAT-00054,resorts,Sea room,PRIORITY_C,0,no_local_candidate,
LY-ACC-RES-NAT-00055,resorts,Guest house,PRIORITY_C,0,no_local_candidate,
LY-ACC-RES-NAT-00056,resorts,منتجع الملّاحة,PRIORITY_C,0,no_local_candidate,
LY-ACC-RES-ZUW-00021,resorts,مصيف أبناء الغالي العائلي-زوارة,PRIORITY_C,0,no_local_candidate,
LY-ACC-RES-NAT-00057,resorts,استراحة فايق بكه,PRIORITY_C,0,no_local_candidate,
LY-ACC-RES-ZUW-00022,resorts,قصر الضيافة زوارة,PRIORITY_C,0,no_local_candidate,
LY-ACC-RES-NAT-00058,resorts,استراحة الشاطئ,PRIORITY_C,0,no_local_candidate,
LY-ACC-RES-NAT-00059,resorts,استراحة دار الضيافة,PRIORITY_C,0,no_local_candidate,
LY-ACC-RES-ZUW-00023,resorts,استراحة فيرونا زوارة,PRIORITY_C,0,no_local_candidate,
LY-ACC-RES-NAT-00060,resorts,استراحة نوفل,PRIORITY_C,0,no_local_candidate,
LY-ACC-RES-ZUW-00024,resorts,شاطئ بحر زوارة,PRIORITY_C,0,no_local_candidate,
LY-ACC-RES-NAT-00061,resorts,المصيف المفتوح تليل,PRIORITY_C,0,no_local_candidate,
LY-ACC-RES-NAT-00062,resorts,مصيف مارينا تليل العائلي,PRIORITY_C,0,no_local_candidate,
LY-ACC-RES-NAT-00063,resorts,Lancaster Al Salam Resort - منتجع لانكستر السلام,PRIORITY_C,0,no_local_candidate,
LY-ACC-RES-SAB-00004,resorts,مصيف اللوتس العائلي صبراتة,PRIORITY_C,0,no_local_candidate,
LY-ACC-RES-NAT-00064,resorts,شاطئ تليل السياحي,PRIORITY_C,0,no_local_candidate,
LY-ACC-RES-NAT-00065,resorts,مصيف اللؤلؤة تليل,PRIORITY_C,0,no_local_candidate,
LY-ACC-RES-SAB-00005,resorts,مصيف النادي البحري العائلي صبراتة,PRIORITY_C,0,no_local_candidate,
LY-ACC-RES-NAT-00066,resorts,استراحات الفخامة صبراته,PRIORITY_C,0,no_local_candidate,
LY-ACC-RES-NAT-00067,resorts,إستراحة الجوهرة - تليل,PRIORITY_C,0,no_local_candidate,
LY-ACC-RES-NAT-00068,resorts,استراحة رويال,PRIORITY_C,0,no_local_candidate,
LY-ACC-RES-NAT-00069,resorts,استراحة تليل,PRIORITY_C,0,no_local_candidate,
LY-ACC-RES-NAT-00070,resorts,استراحة روندا,PRIORITY_C,0,no_local_candidate,
LY-ACC-RES-BAY-00003,resorts,استراحة البيضاء,PRIORITY_C,0,no_local_candidate,
LY-ACC-RES-NAT-00071,resorts,إستراحة المنتزه تليل,PRIORITY_C,0,no_local_candidate,
LY-ACC-RES-SAB-00006,resorts,استراحة القمر المضيء صبراتة تليل,PRIORITY_C,0,no_local_candidate,
LY-ACC-RES-NAT-00072,resorts,استراحه مرجان,PRIORITY_C,0,no_local_candidate,
LY-ACC-RES-NAT-00073,resorts,استراحة ليالي تليل,PRIORITY_C,0,no_local_candidate,
LY-ACC-RES-NAT-00074,resorts,استراحة ادم,PRIORITY_C,0,no_local_candidate,
LY-ACC-RES-NAT-00075,resorts,إستراحة أبان,PRIORITY_C,0,no_local_candidate,
LY-ACC-RES-NAT-00076,resorts,منتجع الفنار السياحي,PRIORITY_C,0,no_local_candidate,
LY-ACC-RES-NAT-00077,resorts,مجموعة استراحات الجرف,PRIORITY_C,0,no_local_candidate,
LY-ACC-RES-NAT-00078,resorts,إستراحة بيت الفخامه,PRIORITY_C,0,no_local_candidate,
LY-ACC-RES-NAT-00079,resorts,استراحة قورينا,PRIORITY_C,0,no_local_candidate,
LY-ACC-RES-NAT-00080,resorts,استراحة اتار صبراته,PRIORITY_C,0,no_local_candidate,
LY-ACC-RES-NAT-00081,resorts,استراحة ميار,PRIORITY_C,0,no_local_candidate,
LY-ACC-RES-NAT-00082,resorts,استراحه فينيسيا صبراته,PRIORITY_C,0,no_local_candidate,
LY-ACC-RES-NAT-00083,resorts,استراحة الزيتونة,PRIORITY_C,0,no_local_candidate,
LY-ACC-RES-SAB-00007,resorts,Sabratha youth hostel _بيت شباب صبراتة,PRIORITY_C,0,no_local_candidate,
LY-ACC-RES-NAT-00084,resorts,استراحة ومصيف باب البحر,PRIORITY_C,0,no_local_candidate,
LY-ACC-RES-NAT-00085,resorts,مقسم استراحات بن سالم,PRIORITY_C,0,no_local_candidate,
LY-ACC-RES-NAT-00086,resorts,إستراحة سوفانا,PRIORITY_C,0,no_local_candidate,
LY-ACC-RES-NAT-00087,resorts,استراحة لازورد صبراته,PRIORITY_C,0,no_local_candidate,
LY-ACC-RES-NAT-00088,resorts,استراحة مرجانة (الحرابي),PRIORITY_C,0,no_local_candidate,
LY-ACC-RES-NAT-00089,resorts,مصيف ليبيا العائلي,PRIORITY_C,0,no_local_candidate,
LY-ACC-RES-NAT-00090,resorts,مصيف صرمان العائلي,PRIORITY_C,0,no_local_candidate,
LY-ACC-RES-NAT-00091,resorts,استراحة مرمرة جوددائم,PRIORITY_C,0,no_local_candidate,
LY-ACC-RES-NAT-00092,resorts,استراحة البحر الابيض. JUDDIAM,PRIORITY_C,0,no_local_candidate,
LY-ACC-RES-NAT-00093,resorts,مشروع برج النصر الفندقي/ شركة الذابلة للاستثمار,PRIORITY_C,0,no_local_candidate,
LY-ACC-RES-NAT-00094,resorts,مشروع لؤلؤة المدينة قرية النفط,PRIORITY_C,0,no_local_candidate,
LY-ACC-RES-NAT-00095,resorts,مصيف شاطئ الرمال,PRIORITY_C,0,no_local_candidate,
LY-ACC-RES-NAT-00096,resorts,مصيف نسيم البحر العائلى,PRIORITY_C,0,no_local_candidate,
LY-ACC-RES-NAT-00097,resorts,مصيف جنى العائلي,PRIORITY_C,0,no_local_candidate,
LY-ACC-RES-NAT-00098,resorts,مصيف وقرية بيلسان العائلي,PRIORITY_C,0,no_local_candidate,
LY-ACC-RES-NAT-00099,resorts,مصيف جسر الطاقة العائلي,PRIORITY_C,0,no_local_candidate,
LY-ACC-RES-NAT-00100,resorts,مصيف القلعة العائلي 32,PRIORITY_C,0,no_local_candidate,
LY-ACC-RES-NAT-00101,resorts,مصيف اﻻمان والمرح العائلي,PRIORITY_C,0,no_local_candidate,
LY-ACC-RES-NAT-00102,resorts,مصيف جيران البحر العائلي,PRIORITY_C,0,no_local_candidate,
LY-ACC-RES-NAT-00103,resorts,ڤيلا لاڤيستا,PRIORITY_C,0,no_local_candidate,
LY-ACC-RES-NAT-00104,resorts,Private house برايفت هاوس,PRIORITY_C,0,no_local_candidate,
LY-ACC-RES-NAT-00105,resorts,ROYAL DYAR Resort Hotel,PRIORITY_C,0,no_local_candidate,
LY-ACC-RES-NAT-00106,resorts,Cyrine Resort,PRIORITY_C,0,no_local_candidate,
LY-ACC-RES-NAT-00107,resorts,استراحة القويعة,PRIORITY_C,0,no_local_candidate,
LY-ACC-RES-NAT-00108,resorts,Alameer Villa ڤيلا الأمير,PRIORITY_C,0,no_local_candidate,
LY-ACC-RES-NAT-00109,resorts,Villa mfm,PRIORITY_C,0,no_local_candidate,
LY-ACC-RES-NAT-00110,resorts,W استراحة,PRIORITY_C,0,no_local_candidate,
LY-ACC-RES-NAT-00111,resorts,استراحة السلام,PRIORITY_C,0,no_local_candidate,
LY-ACC-RES-NAT-00112,resorts,استراحات ابناء يوسف منيصير,PRIORITY_C,0,no_local_candidate,
LY-ACC-RES-NAT-00113,resorts,استراحات شاطئ غوط الرمان,PRIORITY_C,0,no_local_candidate,
LY-ACC-RES-NAT-00114,resorts,A.G.S villa,PRIORITY_C,0,no_local_candidate,
LY-ACC-RES-NAT-00115,resorts,استراحة فاميلي رست,PRIORITY_C,0,no_local_candidate,
LY-ACC-RES-NAT-00116,resorts,استراحة بن طابون,PRIORITY_C,0,no_local_candidate,
LY-ACC-RES-NAT-00117,resorts,إستراحة ليان للإيجار اليومي,PRIORITY_C,0,no_local_candidate,
LY-ACC-RES-NAT-00118,resorts,Villa SIMO,PRIORITY_C,0,no_local_candidate,
LY-ACC-RES-NAT-00119,resorts,إستراحة ليان للإيجار اليومي,PRIORITY_C,0,no_local_candidate,
LY-ACC-RES-NAT-00120,resorts,استراحة هلا مدريد القره بوللي,PRIORITY_C,0,no_local_candidate,
LY-ACC-RES-NAT-00121,resorts,ليڤينت/Levent Family Resort,PRIORITY_C,0,no_local_candidate,
LY-ACC-RES-NAT-00122,resorts,منتجع الماسة السياحي,PRIORITY_C,0,no_local_candidate,
LY-ACC-RES-NAT-00123,resorts,Compound Rawasi,PRIORITY_C,0,no_local_candidate,
LY-ACC-RES-NAT-00124,resorts,استراحة فايف قولد ستار,PRIORITY_C,0,no_local_candidate,
LY-ACC-RES-NAT-00125,resorts,استراحة زهرة القويعة,PRIORITY_C,0,no_local_candidate,
LY-ACC-RES-NAT-00126,resorts,The Twins استراحات التوأم,PRIORITY_C,0,no_local_candidate,
LY-ACC-RES-NAT-00127,resorts,منتجع إيليت,PRIORITY_C,0,no_local_candidate,
LY-ACC-RES-NAT-00128,resorts,شاليه شمس البحر القره بوللي,PRIORITY_C,0,no_local_candidate,
LY-ACC-RES-NAT-00129,resorts,شاليه النورس,PRIORITY_C,0,no_local_candidate,
LY-ACC-RES-NAT-00130,resorts,استراحة ديلان,PRIORITY_C,0,no_local_candidate,
LY-ACC-RES-NAT-00131,resorts,Crown Beach Resort,PRIORITY_C,0,no_local_candidate,
LY-ACC-RES-NAT-00132,resorts,Salem Elgamoudi Beach House,PRIORITY_C,0,no_local_candidate,
LY-ACC-RES-NAT-00133,resorts,Bali s BEACH HOUSE,PRIORITY_C,0,no_local_candidate,
LY-ACC-RES-NAT-00134,resorts,Alhady Elmelliti Beach House,PRIORITY_C,0,no_local_candidate,
LY-ACC-RES-NAT-00135,resorts,Golden beach village,PRIORITY_C,0,no_local_candidate,
LY-ACC-RES-NAT-00136,resorts,شاطي القره بوللي منطقة القويعة السياحية,PRIORITY_C,0,no_local_candidate,
LY-ACC-RES-NAT-00137,resorts,منتجع كريستال السياحي 1,PRIORITY_C,0,no_local_candidate,
LY-ACC-RES-NAT-00138,resorts,استراحة لابلازا -LA PLAZA,PRIORITY_C,0,no_local_candidate,
LY-ACC-RES-NAT-00139,resorts,إستراحة القويعة العائلية,PRIORITY_C,0,no_local_candidate,
LY-ACC-RES-NAT-00140,resorts,استراحة كازا دولتشي,PRIORITY_C,0,no_local_candidate,
LY-ACC-RES-NAT-00141,resorts,استراحات الدلفين الفاخرة 1 و 2 و 3 و4,PRIORITY_C,0,no_local_candidate,
LY-ACC-RES-NAT-00142,resorts,استراحة ارام للاستجمام العائلي,PRIORITY_C,0,no_local_candidate,
LY-ACC-RES-NAT-00143,resorts,Villa Lugano ڤيلا لوچانو,PRIORITY_C,0,no_local_candidate,
LY-ACC-RES-NAT-00144,resorts,حلا البحر للعائلات,PRIORITY_C,0,no_local_candidate,
LY-ACC-RES-NAT-00145,resorts,Villa Mia فيلا ميا,PRIORITY_C,0,no_local_candidate,
LY-ACC-RES-NAT-00146,resorts,لمة العيلة,PRIORITY_C,0,no_local_candidate,
LY-ACC-RES-NAT-00147,resorts,استراحة نسائم البحر,PRIORITY_C,0,no_local_candidate,
LY-ACC-RES-NAT-00148,resorts,Villa golden star,PRIORITY_C,0,no_local_candidate,
LY-ACC-RES-NAT-00149,resorts,فيلا الصاري العائلية,PRIORITY_C,0,no_local_candidate,
LY-ACC-RES-NAT-00150,resorts,بيت الصبار,PRIORITY_C,0,no_local_candidate,
LY-ACC-RES-NAT-00151,resorts,فيلا الشاهين,PRIORITY_C,0,no_local_candidate,
LY-ACC-RES-NAT-00152,resorts,Hesham Al Askari Marine Rest House,PRIORITY_C,0,no_local_candidate,
LY-ACC-RES-NAT-00153,resorts,La Coral,PRIORITY_C,0,no_local_candidate,
LY-ACC-RES-NAT-00154,resorts,استراحة شمس للعائلات,PRIORITY_C,0,no_local_candidate,
LY-ACC-RES-NAT-00155,resorts,فيلا ملكة A,PRIORITY_C,0,no_local_candidate,
LY-ACC-RES-NAT-00156,resorts,فيلا غسق,PRIORITY_C,0,no_local_candidate,
LY-ACC-RES-NAT-00157,resorts,فيلا روعة,PRIORITY_C,0,no_local_candidate,
LY-ACC-RES-NAT-00158,resorts,شاليه قطر الندى,PRIORITY_C,0,no_local_candidate,
LY-ACC-RES-NAT-00159,resorts,النوران العائلية,PRIORITY_C,0,no_local_candidate,
LY-ACC-RES-NAT-00160,resorts,شاليه الدلفين,PRIORITY_C,0,no_local_candidate,
LY-ACC-RES-NAT-00161,resorts,شاليه همام,PRIORITY_C,0,no_local_candidate,
LY-ACC-RES-NAT-00162,resorts,Villa Mare ڤيلا ماري,PRIORITY_C,0,no_local_candidate,
LY-ACC-RES-NAT-00163,resorts,فيلا كراون Villa Crown,PRIORITY_C,0,no_local_candidate,
LY-ACC-RES-NAT-00164,resorts,فيلا سانتوريني,PRIORITY_C,0,no_local_candidate,
LY-ACC-RES-NAT-00165,resorts,شاليه ماسة,PRIORITY_C,0,no_local_candidate,
LY-ACC-RES-NAT-00166,resorts,استراحة مارية العائلية,PRIORITY_C,0,no_local_candidate,
LY-ACC-RES-NAT-00167,resorts,استراحة اللؤلؤة,PRIORITY_C,0,no_local_candidate,
LY-ACC-RES-NAT-00168,resorts,استراحة روح البحر,PRIORITY_C,0,no_local_candidate,
LY-ACC-RES-NAT-00169,resorts,Ataya Resort,PRIORITY_C,0,no_local_candidate,
LY-ACC-RES-NAT-00170,resorts,مقسم شاطئ النرجس السياحي,PRIORITY_C,0,no_local_candidate,
LY-ACC-RES-NAT-00171,resorts,استراحة فرحات لاند,PRIORITY_C,0,no_local_candidate,
LY-ACC-RES-NAT-00172,resorts,مصيف الامان فم الوادي العائلي,PRIORITY_C,0,no_local_candidate,
