layer,source_kml,index,kind,status,original_ref,local_path,error
akakus,akakus.kml,1,img_src,failed,https://lh3.googleusercontent.com/umsh/AN6v0v6Hvx92feI1WwTbHsWpQZHSn4rbFIeqs2E6FukYvK1Hm8yb9cA3nM5to_5aoaxOjjw0fhqhaoUbIIeWFBcFPJn5NynPzHIu35A13QHn9NT4pg0q0ly2o7q86Ag8-gEULgYDqjxHgAHXh4kssJIevNK6eASaDrWW3RRedKYTsp0pP_ZyLx3OuUQvGJLb5nQ75WwDv6TWqFUw1POIr7CSK7LDH6I79h5xlfMF163yakGgoYV6vX2bu57LpD-nlJYFaTi-CjzU2C5XWhKh9poIDGiiZbKcgU70urMCrJmmbeqYxWD8iKNgJONHoRB0fB2ti4E2IHyKOZ1alBjyBPTjC4IL98LUpqWVo4OXd08csu6SWEGSkAUL1a7NcOYe0NBya3zcmj49aPbMCTvIS3Z6n8fAsImEjSgreHk0qj3TmHONQZzYs9uaNkpsv1xO9utwEc991JKNkaBRymb46im-v_518xuCsA4G2EKcQjvzML_SPZA0Np6j9-blSwI-iVkO6LBdBz3ZoBfSyfaNagiSpMJJNkWUMjCNC3GHS057NltQcBpPN4Ux-WjxGtXG--3wtg6FuzuUckqICLdNd61IxhT7tvFI7MV1YBnpQLku6reW4P0EUawZzsNDmAw4Es7qODShA1D-u4mozQ,,HTTPError: 403 Client Error: Forbidden for url: https://lh3.googleusercontent.com/umsh/AN6v0v6Hvx92feI1WwTbHsWpQZHSn4rbFIeqs2E6FukYvK1Hm8yb9cA3nM5to_5aoaxOjjw0fhqhaoUbIIeWFBcFPJn5NynPzHIu35A13QHn9NT4pg0q0ly2o7q86Ag8-gEULgYDqjxHgAHXh4kssJIevNK6eASaDrWW3RRedKYTsp0pP_ZyLx3OuUQvGJLb5nQ75WwDv6TWqFUw1POIr7CSK7LDH6I79h5xlfMF163yakGgoYV6vX2bu57LpD-nlJYFaTi-CjzU2C5XWhKh9poIDGiiZbKcgU70urMCrJmmbeqYxWD8iKNgJONHoRB0fB2ti4E2IHyKOZ1alBjyBPTjC4IL98LUpqWVo4OXd08csu6SWEGSkAUL1a7NcOYe0NBya3zcmj49aPbMCTvIS3Z6n8fAsImEjSgreHk0qj3TmHONQZzYs9uaNkpsv1xO9utwEc991JKNkaBRymb46im-v_518xuCsA4G2EKcQjvzML_SPZA0Np6j9-blSwI-iVkO6LBdBz3ZoBfSyfaNagiSpMJJNkWUMjCNC3GHS057NltQcBpPN4Ux-WjxGtXG--3wtg6FuzuUckqICLdNd61IxhT7tvFI7MV1YBnpQLku6reW4P0EUawZzsNDmAw4Es7qODShA1D-u4mozQ
akakus,akakus.kml,2,img_src,failed,https://lh3.googleusercontent.com/umsh/AN6v0v6ZBVU8z9Cse-8obC9RNN3Vfw8fd2aWpkG_YA7NYCWgzm3jil5elWZfxA6SpGdBGazapVQes5YBTzSsgDe_P3Lah1Gox6qdHKJJeQeeRtTtEAIF8qp-cSls9ZsUljJgNwfzSexis5oiec7ihl0_IFYvfO_HB-uRj9fEuMo4S8Ipwlf-LwgpY2yLzeD8JoSGElJc4CaBmPAohslmzRD0T9LLErBLvABs7-xTIVSkjdsiycPx-JBohfQMH5zL8z7QP8Hd8bTJ6z6MvIdntHGwDtQFWNEWYqvGEIiqxOM4xIeE0QFZ1DfTi4vEJKxK0FDIcmQEV0UvF-liCv5bivG5tGvTMwkI_xbBiQouyecDG4X3GpXOYOldhM1Fs-0kFmqvMSa8_QaI0x5IgHmkBjDu7BfG_h9ZSem7jV6rx3gF2a4_KfYCtQh5Pb36QLU7RW3hvCJGSZWpxwK276QK456zkPic7DWyhnZPsbWSnZsoC-QuAIW4NgVnSjGYy9y9arRHRVcmD_rTpKdDj1rg3T2EbFG9HPKKbaiwhU_CUR0LM9U-DTUrbf9xoZwLtBWbp1-Ui3HFJxb_BO7mg5uca0JML2IVng2opP1i1CwV-Z2GdBKese0kw-gVW6xh1RVGlt7ioS7my8HLGiUiEg,,HTTPError: 403 Client Error: Forbidden for url: https://lh3.googleusercontent.com/umsh/AN6v0v6ZBVU8z9Cse-8obC9RNN3Vfw8fd2aWpkG_YA7NYCWgzm3jil5elWZfxA6SpGdBGazapVQes5YBTzSsgDe_P3Lah1Gox6qdHKJJeQeeRtTtEAIF8qp-cSls9ZsUljJgNwfzSexis5oiec7ihl0_IFYvfO_HB-uRj9fEuMo4S8Ipwlf-LwgpY2yLzeD8JoSGElJc4CaBmPAohslmzRD0T9LLErBLvABs7-xTIVSkjdsiycPx-JBohfQMH5zL8z7QP8Hd8bTJ6z6MvIdntHGwDtQFWNEWYqvGEIiqxOM4xIeE0QFZ1DfTi4vEJKxK0FDIcmQEV0UvF-liCv5bivG5tGvTMwkI_xbBiQouyecDG4X3GpXOYOldhM1Fs-0kFmqvMSa8_QaI0x5IgHmkBjDu7BfG_h9ZSem7jV6rx3gF2a4_KfYCtQh5Pb36QLU7RW3hvCJGSZWpxwK276QK456zkPic7DWyhnZPsbWSnZsoC-QuAIW4NgVnSjGYy9y9arRHRVcmD_rTpKdDj1rg3T2EbFG9HPKKbaiwhU_CUR0LM9U-DTUrbf9xoZwLtBWbp1-Ui3HFJxb_BO7mg5uca0JML2IVng2opP1i1CwV-Z2GdBKese0kw-gVW6xh1RVGlt7ioS7my8HLGiUiEg
akakus,akakus.kml,3,img_src,failed,https://lh3.googleusercontent.com/umsh/AN6v0v7yfYdvvGu3_BNpcJZSYg3xemrpY7Z-MEd9HA7Ia3oDTzq8fxjyZjvqMEPiAQptspL36fPBUwx2--aaMr96Dz8-1uJ0KHHm4Abe0OJpwPA7kOwHpO4NAKFtsE8xss_DmUpIAX9YKtc_hZFTgj4UeFAKqnjVCMHX4ReFdjOR51MHIlGO97gfC7zNvhWhP96Jpeq-zWdprqLUhAg2_FggI6_wuPz5yUfE9BE4vSYw8tp7Ymqd5v2_l-1fWviTYfiuyAK3X-8nlxRyyM24aTUB7B-x5F2mBLDN3Nwskq8L11LrpkTUDCaAqats6ZC9Dpcp5bDFUkNMZK2V7I7cV_7AcvP-GZdkAuhpkj9B6aKWRnA8UFyoPd4Tnrj4EsMsfhsjNQ0wSdFTSsvuySU9WqSjYosb0EWQQ0QuaQLH2v8-C8p8IVytdvaHWSAtI5Nt3vwkWRgvnh-LXM5Z4zNwiG9inBZpzWLDz5FAutg47eVXdgvlDyllVdmez-6OcJdzVz9LN1sN8v90YjUaIHfN3LoGcEcGmInw_B5_GPFuaJXd1OWF6WaRhK8PH-WTVdTgoqhlZS6lLNjsLbFtQKBo3rCR6_Diva7aFOd7iYEcNobhSG_0no-StquMJHk3HYUfoqFsvU5ejfSJVkkRVA,,HTTPError: 403 Client Error: Forbidden for url: https://lh3.googleusercontent.com/umsh/AN6v0v7yfYdvvGu3_BNpcJZSYg3xemrpY7Z-MEd9HA7Ia3oDTzq8fxjyZjvqMEPiAQptspL36fPBUwx2--aaMr96Dz8-1uJ0KHHm4Abe0OJpwPA7kOwHpO4NAKFtsE8xss_DmUpIAX9YKtc_hZFTgj4UeFAKqnjVCMHX4ReFdjOR51MHIlGO97gfC7zNvhWhP96Jpeq-zWdprqLUhAg2_FggI6_wuPz5yUfE9BE4vSYw8tp7Ymqd5v2_l-1fWviTYfiuyAK3X-8nlxRyyM24aTUB7B-x5F2mBLDN3Nwskq8L11LrpkTUDCaAqats6ZC9Dpcp5bDFUkNMZK2V7I7cV_7AcvP-GZdkAuhpkj9B6aKWRnA8UFyoPd4Tnrj4EsMsfhsjNQ0wSdFTSsvuySU9WqSjYosb0EWQQ0QuaQLH2v8-C8p8IVytdvaHWSAtI5Nt3vwkWRgvnh-LXM5Z4zNwiG9inBZpzWLDz5FAutg47eVXdgvlDyllVdmez-6OcJdzVz9LN1sN8v90YjUaIHfN3LoGcEcGmInw_B5_GPFuaJXd1OWF6WaRhK8PH-WTVdTgoqhlZS6lLNjsLbFtQKBo3rCR6_Diva7aFOd7iYEcNobhSG_0no-StquMJHk3HYUfoqFsvU5ejfSJVkkRVA
akakus,akakus.kml,4,img_src,failed,https://lh3.googleusercontent.com/umsh/AN6v0v5S6V-_R6MFl_hdQt5t6opS8jODkhdLw4xPxE8fRAWOzqI3o-DC79d9Sv3wQDAwmYLakU9hIMXRlhCmw4B7K0FGFSfh4eOY4x1lgb7Z0-Pq2w09-NrbOeVR4_2y_YXH2HDpD-rf6TArSqGKOntv6HybcDoUtlPYAxsFzH2Wp8B2nkOHI5ZJ1uAVxy6a_HGZ9swFEmIvZ5yWi4F8H6NitRzdO_0iTUEHdewsooh1SlOCleIvyf0a4nSNxrV9Z7KT_cY_cW8kbcGusheaNJRbdEun7KDbWaSRn8MDNtq0Ev2595ix4IRVtW9DwVpkCuPR-1yB7F6cu1UwajOzO4hGICA1I9YvF6rgFsm3N7s78JPxHWfSUtM3rnnGSFOfmd0JWZX0nxSGIjAdC6J59NWKq6zuAvlNuZiOg0A_vu4-xRzDhrlisEwk-YnZzOXoUR3Ywpt4VRzNPHrftOlmoFLa8cq8B6QUKVJ23v4EY5dQfUPe8HOcdoP70Qv5Y0eO4RwH9x6HUKnVz0YrbnEXEbi2Q1tNq0pGqJJzeb98GSvtRRmOdYRzUuxvbccra8xHeOb55uOFT21wGoNgUKPx47IoZ9dGQXpXICO6f5jTxxxFB0_6n6R0Li9xU7IrDUnvdV8hpZgTNpMav1m3kA,,HTTPError: 403 Client Error: Forbidden for url: https://lh3.googleusercontent.com/umsh/AN6v0v5S6V-_R6MFl_hdQt5t6opS8jODkhdLw4xPxE8fRAWOzqI3o-DC79d9Sv3wQDAwmYLakU9hIMXRlhCmw4B7K0FGFSfh4eOY4x1lgb7Z0-Pq2w09-NrbOeVR4_2y_YXH2HDpD-rf6TArSqGKOntv6HybcDoUtlPYAxsFzH2Wp8B2nkOHI5ZJ1uAVxy6a_HGZ9swFEmIvZ5yWi4F8H6NitRzdO_0iTUEHdewsooh1SlOCleIvyf0a4nSNxrV9Z7KT_cY_cW8kbcGusheaNJRbdEun7KDbWaSRn8MDNtq0Ev2595ix4IRVtW9DwVpkCuPR-1yB7F6cu1UwajOzO4hGICA1I9YvF6rgFsm3N7s78JPxHWfSUtM3rnnGSFOfmd0JWZX0nxSGIjAdC6J59NWKq6zuAvlNuZiOg0A_vu4-xRzDhrlisEwk-YnZzOXoUR3Ywpt4VRzNPHrftOlmoFLa8cq8B6QUKVJ23v4EY5dQfUPe8HOcdoP70Qv5Y0eO4RwH9x6HUKnVz0YrbnEXEbi2Q1tNq0pGqJJzeb98GSvtRRmOdYRzUuxvbccra8xHeOb55uOFT21wGoNgUKPx47IoZ9dGQXpXICO6f5jTxxxFB0_6n6R0Li9xU7IrDUnvdV8hpZgTNpMav1m3kA
akakus,akakus.kml,5,img_src,failed,https://lh3.googleusercontent.com/umsh/AN6v0v7f38gDgkEHqwwkbycPHflRDWoLSAtxjak-3l7dfqpo7qhIZTuIsoj04ulcwM4ThP50G_m4-boDABR1eIsP7U52piqASGDUrNwA-fuA1EUW6TsOG40KPiZm1rZk4CfihDlCqNu31sCdHopITyF_DHI_ygdck0FXoPpqKI7FK7SEn0z0-YNCapIu1FCOqQo4CbMczj5jFvgHoeBfJn6ORFKcfEZprFQuZGDGHMVBzm6JPeBwgo9AubTLEVFQ8OGabsPzZwbVAiX0TAYLYqJ3h_IPNbwIWFb2f45JLsEq3EJ5T3HNwBI-g5GedDq98LXOMTwgNerdNARhwTMHViXLFZdlUGNxEte5GDR2Mw3WqmSPZ1x7N8vTohIS1t3R65U9XBvKtsfnso4IlbA-BHzLieJyudb49H7zaXtg_SKcYihDVuYNmupDBfnE_F0-aQcGS224TRF2G6qu9Fiy75OjQo54c5-pwk9FNqkTTQbCjw_jbdnGJ5GHOf6naHUPxrEYKtEEYqUTc-Offv6xVrXju5PM17eLKFFgmyppxwm1BSHc3-FELPg_hhl-PDqPG7QyL5VXxn1M2evp8DepEiczVhcuSRRDUDNrUrhTERWiPnySM7PmT0uHuNIbNw4SVsrecDpZE_L_Fvmb,,HTTPError: 403 Client Error: Forbidden for url: https://lh3.googleusercontent.com/umsh/AN6v0v7f38gDgkEHqwwkbycPHflRDWoLSAtxjak-3l7dfqpo7qhIZTuIsoj04ulcwM4ThP50G_m4-boDABR1eIsP7U52piqASGDUrNwA-fuA1EUW6TsOG40KPiZm1rZk4CfihDlCqNu31sCdHopITyF_DHI_ygdck0FXoPpqKI7FK7SEn0z0-YNCapIu1FCOqQo4CbMczj5jFvgHoeBfJn6ORFKcfEZprFQuZGDGHMVBzm6JPeBwgo9AubTLEVFQ8OGabsPzZwbVAiX0TAYLYqJ3h_IPNbwIWFb2f45JLsEq3EJ5T3HNwBI-g5GedDq98LXOMTwgNerdNARhwTMHViXLFZdlUGNxEte5GDR2Mw3WqmSPZ1x7N8vTohIS1t3R65U9XBvKtsfnso4IlbA-BHzLieJyudb49H7zaXtg_SKcYihDVuYNmupDBfnE_F0-aQcGS224TRF2G6qu9Fiy75OjQo54c5-pwk9FNqkTTQbCjw_jbdnGJ5GHOf6naHUPxrEYKtEEYqUTc-Offv6xVrXju5PM17eLKFFgmyppxwm1BSHc3-FELPg_hhl-PDqPG7QyL5VXxn1M2evp8DepEiczVhcuSRRDUDNrUrhTERWiPnySM7PmT0uHuNIbNw4SVsrecDpZE_L_Fvmb
akakus,akakus.kml,6,img_src,failed,https://lh3.googleusercontent.com/umsh/AN6v0v6sZzTEWeQPEVaW2KbjSDpmko-98wsTG2rdJyEcOg7HorcWorynTjRQsxRVEdqxsQ7sk-xuDtIcfgULgfJLFqN753V7MHeweAHN8sWXkRJT9IoQ7zHQv9nVeUf-uV7__lW3rAjcXQ4_yZpzAYd0X8iEH3ngy-tDUFWkwbXYwWbEuszOiLl2eQr3Dujls_5ivEZ6nSxni1LSsqz6NgEIBsRY6w5QI6f6Lh8eW-roKkouDGoX1VGCd1qcjwysQJYFtArUXUEq15cAIJcjkra827I94_jgvKr-Rf4sGexKR7JQDx9F9kee7VGtIACipeW7TeJxRGMEJk1GisM_FNZkQg76mnSbO-ZPmpUEnlYTOOqlnAFX8Gchjdtb9h7r67biOugB5L_kFb1Xx7Lq-hy0QK98ukJG32e-NojoKlrYprevKKET75zdbVZ2GG8fgYLoE22mjTijgnGefd6-k_yGabv79tGwxIrHQpENZ2BaAFhDrv5ICnt2R-gn6aU-JjnedP-SQTHzpJt8sVTCkq9y6QiRCMA5RdKwdjgCEAH-Eay199cjYDVTM2fjGpVms8G9vOykhhFs7X7cjUtuvKiSzs7mfW0hdGRqXMoMl_BFKv78QB2ljU-ZdXwW3UdwuXdNqjgi-D158vYn7g,,HTTPError: 403 Client Error: Forbidden for url: https://lh3.googleusercontent.com/umsh/AN6v0v6sZzTEWeQPEVaW2KbjSDpmko-98wsTG2rdJyEcOg7HorcWorynTjRQsxRVEdqxsQ7sk-xuDtIcfgULgfJLFqN753V7MHeweAHN8sWXkRJT9IoQ7zHQv9nVeUf-uV7__lW3rAjcXQ4_yZpzAYd0X8iEH3ngy-tDUFWkwbXYwWbEuszOiLl2eQr3Dujls_5ivEZ6nSxni1LSsqz6NgEIBsRY6w5QI6f6Lh8eW-roKkouDGoX1VGCd1qcjwysQJYFtArUXUEq15cAIJcjkra827I94_jgvKr-Rf4sGexKR7JQDx9F9kee7VGtIACipeW7TeJxRGMEJk1GisM_FNZkQg76mnSbO-ZPmpUEnlYTOOqlnAFX8Gchjdtb9h7r67biOugB5L_kFb1Xx7Lq-hy0QK98ukJG32e-NojoKlrYprevKKET75zdbVZ2GG8fgYLoE22mjTijgnGefd6-k_yGabv79tGwxIrHQpENZ2BaAFhDrv5ICnt2R-gn6aU-JjnedP-SQTHzpJt8sVTCkq9y6QiRCMA5RdKwdjgCEAH-Eay199cjYDVTM2fjGpVms8G9vOykhhFs7X7cjUtuvKiSzs7mfW0hdGRqXMoMl_BFKv78QB2ljU-ZdXwW3UdwuXdNqjgi-D158vYn7g
akakus,akakus.kml,7,img_src,failed,https://lh3.googleusercontent.com/umsh/AN6v0v6Jk5Z7WzcM3mzJo9nB0KE6bBMeFsn35n5SgjXvj4szY9YVRzlO0xnySXxuK8F0ezJ2l0mk5sgnscCkbXGPVqRyhfRNop2c8A2RE0Ngwf82UrZqJXhEXArmdNiFMKriMogM3UVodf1FqjZhBRUyV46LH8T--K7ynvNlX9_rsUP9mUJD__UsMi24xz0CpCFbtVdRQ0UI65kfJfQPDiI8i93vLYn8c81daCIekQ5zLgYfk604nTua16gIJi2liqog2qbuRjR6QYn7jTV50HLrUa7Ogkw09P3Ch9FGJ1cyunXk4Gi9y_zrStNmDXhC0nB7jwI1eRoZrXyXObAAioSIGao8V_qqHHSzOCPIRrpdeMSns7A55SlRBfqHoEWAOCmAPeyB-DNRe_vePYt5Yi3CL8bZ41UTHr3_v7mRstCCAaRiR3ntoIOAwqObnmJ5J2kG3aqOHgeq99epT9AzF5jscTbrwKZQ3a5aPBSPz_I12LAJ6bnANF3s20K9bN3vdkAtiYgcpiQUqxlJUq-C4rlPQu0g546kClAofI1lrMvu6jsDhgjXO3IQWw5GVifUhxB_fduQDuOv4HCAQofbvkjOpDdFkQGCDvxDvuOdBC1ghmUcIHQKEjLPSrZApDSNbvUffkx8z3svd0oJIw,,HTTPError: 403 Client Error: Forbidden for url: https://lh3.googleusercontent.com/umsh/AN6v0v6Jk5Z7WzcM3mzJo9nB0KE6bBMeFsn35n5SgjXvj4szY9YVRzlO0xnySXxuK8F0ezJ2l0mk5sgnscCkbXGPVqRyhfRNop2c8A2RE0Ngwf82UrZqJXhEXArmdNiFMKriMogM3UVodf1FqjZhBRUyV46LH8T--K7ynvNlX9_rsUP9mUJD__UsMi24xz0CpCFbtVdRQ0UI65kfJfQPDiI8i93vLYn8c81daCIekQ5zLgYfk604nTua16gIJi2liqog2qbuRjR6QYn7jTV50HLrUa7Ogkw09P3Ch9FGJ1cyunXk4Gi9y_zrStNmDXhC0nB7jwI1eRoZrXyXObAAioSIGao8V_qqHHSzOCPIRrpdeMSns7A55SlRBfqHoEWAOCmAPeyB-DNRe_vePYt5Yi3CL8bZ41UTHr3_v7mRstCCAaRiR3ntoIOAwqObnmJ5J2kG3aqOHgeq99epT9AzF5jscTbrwKZQ3a5aPBSPz_I12LAJ6bnANF3s20K9bN3vdkAtiYgcpiQUqxlJUq-C4rlPQu0g546kClAofI1lrMvu6jsDhgjXO3IQWw5GVifUhxB_fduQDuOv4HCAQofbvkjOpDdFkQGCDvxDvuOdBC1ghmUcIHQKEjLPSrZApDSNbvUffkx8z3svd0oJIw
akakus,akakus.kml,8,img_src,failed,https://lh3.googleusercontent.com/umsh/AN6v0v5R1fhxsyj8k_1hOtIOtcNbmUevxyWS0OMUANqA59Ot-uzChd9Czhdm3arhiVIv8-UukcfNRCNslLUUF_UCiWuyho7DLZZZyqoEB2zUmNfrsvPt_X6yyZ5igyIiJuIOmbqn7wf4HjAJG3gO2qYy0ktM_HO4C0HR3aEXUV1a8v3DSGZwcGcE1JA5VCBdTGzms-BYaoFy0t-Zk8w_CUTJ7eyOdO3tkLdh4vm9XNAOFRTTDR4hwGC0zvBxqxQj6YCACKcHUljMXOk0hwmsdO8crhwcIWhHZ_THuzgo4h6Ao7e40_1jw2j9gBjoEf-1ZAHcCUxAvwKaHM3GAS6m85YazlmeZMxmCYO2I0LfpHiRJYBLYxZwTZN0HCuDIvChYhkGkGQ77WzGRqH5HdXZj-HUa63kIu7aUmvBF6in9ojXAFkDYUu4bIZ1oVTJ7f4BjTMvSRwxxMJYgG6jEf4s4Bns6H5L0nxqoier1cPW7eN5e8l68QZG2hUm9V0B26_7XlvtkCkq41o-zrHeeh7juBabZf6GSn8Te3wVyRGRFt-Jbx9UuydV5yltQ1-1Vj-IHr3_1Cx4ycWbF3hDM3YnhK3rM4nHZ1ddpBr421EYp966YP_0y8Y8Um2bwuASagtTJakikTdScvp3vMdrBg,,HTTPError: 403 Client Error: Forbidden for url: https://lh3.googleusercontent.com/umsh/AN6v0v5R1fhxsyj8k_1hOtIOtcNbmUevxyWS0OMUANqA59Ot-uzChd9Czhdm3arhiVIv8-UukcfNRCNslLUUF_UCiWuyho7DLZZZyqoEB2zUmNfrsvPt_X6yyZ5igyIiJuIOmbqn7wf4HjAJG3gO2qYy0ktM_HO4C0HR3aEXUV1a8v3DSGZwcGcE1JA5VCBdTGzms-BYaoFy0t-Zk8w_CUTJ7eyOdO3tkLdh4vm9XNAOFRTTDR4hwGC0zvBxqxQj6YCACKcHUljMXOk0hwmsdO8crhwcIWhHZ_THuzgo4h6Ao7e40_1jw2j9gBjoEf-1ZAHcCUxAvwKaHM3GAS6m85YazlmeZMxmCYO2I0LfpHiRJYBLYxZwTZN0HCuDIvChYhkGkGQ77WzGRqH5HdXZj-HUa63kIu7aUmvBF6in9ojXAFkDYUu4bIZ1oVTJ7f4BjTMvSRwxxMJYgG6jEf4s4Bns6H5L0nxqoier1cPW7eN5e8l68QZG2hUm9V0B26_7XlvtkCkq41o-zrHeeh7juBabZf6GSn8Te3wVyRGRFt-Jbx9UuydV5yltQ1-1Vj-IHr3_1Cx4ycWbF3hDM3YnhK3rM4nHZ1ddpBr421EYp966YP_0y8Y8Um2bwuASagtTJakikTdScvp3vMdrBg
akakus,akakus.kml,9,img_src,failed,https://lh3.googleusercontent.com/umsh/AN6v0v6Phfz1-Qx7ICEyd8neh09pWwSr5wnIc59Ls3OugQutA6VRh4pVw8S4kUGw7o6zBL4llctI-ZPd9pyyBA7iShBuHtSJK6ix4TWglL2WjOWGIhRsgVUsgEnpbvcZ40TS5OIBIfJa1SrIKFl-iLgnmuHmjRjpMBhprd-jeGCSBbXr8PoETgzZazwGrtO809n-GTjZ8JA8rnEo8nZB9vsoZDszGronCIfbTVwokIYKIhmYZH21tFlEBY5ssTC-Jx53roak5bZurkEegbZu0BDf3IImWUz5w8KE-F7ZY9xGJvDZwLuAsRDfyi4WwOkakWZpzTkoKQ7wg3K9wfe6LM2r0djkjRqjYEduYCuYc4uWRcfCVt1dCOMOS3FWUsAUsKuQPD55VHQ0fx3PrS6Zat6gXBwPhD1ITc-rLKKiyvk-PgndKb6I5kh87FQHz92-_eHSZgxYQc2fBmeHJx7HS5JqwbfbTQRT9UUJkyFdnh1kaBrXDohg3OG-VnzeHbcXBL9-fPByOi_TkfzwrqjoSmIoIyQh2pKn4gNzskgfeJuW-r1VO4U_nlQ4_0fq5EMnKdSw_uxcV7vob6Ilm5-Y_pCaUZWaM4ecK098OTd8QqnSfY8TalMWrE1STav3hmrWpiqDDbY59ZzP9b10ng,,HTTPError: 403 Client Error: Forbidden for url: https://lh3.googleusercontent.com/umsh/AN6v0v6Phfz1-Qx7ICEyd8neh09pWwSr5wnIc59Ls3OugQutA6VRh4pVw8S4kUGw7o6zBL4llctI-ZPd9pyyBA7iShBuHtSJK6ix4TWglL2WjOWGIhRsgVUsgEnpbvcZ40TS5OIBIfJa1SrIKFl-iLgnmuHmjRjpMBhprd-jeGCSBbXr8PoETgzZazwGrtO809n-GTjZ8JA8rnEo8nZB9vsoZDszGronCIfbTVwokIYKIhmYZH21tFlEBY5ssTC-Jx53roak5bZurkEegbZu0BDf3IImWUz5w8KE-F7ZY9xGJvDZwLuAsRDfyi4WwOkakWZpzTkoKQ7wg3K9wfe6LM2r0djkjRqjYEduYCuYc4uWRcfCVt1dCOMOS3FWUsAUsKuQPD55VHQ0fx3PrS6Zat6gXBwPhD1ITc-rLKKiyvk-PgndKb6I5kh87FQHz92-_eHSZgxYQc2fBmeHJx7HS5JqwbfbTQRT9UUJkyFdnh1kaBrXDohg3OG-VnzeHbcXBL9-fPByOi_TkfzwrqjoSmIoIyQh2pKn4gNzskgfeJuW-r1VO4U_nlQ4_0fq5EMnKdSw_uxcV7vob6Ilm5-Y_pCaUZWaM4ecK098OTd8QqnSfY8TalMWrE1STav3hmrWpiqDDbY59ZzP9b10ng
akakus,akakus.kml,10,img_src,failed,https://lh3.googleusercontent.com/umsh/AN6v0v5Uot9U2bPFvd-SYxBsD3_w7JUD-O1KJGngSQj5fYxM2r55au9_czp5TLS4oC-pwuHqPKyL77Sx683aE3MrpiKFuRabQI4QQFyPVoHpLpsJHwaBHJutX8BSmOEI5uxaG91X91tanIn-RFNwZim3-ZCNyYD0RWxU5PROYj32J4nlqQJk9Ibo3bWCtH-NvFp1BTvryNJhVYA7JhxemAhhW78I0lvR0SsX1KtkQLVYTtlVBkidU8Qp84YWEkKWPCYVQdqo8OWW9SycO84s9Jgb3S8mKdqYuMsIqLyBfLh1WHioZJjTsRk7RAfy4V1FPxuOFeS9kBGIQ7zQfZLPKduoB2w8F2NwgHhR5MfcX-qzLUjYwENOeXQbrp0wdcAq0HFigZQAtKucX5SzIoyGgnaSI6MiwuvlNsmnBqc61l0-XV-R3eHHBwxj0U2eSvA1ClBq_LuGWAiY_hGT2zkEqPqCtjLkuk1dNC2PIgGKrp08_XeCju3_171CD-Xq8v98igPx2q8sQhQ8m_S3DE0xtOEBpTWxH1LweZ9oOB712FQUSSSURXYsc9dSW7lX2leSo0ADQ0A2PyKtsDduC8144axZ1uuDu_fctFZdLJWJOcC9NKWMDGlQjlkEucrnJKyfziNtFrUrU5xU3PyRcA,,HTTPError: 403 Client Error: Forbidden for url: https://lh3.googleusercontent.com/umsh/AN6v0v5Uot9U2bPFvd-SYxBsD3_w7JUD-O1KJGngSQj5fYxM2r55au9_czp5TLS4oC-pwuHqPKyL77Sx683aE3MrpiKFuRabQI4QQFyPVoHpLpsJHwaBHJutX8BSmOEI5uxaG91X91tanIn-RFNwZim3-ZCNyYD0RWxU5PROYj32J4nlqQJk9Ibo3bWCtH-NvFp1BTvryNJhVYA7JhxemAhhW78I0lvR0SsX1KtkQLVYTtlVBkidU8Qp84YWEkKWPCYVQdqo8OWW9SycO84s9Jgb3S8mKdqYuMsIqLyBfLh1WHioZJjTsRk7RAfy4V1FPxuOFeS9kBGIQ7zQfZLPKduoB2w8F2NwgHhR5MfcX-qzLUjYwENOeXQbrp0wdcAq0HFigZQAtKucX5SzIoyGgnaSI6MiwuvlNsmnBqc61l0-XV-R3eHHBwxj0U2eSvA1ClBq_LuGWAiY_hGT2zkEqPqCtjLkuk1dNC2PIgGKrp08_XeCju3_171CD-Xq8v98igPx2q8sQhQ8m_S3DE0xtOEBpTWxH1LweZ9oOB712FQUSSSURXYsc9dSW7lX2leSo0ADQ0A2PyKtsDduC8144axZ1uuDu_fctFZdLJWJOcC9NKWMDGlQjlkEucrnJKyfziNtFrUrU5xU3PyRcA
akakus,akakus.kml,11,img_src,failed,https://lh3.googleusercontent.com/umsh/AN6v0v40BzFHHP29xepB-eEiRctR8nZlBYc4VD7HCtCCHZlbyz7vlILVdnLkVWy4DUz8ntkmwZZOcwAQ6CZGCypmSsNgBr0fIElNIGdSYIp4H7MXG8vm-xewY37e86U_IqWVXfSGS4MWSoR-Gu5KH_KWe2mlZ6CWlowIjsygk-pcI8_-pism_-QIiLZUiaHcChpczG6IFV4uHGdosBE_kPGYYMr8aKOJXLE-iekhUGCc1kWC1IkIL4P1mHcUHRS6Nvjqz-08nC6LSBLsSt1s4R7QMpI2UoL7rVC4atbcna1GcJSlyIbDM3x0rMbwb1K7AkNJuD9e2SykLmpr-7Bj40vWaNwIfFgI3FS-qkcnxXD9R-xSAUDjCC3e5D4jq-oWSnOiNnOOowGy1KU3ZpSYxeDvU84T4pompiN8OSyM6KzY0OzuYF91DCAMiieCsr2LttY-fj42mUS5KSL9z1sI_ALuv23ffqlP5aTmM2E4Aj9E8LeWY4Mc90WqRGRtR7hsxTwkyTCI_yymxKUa_DJwp-RR6yA9cctBKbxoypYVw5AiwTDNJ5YwLyMjqwn0S5ot4xdk9AKSc0dtnFcv4auW4VeyCxp0dzKMuQvu7gV6PouiP3xMMuJVwB6xNtJK46SVVgRTx-w3OZryOFHx,,HTTPError: 403 Client Error: Forbidden for url: https://lh3.googleusercontent.com/umsh/AN6v0v40BzFHHP29xepB-eEiRctR8nZlBYc4VD7HCtCCHZlbyz7vlILVdnLkVWy4DUz8ntkmwZZOcwAQ6CZGCypmSsNgBr0fIElNIGdSYIp4H7MXG8vm-xewY37e86U_IqWVXfSGS4MWSoR-Gu5KH_KWe2mlZ6CWlowIjsygk-pcI8_-pism_-QIiLZUiaHcChpczG6IFV4uHGdosBE_kPGYYMr8aKOJXLE-iekhUGCc1kWC1IkIL4P1mHcUHRS6Nvjqz-08nC6LSBLsSt1s4R7QMpI2UoL7rVC4atbcna1GcJSlyIbDM3x0rMbwb1K7AkNJuD9e2SykLmpr-7Bj40vWaNwIfFgI3FS-qkcnxXD9R-xSAUDjCC3e5D4jq-oWSnOiNnOOowGy1KU3ZpSYxeDvU84T4pompiN8OSyM6KzY0OzuYF91DCAMiieCsr2LttY-fj42mUS5KSL9z1sI_ALuv23ffqlP5aTmM2E4Aj9E8LeWY4Mc90WqRGRtR7hsxTwkyTCI_yymxKUa_DJwp-RR6yA9cctBKbxoypYVw5AiwTDNJ5YwLyMjqwn0S5ot4xdk9AKSc0dtnFcv4auW4VeyCxp0dzKMuQvu7gV6PouiP3xMMuJVwB6xNtJK46SVVgRTx-w3OZryOFHx
akakus,akakus.kml,12,img_src,failed,https://lh3.googleusercontent.com/umsh/AN6v0v7Gy6ciRY3uTgdWTHfPRm1IZMrbwCFY3oq-nvYKUKjGwUaCUl_v0jb9YpsdJnYlQW9u92Vi_7OD5WyXwseDR-QJ8h4V7ZQ50P3uQ_dzSdem2lts-ZJrn5PJHXBSfyT858A61RCuhi6Wu2yjLicUGzXyuQ05WMGmeGVEEtOShntV8r4_BkV6GYyjLFfVQTNBHxaLEavi-86pFOZ_eHrGjYZankcAto8DJogw_KYcjXAxNHAIbkGx6HWn3K1qgEXN70qxyxYca9FPt6uOwymSk4gPnCxjjq-oH43WLc2i-u4-0GWe5TQfnmNtNZuJ4wEWLxt4xDN5u3IZ7-OhE62MJl6tbcZF1Kn5mfWOmkCbb9dP55jpDGMN_UTznyn1pqnfC4P1tyWn03fqd08ihjke0bRmSBINZhDmtNZ-sCNgrc78KrphzqAqG_e1RD5BeVh0nOJQoOqNH-w5kpY-DmSJcgHwg7Qd56GfeOqjy2ibwVWbj294nsaswocBTkMzx5ANqcDlA4vi7EpF45mGO89QhzMcLGDGbu94clfV5XSFaQ-ZZQfRM8rbQRCxJL-UNVpmCAoBh2j9bhvIjWXMCkMlG_dORriGz5aSbZFIAbiM4cFB-wAJQHcRk8ATGxVNy4mCx1bSJnJDCQzzYw,,HTTPError: 403 Client Error: Forbidden for url: https://lh3.googleusercontent.com/umsh/AN6v0v7Gy6ciRY3uTgdWTHfPRm1IZMrbwCFY3oq-nvYKUKjGwUaCUl_v0jb9YpsdJnYlQW9u92Vi_7OD5WyXwseDR-QJ8h4V7ZQ50P3uQ_dzSdem2lts-ZJrn5PJHXBSfyT858A61RCuhi6Wu2yjLicUGzXyuQ05WMGmeGVEEtOShntV8r4_BkV6GYyjLFfVQTNBHxaLEavi-86pFOZ_eHrGjYZankcAto8DJogw_KYcjXAxNHAIbkGx6HWn3K1qgEXN70qxyxYca9FPt6uOwymSk4gPnCxjjq-oH43WLc2i-u4-0GWe5TQfnmNtNZuJ4wEWLxt4xDN5u3IZ7-OhE62MJl6tbcZF1Kn5mfWOmkCbb9dP55jpDGMN_UTznyn1pqnfC4P1tyWn03fqd08ihjke0bRmSBINZhDmtNZ-sCNgrc78KrphzqAqG_e1RD5BeVh0nOJQoOqNH-w5kpY-DmSJcgHwg7Qd56GfeOqjy2ibwVWbj294nsaswocBTkMzx5ANqcDlA4vi7EpF45mGO89QhzMcLGDGbu94clfV5XSFaQ-ZZQfRM8rbQRCxJL-UNVpmCAoBh2j9bhvIjWXMCkMlG_dORriGz5aSbZFIAbiM4cFB-wAJQHcRk8ATGxVNy4mCx1bSJnJDCQzzYw
akakus,akakus.kml,13,img_src,failed,https://lh3.googleusercontent.com/umsh/AN6v0v5y2H8Nkz03treUUOVuQ0blQzKNQmonizhXA-HDtE7_LHktWi8V3OsXCtIE5vTapnn4W72v2KGvnAlFHh_dg2W0SbK7f5nELA0p6DnjC8U2lY-Gj5cylRqJmaC6rUjGbgS52fn2HgBIa4ztxYsy4Yyac_ZPyEjRwxeCLHhLf8NBnHNp016kJyuzUoocodeWFVwGIaAIneKKbsjK9JFQ0g9bl6PU7kPjiDbE39XtYEz-ZJ6Nrm7vrgLRzHQ_zpqJ4zlmbfcpKnD_MOMbtCgLtKqwf3iRV5_D2AIojhxkTPEZsDGAKldBnz7KZru1wsJm4LH6btCIDxrcMyM-pkw6ii_VaXPjgLHgTB_QAe-s_VVCSlfcMh_rWv6K11nSaWBxE7DhO5zpncODniARx2rP6PixCjT7zx4uW5Vh91S1J4cPLM6zcIzUcmYCleZLb1ZoTfy-bH6rRLqdgmtK3EZrzz87Ib9KaA0MrPa0BzEYV2cdzU_IlV3nkkYngxpHVBzH_IlMFCeuAdvTeprZSLUB3uZc3Ko1vKtv8fOSx2pMUx-nLPZNIsZksz494e7BiItfhZqiTNrq2dhjSGM9xIGCrgOQDq0Ns6c3pMjyOqbDNJ6Q8EpAQ6oCWdmxe19MFgWRzFgT8GJjAPTf,,HTTPError: 403 Client Error: Forbidden for url: https://lh3.googleusercontent.com/umsh/AN6v0v5y2H8Nkz03treUUOVuQ0blQzKNQmonizhXA-HDtE7_LHktWi8V3OsXCtIE5vTapnn4W72v2KGvnAlFHh_dg2W0SbK7f5nELA0p6DnjC8U2lY-Gj5cylRqJmaC6rUjGbgS52fn2HgBIa4ztxYsy4Yyac_ZPyEjRwxeCLHhLf8NBnHNp016kJyuzUoocodeWFVwGIaAIneKKbsjK9JFQ0g9bl6PU7kPjiDbE39XtYEz-ZJ6Nrm7vrgLRzHQ_zpqJ4zlmbfcpKnD_MOMbtCgLtKqwf3iRV5_D2AIojhxkTPEZsDGAKldBnz7KZru1wsJm4LH6btCIDxrcMyM-pkw6ii_VaXPjgLHgTB_QAe-s_VVCSlfcMh_rWv6K11nSaWBxE7DhO5zpncODniARx2rP6PixCjT7zx4uW5Vh91S1J4cPLM6zcIzUcmYCleZLb1ZoTfy-bH6rRLqdgmtK3EZrzz87Ib9KaA0MrPa0BzEYV2cdzU_IlV3nkkYngxpHVBzH_IlMFCeuAdvTeprZSLUB3uZc3Ko1vKtv8fOSx2pMUx-nLPZNIsZksz494e7BiItfhZqiTNrq2dhjSGM9xIGCrgOQDq0Ns6c3pMjyOqbDNJ6Q8EpAQ6oCWdmxe19MFgWRzFgT8GJjAPTf
akakus,akakus.kml,14,img_src,failed,https://lh3.googleusercontent.com/umsh/AN6v0v5IQvQVCGTO-LjXAprmIdiCR21yP2tVR7Nr2AD-S3r9CkM94w9GMlqDxFQTG-RQBpgLPFEXmDEyvXu1for2agJWlZoYtHMdg7LeuYvrpqGno1IM86gc5-bKVi-cn5z1AXQuV6nNHippqjGMCIoWJEBEH1YITeJpE30-qlLZm_c2QoHNzANHWuJATKoPdIiv5hYHkXVA8K-X9UG0QDMFeZuFnHbG9uNk_KyFFQoXySXY1CNummJnlOo34eWuR2nBB7PGwSlVq_k_RO0RXOV39a_ljHIcwxi2h5meWnqJG4sNBnSjZeL9c89v0a3df3fX9vGPmUQ-BVcKGSoty2s9mkIL4ns2EJKU8ANZU0TTHJ6Jv_79tXkXtZZQKw-FXPMzx3lr0Wc9c8Grtm2MpPrg8WT1FlF2zPakY8LfMjnb_qvFEotUFB-CFyMB7RKx25nMc2QkJ_p-lT7drNOx9vb7LZfq_L6h6xcH7_MC9oJQcqSlMk7TU5hvlg5LPfk10HNLiZlc0omaB7wcgwWUjf-oYjK6KfOo4HT5I5yL6aX9CYM41HZ00xWtKe6jKPjfMuXfBpEgT5iolmK0k6MCqytdvQGNqNnLdEJCxiefZZPxQKicLxhcDyzdl1yT5O-gfGqQE8tIiw42iFiXLg,,HTTPError: 403 Client Error: Forbidden for url: https://lh3.googleusercontent.com/umsh/AN6v0v5IQvQVCGTO-LjXAprmIdiCR21yP2tVR7Nr2AD-S3r9CkM94w9GMlqDxFQTG-RQBpgLPFEXmDEyvXu1for2agJWlZoYtHMdg7LeuYvrpqGno1IM86gc5-bKVi-cn5z1AXQuV6nNHippqjGMCIoWJEBEH1YITeJpE30-qlLZm_c2QoHNzANHWuJATKoPdIiv5hYHkXVA8K-X9UG0QDMFeZuFnHbG9uNk_KyFFQoXySXY1CNummJnlOo34eWuR2nBB7PGwSlVq_k_RO0RXOV39a_ljHIcwxi2h5meWnqJG4sNBnSjZeL9c89v0a3df3fX9vGPmUQ-BVcKGSoty2s9mkIL4ns2EJKU8ANZU0TTHJ6Jv_79tXkXtZZQKw-FXPMzx3lr0Wc9c8Grtm2MpPrg8WT1FlF2zPakY8LfMjnb_qvFEotUFB-CFyMB7RKx25nMc2QkJ_p-lT7drNOx9vb7LZfq_L6h6xcH7_MC9oJQcqSlMk7TU5hvlg5LPfk10HNLiZlc0omaB7wcgwWUjf-oYjK6KfOo4HT5I5yL6aX9CYM41HZ00xWtKe6jKPjfMuXfBpEgT5iolmK0k6MCqytdvQGNqNnLdEJCxiefZZPxQKicLxhcDyzdl1yT5O-gfGqQE8tIiw42iFiXLg
akakus,akakus.kml,15,img_src,failed,https://lh3.googleusercontent.com/umsh/AN6v0v77ZpYeNr12WRTN58QJKbi8J0dFAFjXSIbiNGC1rk-JjY5YRoW7Z71rknhf0iqXvDGbvgurqHgpXW1yYLwPKAqsxARKgBPnYBAKK8BItxAlbsAs8vRRO2hpEUSL74SqbEds1P38eOjTeMUQI6uiMVRTTBNA200xlGrcrkWSZyK5ZwM_TxWT14PLU-Zf3FdmSDHPyBBtXyY1vlvD8vY363V7_JR28ZgX7QtJEQTf_YNYxfody_bPe5ZUFV6mqgHS7dTg1EK1bUNH8BW15lDGOz1CNGNvoopSQVazOkcTBtN2qWwumreduvNsmBYCIoiOxOnLLUwQ7xiY4I-F03lNH5uGKROU-VNFnSlUOskrVq_nhBsm_yBXm7CexSMEZeXXGDxQyFZL7UtN2SKxO14U8vXwl3961dVOS0KgNUH_ogcOTVWueXtRpd7AZVG9rZPefIPylhGASbgb-PPtS7T9U0zqnhi4pudFiLDRH3o32O5mNQdUWo2K5XpYb3wnVrFAkY9ebAFUmhAaBDj2FttYhOufjCWGsw7ocr-DyeQ3yZSlZs99q_cSofbwlu1XuoaXDIHD3ADOljcpFpzoOg56UVvaK07UgQrpjms2I9DHob75Sz2umxADNUAMu8X2iGljvaSjA1wm0KDo,,HTTPError: 403 Client Error: Forbidden for url: https://lh3.googleusercontent.com/umsh/AN6v0v77ZpYeNr12WRTN58QJKbi8J0dFAFjXSIbiNGC1rk-JjY5YRoW7Z71rknhf0iqXvDGbvgurqHgpXW1yYLwPKAqsxARKgBPnYBAKK8BItxAlbsAs8vRRO2hpEUSL74SqbEds1P38eOjTeMUQI6uiMVRTTBNA200xlGrcrkWSZyK5ZwM_TxWT14PLU-Zf3FdmSDHPyBBtXyY1vlvD8vY363V7_JR28ZgX7QtJEQTf_YNYxfody_bPe5ZUFV6mqgHS7dTg1EK1bUNH8BW15lDGOz1CNGNvoopSQVazOkcTBtN2qWwumreduvNsmBYCIoiOxOnLLUwQ7xiY4I-F03lNH5uGKROU-VNFnSlUOskrVq_nhBsm_yBXm7CexSMEZeXXGDxQyFZL7UtN2SKxO14U8vXwl3961dVOS0KgNUH_ogcOTVWueXtRpd7AZVG9rZPefIPylhGASbgb-PPtS7T9U0zqnhi4pudFiLDRH3o32O5mNQdUWo2K5XpYb3wnVrFAkY9ebAFUmhAaBDj2FttYhOufjCWGsw7ocr-DyeQ3yZSlZs99q_cSofbwlu1XuoaXDIHD3ADOljcpFpzoOg56UVvaK07UgQrpjms2I9DHob75Sz2umxADNUAMu8X2iGljvaSjA1wm0KDo
akakus,akakus.kml,16,img_src,failed,https://lh3.googleusercontent.com/umsh/AN6v0v4zxHkdbVFCA6fhwKK7OG-7kLaKdXWcA8vDwTyi1kVCOSNQFxIQO5Dzhxkrih9ZvIDGeYhfdP5k90eHhvBpOhefNy3D-a7CR_tYF3-Eh-AsNcb2v8IQsWzZvDxTrQ_RU_ShfJCAew3lNpaKVKwQuWDhggklbLEMCJ97ulKP8yAUdGFNfH3dSxDRRM50nsnSwyw_f4p9gY_nGephac1Vh_2sazvEDi063tj9tbNZeYH2YVMffOENU7UKyiAf_UaaeUpQKpvA8raMp_PYIaGmf0C0puglTTstXvVR9mqHxLOVh4R-h2NjxA7g7UNyadPZxOglsTLEhyMXM9bTHyj0gEWThNYSJWnTEenxCwUpAQsl5g0iroAwSFEv43P-Q-p6C9-SLNZ872u9t2eMo-QqtNmcKRU1-6RGzd5SDQwkex9R_Xutg5acl0kmfNnhvoaK8T16DJpEX4HcU0gX5pMDP88JvcZqFMlnRf_vsAIz-k1GzxBGUA1KWxkSTH91XJSUpeHWy1zNIEqhzPymp4BJ2IXU6zHW1grAh8C32hqc3oeIkfZHC7UI3xRlIwD1o8wb6j_jhnyXlx-f9AaTOmaMRYt0dk40uKWvu2Kum-y3Nn_OflZgXCUdR7MJsOykbxPQ4pqqsIhNK9swdg,,HTTPError: 403 Client Error: Forbidden for url: https://lh3.googleusercontent.com/umsh/AN6v0v4zxHkdbVFCA6fhwKK7OG-7kLaKdXWcA8vDwTyi1kVCOSNQFxIQO5Dzhxkrih9ZvIDGeYhfdP5k90eHhvBpOhefNy3D-a7CR_tYF3-Eh-AsNcb2v8IQsWzZvDxTrQ_RU_ShfJCAew3lNpaKVKwQuWDhggklbLEMCJ97ulKP8yAUdGFNfH3dSxDRRM50nsnSwyw_f4p9gY_nGephac1Vh_2sazvEDi063tj9tbNZeYH2YVMffOENU7UKyiAf_UaaeUpQKpvA8raMp_PYIaGmf0C0puglTTstXvVR9mqHxLOVh4R-h2NjxA7g7UNyadPZxOglsTLEhyMXM9bTHyj0gEWThNYSJWnTEenxCwUpAQsl5g0iroAwSFEv43P-Q-p6C9-SLNZ872u9t2eMo-QqtNmcKRU1-6RGzd5SDQwkex9R_Xutg5acl0kmfNnhvoaK8T16DJpEX4HcU0gX5pMDP88JvcZqFMlnRf_vsAIz-k1GzxBGUA1KWxkSTH91XJSUpeHWy1zNIEqhzPymp4BJ2IXU6zHW1grAh8C32hqc3oeIkfZHC7UI3xRlIwD1o8wb6j_jhnyXlx-f9AaTOmaMRYt0dk40uKWvu2Kum-y3Nn_OflZgXCUdR7MJsOykbxPQ4pqqsIhNK9swdg
akakus,akakus.kml,17,img_src,failed,https://lh3.googleusercontent.com/umsh/AN6v0v6ztt1PlebN373m_f4xVTRCHro2GD7DhdUkuVfmq8qquyjzkHv6mChqM3lGvFZJ-gF55pQHPjBrZQiwuee6nWT-W4JrBye7QAPs0jkE56gdSmSyxiZiPp6LUdx8ziHhTb9ilc5PRa6IawoPeveQTnAhFw59kbXKlwryjdTtwGJF3-lJtn1y3mphIK2-9KbbcVdZQjGC3EffpDiktWhiIVCBN6wdpHwGhvXdYhbErDXCTRrqwoPXpqhdxnz7F7Ai_GEluOgjPnDr7aVC3F7YgOzzkM9T2Gh2c2APnt2Ox9FXjC3hEgFwkLNV3Ee2qfHgJPTCJfAAduq0YArLfzMUlCAajX76dMblZARRimHK1j9OnkOqNbp2yEU-McC8RUIGpNN67WXbbpRTwHTXt2UBzMOEklqgkmcP7YzuBLWzffx48Go0vjWb8WxcDJaYDvsD-n8IKemb6L0xVkESyufhxn71wHvVxd-NHCgtuoydJ51byABq8igooqrtyqLRgMrzN9zavHH846FoczQaUdsvr8qnIdGKfrCaQMx0cfCFG-NwZZ1sc-n2o0n1a7nKEOPqffyhWfF23h-7Wc5xPj8t44BYfJa1nnsnu5PR-TnWeYPlwoxxWd3aQaEtHWxsKomTd0Lxuox-GCv_EQ,,HTTPError: 403 Client Error: Forbidden for url: https://lh3.googleusercontent.com/umsh/AN6v0v6ztt1PlebN373m_f4xVTRCHro2GD7DhdUkuVfmq8qquyjzkHv6mChqM3lGvFZJ-gF55pQHPjBrZQiwuee6nWT-W4JrBye7QAPs0jkE56gdSmSyxiZiPp6LUdx8ziHhTb9ilc5PRa6IawoPeveQTnAhFw59kbXKlwryjdTtwGJF3-lJtn1y3mphIK2-9KbbcVdZQjGC3EffpDiktWhiIVCBN6wdpHwGhvXdYhbErDXCTRrqwoPXpqhdxnz7F7Ai_GEluOgjPnDr7aVC3F7YgOzzkM9T2Gh2c2APnt2Ox9FXjC3hEgFwkLNV3Ee2qfHgJPTCJfAAduq0YArLfzMUlCAajX76dMblZARRimHK1j9OnkOqNbp2yEU-McC8RUIGpNN67WXbbpRTwHTXt2UBzMOEklqgkmcP7YzuBLWzffx48Go0vjWb8WxcDJaYDvsD-n8IKemb6L0xVkESyufhxn71wHvVxd-NHCgtuoydJ51byABq8igooqrtyqLRgMrzN9zavHH846FoczQaUdsvr8qnIdGKfrCaQMx0cfCFG-NwZZ1sc-n2o0n1a7nKEOPqffyhWfF23h-7Wc5xPj8t44BYfJa1nnsnu5PR-TnWeYPlwoxxWd3aQaEtHWxsKomTd0Lxuox-GCv_EQ
akakus,akakus.kml,18,img_src,failed,https://lh3.googleusercontent.com/umsh/AN6v0v7ngTCbAkweF7_1N4OzSVwg7RJiKI9Za37QXabGmPx-5dMaxDaiqBj45g6u1FsDnIdw7vP1V2rpbjMZ3rklGZRYDgWT3TSim_JirjsXsV71J-0URZn88QhsmZ4R0iupnYGCHBDxy6Wo7fgFRk3_u0jfrTr6qPIdXqXf-PPWwY_qhLrPqe1L36p4JdWwmSgSZemPzaF13JWsd2IToT-xr6VPVeUc71Ro8whZsy3wH7razH1hJgX5Qz1-EN1_ETf3NMzMiiHoqbP1lLcUbQHItV1nlw8wh3owMjEM_IeKIaypJs3t9mQajJXfEVmRtLjVJoI0WAmq2O5g4F0C13tJiAlQGsPYKDbD5WFrhc1bEYrCDTTEFPHICmsbSQ88VmBPs1yDA85C05LQu_-bc23lLQYvsH1RTUPlc3q_53bCJLru97zPuc8CB-hI1sLLFlEGkjigbU4F0gUX6w44UeKjaJDb5CMK-giUwMZoQy3SLDcYVx1HJRIK1CeMUa90iY0mtp9wATtAxEIrho7VTFxDtD6vK42t9G6eeNuj1-BnpRHPwypXUTB5oxKXJ6YO9PdTt7s-r4JSa5UY70-ImU2nKyQKqwHwDJMZ7UGINTMMC_1ldGvBUn5P_0f5vxQgH14rC2rLOoL6VxhpnA,,HTTPError: 403 Client Error: Forbidden for url: https://lh3.googleusercontent.com/umsh/AN6v0v7ngTCbAkweF7_1N4OzSVwg7RJiKI9Za37QXabGmPx-5dMaxDaiqBj45g6u1FsDnIdw7vP1V2rpbjMZ3rklGZRYDgWT3TSim_JirjsXsV71J-0URZn88QhsmZ4R0iupnYGCHBDxy6Wo7fgFRk3_u0jfrTr6qPIdXqXf-PPWwY_qhLrPqe1L36p4JdWwmSgSZemPzaF13JWsd2IToT-xr6VPVeUc71Ro8whZsy3wH7razH1hJgX5Qz1-EN1_ETf3NMzMiiHoqbP1lLcUbQHItV1nlw8wh3owMjEM_IeKIaypJs3t9mQajJXfEVmRtLjVJoI0WAmq2O5g4F0C13tJiAlQGsPYKDbD5WFrhc1bEYrCDTTEFPHICmsbSQ88VmBPs1yDA85C05LQu_-bc23lLQYvsH1RTUPlc3q_53bCJLru97zPuc8CB-hI1sLLFlEGkjigbU4F0gUX6w44UeKjaJDb5CMK-giUwMZoQy3SLDcYVx1HJRIK1CeMUa90iY0mtp9wATtAxEIrho7VTFxDtD6vK42t9G6eeNuj1-BnpRHPwypXUTB5oxKXJ6YO9PdTt7s-r4JSa5UY70-ImU2nKyQKqwHwDJMZ7UGINTMMC_1ldGvBUn5P_0f5vxQgH14rC2rLOoL6VxhpnA
akakus,akakus.kml,19,img_src,failed,https://lh3.googleusercontent.com/umsh/AN6v0v4lkqWKTvXc84cuiZPFLgnvP19ffEVkHkKyTkVPmJzGi73OFZEYc1SWa-1Jyxp2wXldrjVa8IxSmQOA0sx_sjlZh8LOqHb2getb-MWGX4SJ86PruX19KgNKMw7aMaKoUvqbTmZ9fHkTAVG7p2LxiWWNuQ4iWTcSeyhPquzj--ASWysuYqWl22q0OYMi3ofsnE7A8P0lAiQ4og4oS_L2GC9g5oDRyPu1YGBV6AuefkipaUhzdy0O0s4hyQwKf9S1D_lHy0ZQJPo8xvyK3Siq_56-Ui8qbdeMygl9DW-iYX9Cq4jGhjU4hpXkBj4ZjRQn6NVqVs-MNqeZ7gC-NFo8OYEhOPsG2NSLZQYZ8jFuvAerTD72Ee_T4q6F_tOqXd7aWhtNEvVz4BO6a1rvOD8A6T3ie04yFI-HC-1XQzSSyCSXIeRcghuFSvhGGU_-CcHlQ_p75GYjW38pKOyoOhP6In-IF24uY9NF0nnrnM1uVFk4ovybV3vixZNPnVYtGd34kGFNgmjYkaB3R6OgmbmthzCNEXCzC6EIOJ-tieNbNoFKGgr7OXqmpO6mPDRzgSqOHbStjPY5nnEVvQIMhENF-iW4GKIVnFiUMuLcNE6ATohd8CqyIj5M21vqfBxFmKceFq6TiOLQJomy2Q,,HTTPError: 403 Client Error: Forbidden for url: https://lh3.googleusercontent.com/umsh/AN6v0v4lkqWKTvXc84cuiZPFLgnvP19ffEVkHkKyTkVPmJzGi73OFZEYc1SWa-1Jyxp2wXldrjVa8IxSmQOA0sx_sjlZh8LOqHb2getb-MWGX4SJ86PruX19KgNKMw7aMaKoUvqbTmZ9fHkTAVG7p2LxiWWNuQ4iWTcSeyhPquzj--ASWysuYqWl22q0OYMi3ofsnE7A8P0lAiQ4og4oS_L2GC9g5oDRyPu1YGBV6AuefkipaUhzdy0O0s4hyQwKf9S1D_lHy0ZQJPo8xvyK3Siq_56-Ui8qbdeMygl9DW-iYX9Cq4jGhjU4hpXkBj4ZjRQn6NVqVs-MNqeZ7gC-NFo8OYEhOPsG2NSLZQYZ8jFuvAerTD72Ee_T4q6F_tOqXd7aWhtNEvVz4BO6a1rvOD8A6T3ie04yFI-HC-1XQzSSyCSXIeRcghuFSvhGGU_-CcHlQ_p75GYjW38pKOyoOhP6In-IF24uY9NF0nnrnM1uVFk4ovybV3vixZNPnVYtGd34kGFNgmjYkaB3R6OgmbmthzCNEXCzC6EIOJ-tieNbNoFKGgr7OXqmpO6mPDRzgSqOHbStjPY5nnEVvQIMhENF-iW4GKIVnFiUMuLcNE6ATohd8CqyIj5M21vqfBxFmKceFq6TiOLQJomy2Q
akakus,akakus.kml,20,img_src,failed,https://lh3.googleusercontent.com/umsh/AN6v0v5xnyjV4JnTGrnJZYXNKmHdUqyl2tBQ50M3fnDyDheYpw-FwO0IfTL-KIDh_fmJX7Tspnb6q8kt-c0KGcTxojdtvRkSSnXCjO9cN6UnBFNHu2x_-M-lt29xPU5FSnq-QkMsYpvi11lkfSnQYFJg-n6th9nhOyD95NVplWZOU5dLwQsmShNceNy0lqaTCS6WtsPp11GAhsgx37U5O6HiOXAmPr261jUj7JOPpKwTzMNLcsg8uU3quGRlE8x2M7nDKRu1eH5gR1VEW7ag2HtrGCiyPH9oZ0B0e3hQj7yrXt_myhP9-MzG2t7T6Xzg-4EiNVWEXVWgX3wrttIvOWfmONQDu641BSPkPawqZfRci14C0WbPOrDYAZsNE_5BRKeN3I2Fi7SK05AfmP8uKwd1FNII0Sp8g-cuT2g7N-f7APAWWW6rfncvTan-hT7NQRRbgjFdJzjPpx_SV7KPrJofTVhqypy_Wp2nKbpwIpFmGTy2zf6L_Xz-FuTuqrx8q4Qq_TWLvHwOEGDnL7tjc4RskpPw1bP7GWU7A8JA23e9GOZcmLF2XrY97wqd_2fOUow2Wq7wOcGV5V996Zj6UJBMXm_0rD1FAPtrYDOUL_g7UkmsnY45uw2r6WfopSap3vJewXfDL6C_B63wQw,,HTTPError: 403 Client Error: Forbidden for url: https://lh3.googleusercontent.com/umsh/AN6v0v5xnyjV4JnTGrnJZYXNKmHdUqyl2tBQ50M3fnDyDheYpw-FwO0IfTL-KIDh_fmJX7Tspnb6q8kt-c0KGcTxojdtvRkSSnXCjO9cN6UnBFNHu2x_-M-lt29xPU5FSnq-QkMsYpvi11lkfSnQYFJg-n6th9nhOyD95NVplWZOU5dLwQsmShNceNy0lqaTCS6WtsPp11GAhsgx37U5O6HiOXAmPr261jUj7JOPpKwTzMNLcsg8uU3quGRlE8x2M7nDKRu1eH5gR1VEW7ag2HtrGCiyPH9oZ0B0e3hQj7yrXt_myhP9-MzG2t7T6Xzg-4EiNVWEXVWgX3wrttIvOWfmONQDu641BSPkPawqZfRci14C0WbPOrDYAZsNE_5BRKeN3I2Fi7SK05AfmP8uKwd1FNII0Sp8g-cuT2g7N-f7APAWWW6rfncvTan-hT7NQRRbgjFdJzjPpx_SV7KPrJofTVhqypy_Wp2nKbpwIpFmGTy2zf6L_Xz-FuTuqrx8q4Qq_TWLvHwOEGDnL7tjc4RskpPw1bP7GWU7A8JA23e9GOZcmLF2XrY97wqd_2fOUow2Wq7wOcGV5V996Zj6UJBMXm_0rD1FAPtrYDOUL_g7UkmsnY45uw2r6WfopSap3vJewXfDL6C_B63wQw
akakus,akakus.kml,21,img_src,failed,https://lh3.googleusercontent.com/umsh/AN6v0v5nWYZkM3BKja2F204A_RRn5Ya8u622xO_bbqPIcl43WjFpNhK7n3PmpeyRJhX2HknDVQiQXX4wF7JwAIw9X9XODw4VobaB0c_0E1HcKa_mDOjcR7F6CcUTzFzdamaWrWHJz5v-vYVDJNnU8QrVkTntdqHGVPDZ4pEM6LHNPR61p6zYO01YbF4FuN4rU0wtC8hYwcZLCllAjPNVPjzphjfBA9dUYEhStlXD4gxydysWnYQSs-bWruzDbrSUUkuboLuamiakp7xD_mNiFaGZoa6m0Ej0I1BjDYxmxEmuAfr_fnPcD7YyNbcG_CGjNb-8HkAxZmsdEnsmGbMfnUUqoK6ugCR1rUfms4wOGBnC5h_FYXNbrmIjSgr4QIfAUteZWaNCBq06OlKRgB5pYh_Lec_rsMXcm5-gVsfkwqbHVsOJZG0Lx-gLj2IjuzVKJ5Shlyvprq_-MKzBnmPofvw4gRQSBQCy628yyaOfsAZ69JqQ0W9U8c1VNrai79UWtk9tj1GgCQxMO3ru3biSV_uaMTz4F_9wttVGTb9KNUnyjUoGPEkk2GmKL6baMDNwPZO3BRGhSguoKdeF8GqdVtAjlu32QzntEm_cINjHuv1u2EDiEoIRoTAMc4QJuxqdtQM-N1r332XMYsVuWA,,HTTPError: 403 Client Error: Forbidden for url: https://lh3.googleusercontent.com/umsh/AN6v0v5nWYZkM3BKja2F204A_RRn5Ya8u622xO_bbqPIcl43WjFpNhK7n3PmpeyRJhX2HknDVQiQXX4wF7JwAIw9X9XODw4VobaB0c_0E1HcKa_mDOjcR7F6CcUTzFzdamaWrWHJz5v-vYVDJNnU8QrVkTntdqHGVPDZ4pEM6LHNPR61p6zYO01YbF4FuN4rU0wtC8hYwcZLCllAjPNVPjzphjfBA9dUYEhStlXD4gxydysWnYQSs-bWruzDbrSUUkuboLuamiakp7xD_mNiFaGZoa6m0Ej0I1BjDYxmxEmuAfr_fnPcD7YyNbcG_CGjNb-8HkAxZmsdEnsmGbMfnUUqoK6ugCR1rUfms4wOGBnC5h_FYXNbrmIjSgr4QIfAUteZWaNCBq06OlKRgB5pYh_Lec_rsMXcm5-gVsfkwqbHVsOJZG0Lx-gLj2IjuzVKJ5Shlyvprq_-MKzBnmPofvw4gRQSBQCy628yyaOfsAZ69JqQ0W9U8c1VNrai79UWtk9tj1GgCQxMO3ru3biSV_uaMTz4F_9wttVGTb9KNUnyjUoGPEkk2GmKL6baMDNwPZO3BRGhSguoKdeF8GqdVtAjlu32QzntEm_cINjHuv1u2EDiEoIRoTAMc4QJuxqdtQM-N1r332XMYsVuWA
