"image","status"
"assets/images/hotels/hotels-015-mymaps-feb2b5fdcf1a.png","unmatched"
"assets/images/hotels/hotels-019-mymaps-6c403eb23eb8.png","unmatched"
"assets/images/hotels/hotels-020-mymaps-5887846e5ae8.png","unmatched"
"assets/images/hotels/hotels-021-mymaps-ea6295b5b814.png","unmatched"
"assets/images/hotels/hotels-025-mymaps-86063191c6a3.png","unmatched"
"assets/images/hotels/hotels-026-mymaps-0244437a5e0d.png","unmatched"
"assets/images/hotels/hotels-027-mymaps-f16aef73979e.png","unmatched"
"assets/images/hotels/hotels-050-mymaps-cff0be4bedad.png","unmatched"
"assets/images/hotels/hotels-051-mymaps-c7ca55c7f342.png","unmatched"
"assets/images/hotels/hotels-085-mymaps-19a69f5cedd0.png","unmatched"
"assets/images/hotels/hotels-086-mymaps-09a26289e6b2.png","unmatched"
"assets/images/hotels/hotels-087-mymaps-bfc89ce1f2bd.png","unmatched"
"assets/images/hotels/hotels-099-mymaps-db4cdf418d62.png","unmatched"
"assets/images/hotels/hotels-125-mymaps-aaa1da1d425a.png","unmatched"
"assets/images/hotels/hotels-127-mymaps-bf084662bbc9.png","unmatched"
"assets/images/hotels/hotels-128-mymaps-548662bf3610.png","unmatched"
"assets/images/hotels/hotels-129-mymaps-9e9c75703e3b.png","unmatched"
"assets/images/hotels/hotels-269-mymaps-05d622c87701.png","unmatched"
"assets/images/hotels/hotels-274-mymaps-28d92b6d90fa.png","unmatched"
"assets/images/hotels/hotels-275-mymaps-a92ad37ed2d9.png","unmatched"
"assets/images/hotels/hotels-276-mymaps-89905fa3c15f.png","unmatched"
"assets/images/hotels/hotels-517-mymaps-00aafa5f3172.png","unmatched"
"assets/images/hotels/hotels-518-mymaps-7f4841b4896c.png","unmatched"
"assets/images/hotels/hotels-519-mymaps-1cdc8cbbb3c7.png","unmatched"
"assets/images/hotels/hotels-520-mymaps-c8e98a8592fc.png","unmatched"
"assets/images/hotels/hotels-521-mymaps-9a59173bbdb7.png","unmatched"
"assets/images/hotels/hotels-522-mymaps-2049895230a2.png","unmatched"
"assets/images/hotels/hotels-523-mymaps-513cfa7f6476.png","unmatched"
"assets/images/hotels/hotels-524-mymaps-adddecfb9731.png","unmatched"
"assets/images/hotels/hotels-525-mymaps-dcfe376aa81b.png","unmatched"
"assets/images/hotels/hotels-526-mymaps-4f197927358d.png","unmatched"
"assets/images/hotels/hotels-527-mymaps-d0b62bd220d5.png","unmatched"
"assets/images/hotels/hotels-528-mymaps-74cde89373d6.png","unmatched"
"assets/images/hotels/hotels-529-mymaps-597e9402b00b.png","unmatched"
"assets/images/hotels/hotels-530-mymaps-be61269076fc.png","unmatched"
"assets/images/hotels/hotels-536-mymaps-d4fd42970cbe.png","unmatched"
"assets/images/hotels/hotels-537-mymaps-abcb161fb6ea.png","unmatched"
"assets/images/hotels/hotels-538-mymaps-2a8311fb4871.png","unmatched"
"assets/images/hotels/hotels-541-mymaps-98767d1de90c.png","unmatched"
"assets/images/hotels/hotels-542-mymaps-045f9f265f65.png","unmatched"
"assets/images/hotels/hotels-543-mymaps-b5fffc5d6870.png","unmatched"
"assets/images/hotels/hotels-546-mymaps-f3ae23c3308a.png","unmatched"
"assets/images/hotels/hotels-547-mymaps-76dc0c479f8c.png","unmatched"
"assets/images/hotels/hotels-548-mymaps-753206b67dc1.png","unmatched"
"assets/images/hotels/hotels-550-mymaps-1322836a0f17.png","unmatched"
"assets/images/hotels/hotels-551-mymaps-b0cc2f36b842.png","unmatched"
"assets/images/hotels/hotels-552-mymaps-5515a783ed9e.png","unmatched"
"assets/images/hotels/hotels-555-mymaps-e3910af34e7d.png","unmatched"
"assets/images/hotels/hotels-556-mymaps-54ef083c7e20.png","unmatched"
"assets/images/hotels/hotels-557-mymaps-3acb62ee0608.png","unmatched"
"assets/images/hotels/hotels-558-mymaps-e6df7cf400da.png","unmatched"
"assets/images/hotels/hotels-559-mymaps-6edb5f90e7cf.png","unmatched"
"assets/images/hotels/hotels-560-mymaps-b7ea8a3c95d0.png","unmatched"
"assets/images/hotels/hotels-561-mymaps-47f226518347.png","unmatched"
"assets/images/hotels/hotels-562-mymaps-dbbf0de3dffa.png","unmatched"
"assets/images/hotels/hotels-563-mymaps-c10c960d1e25.png","unmatched"
"assets/images/hotels/hotels-564-mymaps-3d8b373b709c.png","unmatched"
"assets/images/hotels/hotels-565-mymaps-87a5d5ca5aa0.png","unmatched"
"assets/images/hotels/hotels-566-mymaps-ffd892b487ac.png","unmatched"
"assets/images/hotels/hotels-821-mymaps-a880c62b7b89.png","unmatched"
"assets/images/hotels/hotels-822-mymaps-875458b66033.png","unmatched"
"assets/images/hotels/hotels-823-mymaps-b0b64e57ff6b.png","unmatched"
"assets/images/hotels/hotels-824-mymaps-7c633cf38922.png","unmatched"
"assets/images/hotels/hotels-825-mymaps-05c7c822e9ce.png","unmatched"
"assets/images/old-tripoli/old-tripoli-008-mymaps-73f55fdcf804.png","unmatched"
"assets/images/old-tripoli/old-tripoli-009-mymaps-45b1b8e01b88.png","unmatched"
"assets/images/old-tripoli/old-tripoli-011-mymaps-32eb5ad6a842.png","unmatched"
"assets/images/old-tripoli/old-tripoli-012-mymaps-d4b2ffac0f44.png","unmatched"
"assets/images/old-tripoli/old-tripoli-032-mymaps-47787052ac3b.png","unmatched"
"assets/images/old-tripoli/old-tripoli-077-mymaps-2091baec7b49.png","unmatched"
"assets/images/old-tripoli/old-tripoli-078-mymaps-71348ead3aa5.png","unmatched"
"assets/images/old-tripoli/old-tripoli-079-mymaps-d9609d3621a8.png","unmatched"
"assets/images/old-tripoli/old-tripoli-080-mymaps-106164a57f86.png","unmatched"
"assets/images/old-tripoli/old-tripoli-081-mymaps-854d74944446.png","unmatched"
"assets/images/old-tripoli/old-tripoli-082-mymaps-3bc6b5d24cc6.png","unmatched"
"assets/images/old-tripoli/old-tripoli-083-mymaps-e5193326f3d2.png","unmatched"
"assets/images/old-tripoli-recovered/old-tripoli-recovered-001-9ec487077686.jpg","unmatched"
"assets/images/old-tripoli-recovered/old-tripoli-recovered-002-8d046ec99038.png","unmatched"
"assets/images/old-tripoli-recovered/old-tripoli-recovered-003-99a5376068aa.jpg","unmatched"
"assets/images/old-tripoli-recovered/old-tripoli-recovered-004-d211f61af22f.png","unmatched"
"assets/images/old-tripoli-recovered/old-tripoli-recovered-005-f90f8081e5d1.png","unmatched"
"assets/images/old-tripoli-recovered/old-tripoli-recovered-006-9b0962c2d7ec.png","unmatched"
"assets/images/old-tripoli-recovered/old-tripoli-recovered-007-005271f2bb1a.png","unmatched"
"assets/images/old-tripoli-recovered/old-tripoli-recovered-008-24a755c4490a.png","unmatched"
"assets/images/old-tripoli-recovered/old-tripoli-recovered-009-ba3d41fd1393.png","unmatched"
"assets/images/old-tripoli-recovered/old-tripoli-recovered-010-3377ad6c4557.png","unmatched"
"assets/images/old-tripoli-recovered/old-tripoli-recovered-011-bf8ecd053357.png","unmatched"
"assets/images/old-tripoli-recovered/old-tripoli-recovered-012-dd86c9bc16cb.png","unmatched"
"assets/images/old-tripoli-recovered/old-tripoli-recovered-013-27049802d643.png","unmatched"
"assets/images/old-tripoli-recovered/old-tripoli-recovered-014-9e89dd9c825d.png","unmatched"
"assets/images/old-tripoli-recovered/old-tripoli-recovered-015-750de0cac7e6.png","unmatched"
"assets/images/old-tripoli-recovered/old-tripoli-recovered-016-f8b4f6d01a04.png","unmatched"
"assets/images/placeholders/location-placeholder.svg","unmatched"
"assets/images/resorts/resorts-005-mymaps-d47f2f9b2ca1.png","unmatched"
"assets/images/resorts/resorts-006-mymaps-883bac8a224c.png","unmatched"
