"layer","placemark","placemark_index","atlas_id","raw_url","normalized_url","local_file_exists","http_status","content_type","magic_bytes","browser_decode_status","recovery_status","final_local_path"
"world-heritage","بحيرة عين الذبان","180","LY-WH-000180","https://mymaps.usercontent.google.com/hostedimage/m/*/3AE5a_GzAtwX8bAbFgtEu9XRxUVckUvSoTXca2Arj06vMxJQ5T__b15OnnJRzt8MT2yVP0p8-2XgaeuEdx69n11GPRhiAGVbI050jM0cMTD9UDDPeTvDEnkfj7OYy9EdPho8RxfbPGESdv_kt13HFpDtN9trP-d98xFZnNRvZ8uJXpmvoKlkRL525ycjb5ytV94xqGdrYsuZPx7eZ3_3OVvfaR7jeizZdRRFpxflSMvY_Do8OYPdYyUtqjuasuoY?authuser=1&fife=s16383","https://mymaps.usercontent.google.com/hostedimage/m/*/3AE5a_GzAtwX8bAbFgtEu9XRxUVckUvSoTXca2Arj06vMxJQ5T__b15OnnJRzt8MT2yVP0p8-2XgaeuEdx69n11GPRhiAGVbI050jM0cMTD9UDDPeTvDEnkfj7OYy9EdPho8RxfbPGESdv_kt13HFpDtN9trP-d98xFZnNRvZ8uJXpmvoKlkRL525ycjb5ytV94xqGdrYsuZPx7eZ3_3OVvfaR7jeizZdRRFpxflSMvY_Do8OYPdYyUtqjuasuoY?authuser=1&fife=s16383","true","200","image/png","89 50 4E 47","pending_browser_validation","recovered","/assets/images/world-heritage/world-heritage-LY-WH-000180-01.png"
"world-heritage","بحيرة عين الذبان","180","LY-WH-000180","https://mymaps.usercontent.google.com/hostedimage/m/*/3AE5a_GwGxgYXcuKFLVSv3Pe3pI8tN-_QjO_rJc8z7X8VHkOxPbtqOsh9D5Ux1EnOnpeF7rNA_SnmbKEnOyrw8jf3VDAFAyxsrV67TaKHVWGrm_VZ9DgM0MTkCjJ_j9DFBQNprNrG4TrTWv8S6hhewndm8oPPfpStDACCwKYaWw4Xy62260at2Bul5OsBHKXVisvSOt39RSsxpVtpxJ-d1U0rdJWtotvnVo25hq_ZJ70YFRXV5L13hH1-vsi8Bqk?authuser=1&fife=s16383","https://mymaps.usercontent.google.com/hostedimage/m/*/3AE5a_GwGxgYXcuKFLVSv3Pe3pI8tN-_QjO_rJc8z7X8VHkOxPbtqOsh9D5Ux1EnOnpeF7rNA_SnmbKEnOyrw8jf3VDAFAyxsrV67TaKHVWGrm_VZ9DgM0MTkCjJ_j9DFBQNprNrG4TrTWv8S6hhewndm8oPPfpStDACCwKYaWw4Xy62260at2Bul5OsBHKXVisvSOt39RSsxpVtpxJ-d1U0rdJWtotvnVo25hq_ZJ70YFRXV5L13hH1-vsi8Bqk?authuser=1&fife=s16383","true","200","image/png","89 50 4E 47","pending_browser_validation","recovered","/assets/images/world-heritage/world-heritage-LY-WH-000180-02.png"
"world-heritage","المسجد العتيق","181","LY-WH-000181","https://mymaps.usercontent.google.com/hostedimage/m/*/3AE5a_GxxOHYa05zEQce-0KRYwHBeIGVNKa4_0Fq9tfQK7qOTf88JiAmcUqneK3H9yk9z7JzApLv7XYMWbnmpqrye9Ogcq2TXUOEbXMtX1iLNj0YcmTZXQpIiX5BmGM9VAaXvtnQSj-akQVD5KtD8YcWMCdGB78eh7fqGFkIHqd6kAWcVqkYRJDB7khapKtFoRkMQU3l-UyIVQRR9tsjid4A0_MwpZ-Z3Mx7yAtYgL64Pud6Y5mZxbHUaV0um4jo?authuser=1&fife=s16383","https://mymaps.usercontent.google.com/hostedimage/m/*/3AE5a_GxxOHYa05zEQce-0KRYwHBeIGVNKa4_0Fq9tfQK7qOTf88JiAmcUqneK3H9yk9z7JzApLv7XYMWbnmpqrye9Ogcq2TXUOEbXMtX1iLNj0YcmTZXQpIiX5BmGM9VAaXvtnQSj-akQVD5KtD8YcWMCdGB78eh7fqGFkIHqd6kAWcVqkYRJDB7khapKtFoRkMQU3l-UyIVQRR9tsjid4A0_MwpZ-Z3Mx7yAtYgL64Pud6Y5mZxbHUaV0um4jo?authuser=1&fife=s16383","true","200","image/png","89 50 4E 47","pending_browser_validation","recovered","/assets/images/world-heritage/world-heritage-LY-WH-000181-01.png"
"world-heritage","المسجد العتيق","181","LY-WH-000181","https://mymaps.usercontent.google.com/hostedimage/m/*/3AE5a_GwmQ_-QJ5Pv8U2WUz-F1caeHCK_LIx3U1Kp1CpM6aCmZH9S3nHPzor2i-2iBUlHn6PLHaKS8D3TWBKlVagbb0L0a_bkmpSn7ixLXP71EuyozJmafl_71jgIpHNVY8vRPfqVSDYONlLyVA1unnrfNmpvSqv7lY7E4Z0oppVWv-BlmDEsBuLeqX4nruxHO51bRm8RM0Uzuo1CP4RoQCySQJQWl6J639QAkUJVCtMcrD5jLuUizC5xo5IzEhg?authuser=1&fife=s16383","https://mymaps.usercontent.google.com/hostedimage/m/*/3AE5a_GwmQ_-QJ5Pv8U2WUz-F1caeHCK_LIx3U1Kp1CpM6aCmZH9S3nHPzor2i-2iBUlHn6PLHaKS8D3TWBKlVagbb0L0a_bkmpSn7ixLXP71EuyozJmafl_71jgIpHNVY8vRPfqVSDYONlLyVA1unnrfNmpvSqv7lY7E4Z0oppVWv-BlmDEsBuLeqX4nruxHO51bRm8RM0Uzuo1CP4RoQCySQJQWl6J639QAkUJVCtMcrD5jLuUizC5xo5IzEhg?authuser=1&fife=s16383","true","200","image/png","89 50 4E 47","pending_browser_validation","recovered","/assets/images/world-heritage/world-heritage-LY-WH-000181-02.png"
"world-heritage","المسجد العتيق","181","LY-WH-000181","https://mymaps.usercontent.google.com/hostedimage/m/*/3AE5a_GyKLwogxR1Dx4-yMxwB4uVIVR9QyS-BqsYH6KO9_H0h80SrG6PdZaA6T7Wk5dLqvvNSO3MQUmdG75VcFIj2uWTV5a7BPU-AFYj045sPJRiJht2arfm1d6S9ChUnDDbqtYj4Pdt3Ibn2KkFjCq8clvUpYqCXCLcKwIKPSvV585Anuqs64tBvOOywv3LzSRAV9QyXVu5C45gTJg8WaVVurxa4mfKPyx9XpVd598TcSBOk_Uju4sXTDUQDnLw?authuser=1&fife=s16383","https://mymaps.usercontent.google.com/hostedimage/m/*/3AE5a_GyKLwogxR1Dx4-yMxwB4uVIVR9QyS-BqsYH6KO9_H0h80SrG6PdZaA6T7Wk5dLqvvNSO3MQUmdG75VcFIj2uWTV5a7BPU-AFYj045sPJRiJht2arfm1d6S9ChUnDDbqtYj4Pdt3Ibn2KkFjCq8clvUpYqCXCLcKwIKPSvV585Anuqs64tBvOOywv3LzSRAV9QyXVu5C45gTJg8WaVVurxa4mfKPyx9XpVd598TcSBOk_Uju4sXTDUQDnLw?authuser=1&fife=s16383","true","200","image/png","89 50 4E 47","pending_browser_validation","recovered","/assets/images/world-heritage/world-heritage-LY-WH-000181-03.png"
"world-heritage","جبل الصحابة أو رأس الغولة","182","LY-WH-000182","https://mymaps.usercontent.google.com/hostedimage/m/*/3AE5a_GwNs4IZjY0J6GJ_sAKBxbU-7DHPTvdK9kiuvihpEgzuJfTInzLnPhT_7xdzLNDvMqjB5ofN7oqbHjDTwaD9C5otB3clKhlnu776JchCBP6Q5ifHu1syrorRtcFDscZ8OmZEa1e04QSriFgc0w4r4_nPxtEoLFRAOWsUKM5095qxIg81biFLoiLeeq147gCS_vM1l6LoLvRTbc7KVMGhIRbWSIWF0-WCr5DBkv1pEK8qdopFUixCcpAkc3E?authuser=1&fife=s16383","https://mymaps.usercontent.google.com/hostedimage/m/*/3AE5a_GwNs4IZjY0J6GJ_sAKBxbU-7DHPTvdK9kiuvihpEgzuJfTInzLnPhT_7xdzLNDvMqjB5ofN7oqbHjDTwaD9C5otB3clKhlnu776JchCBP6Q5ifHu1syrorRtcFDscZ8OmZEa1e04QSriFgc0w4r4_nPxtEoLFRAOWsUKM5095qxIg81biFLoiLeeq147gCS_vM1l6LoLvRTbc7KVMGhIRbWSIWF0-WCr5DBkv1pEK8qdopFUixCcpAkc3E?authuser=1&fife=s16383","true","200","image/png","89 50 4E 47","pending_browser_validation","recovered","/assets/images/world-heritage/world-heritage-LY-WH-000182-01.png"
"world-heritage","جبل الصحابة أو رأس الغولة","182","LY-WH-000182","https://mymaps.usercontent.google.com/hostedimage/m/*/3AE5a_Gx9mK75JGcyxR-6EtR1pTSmE-pB1mkQWNTB_bdw5bRqcOCUPHyzzqpL8rtpZHYBeOyfx1J9KRapmV28VxGN9XYA6gsi0auzReAF6orMXgvfMLciyrLGsgYFu9_JU9kJCU293Z0O5GJ1PfwtmmIeXwGHXpBf2rPUIuE5NouXeCrJ3e_2IxGymX_DrSbMzslvb5zvYtKq-rL7_1w6jER3CIvVVBRxuF_KqHVh2muIasx0Q6sScEZjo4r_xDg?authuser=1&fife=s16383","https://mymaps.usercontent.google.com/hostedimage/m/*/3AE5a_Gx9mK75JGcyxR-6EtR1pTSmE-pB1mkQWNTB_bdw5bRqcOCUPHyzzqpL8rtpZHYBeOyfx1J9KRapmV28VxGN9XYA6gsi0auzReAF6orMXgvfMLciyrLGsgYFu9_JU9kJCU293Z0O5GJ1PfwtmmIeXwGHXpBf2rPUIuE5NouXeCrJ3e_2IxGymX_DrSbMzslvb5zvYtKq-rL7_1w6jER3CIvVVBRxuF_KqHVh2muIasx0Q6sScEZjo4r_xDg?authuser=1&fife=s16383","true","200","image/png","89 50 4E 47","pending_browser_validation","recovered","/assets/images/world-heritage/world-heritage-LY-WH-000182-02.png"
"world-heritage","جبل الصحابة أو رأس الغولة","182","LY-WH-000182","https://mymaps.usercontent.google.com/hostedimage/m/*/3AE5a_GzoyhHXZmz4FYP-8-FO1O4se74D7mkkwgS8Hs_qeRsef-QLO4Dvyl6KQ4CCN9cT0FgeWLvE5CIilx3lz-qrUm4t4NSECfQcv8Z_ZY-gJUtPMEWdmocPbjX7DdNMuNlDjKAqCUAcliiikzaKGU3zgE_AS53GU-qT9r6iLZhFWShIxLIxeB2ow_DopM6f8p_UoaU2EGiB1ovyA6ntvpPB1wNk2Dk78VfS4lu5T6unLQwNhPCeKVDPzE5unUg?authuser=1&fife=s16383","https://mymaps.usercontent.google.com/hostedimage/m/*/3AE5a_GzoyhHXZmz4FYP-8-FO1O4se74D7mkkwgS8Hs_qeRsef-QLO4Dvyl6KQ4CCN9cT0FgeWLvE5CIilx3lz-qrUm4t4NSECfQcv8Z_ZY-gJUtPMEWdmocPbjX7DdNMuNlDjKAqCUAcliiikzaKGU3zgE_AS53GU-qT9r6iLZhFWShIxLIxeB2ow_DopM6f8p_UoaU2EGiB1ovyA6ntvpPB1wNk2Dk78VfS4lu5T6unLQwNhPCeKVDPzE5unUg?authuser=1&fife=s16383","true","200","image/png","89 50 4E 47","pending_browser_validation","recovered","/assets/images/world-heritage/world-heritage-LY-WH-000182-03.png"
"world-heritage","عين الفرس","183","LY-WH-000183","https://mymaps.usercontent.google.com/hostedimage/m/*/3AE5a_GyU1rewDpqtcUT2ENsMc5u4_Jpt158xUbp9cWQzSVK3s97WLDIFljCRNCNXJusYAYmMOAbU9HUFPjwdgcvMPrmHk-j8OwrVXChROH3qLkoFlTCMptJGg41-j_TNdKMZEcf_o1OTYl_4CD8E5sNHGFpuirEad3cyrtLPmNlgAB0fI9g7Qy5J22m0mL6M0AJovSsBZhXXF4734PTtPgZxWSWlcoy0F9HTjC4wSsrE1rf_XiTzUSNmyKavx3E?authuser=1&fife=s16383","https://mymaps.usercontent.google.com/hostedimage/m/*/3AE5a_GyU1rewDpqtcUT2ENsMc5u4_Jpt158xUbp9cWQzSVK3s97WLDIFljCRNCNXJusYAYmMOAbU9HUFPjwdgcvMPrmHk-j8OwrVXChROH3qLkoFlTCMptJGg41-j_TNdKMZEcf_o1OTYl_4CD8E5sNHGFpuirEad3cyrtLPmNlgAB0fI9g7Qy5J22m0mL6M0AJovSsBZhXXF4734PTtPgZxWSWlcoy0F9HTjC4wSsrE1rf_XiTzUSNmyKavx3E?authuser=1&fife=s16383","true","200","image/png","89 50 4E 47","pending_browser_validation","recovered","/assets/images/world-heritage/world-heritage-LY-WH-000183-01.png"
"world-heritage","عين الفرس","183","LY-WH-000183","https://mymaps.usercontent.google.com/hostedimage/m/*/3AE5a_GyhBvNeRGvxA6Q-vH2L5Tq1qC-W5ja_kRTbaIedYEweF73CxbzyWHwwldMAepk-zqQlt3qLGeb9SThRDm4eipDV8Od9_7CCkyWk2R9R5JTBeFWOEAv0JhdLbEjps2mpF6kUc2JDH_iJAIVCCc3Y0QJjocj98JOCI7bwP7EKoYWMo49gmfnG8yGFmnvQp_X_-5EnoTNW5lRl8idR-3ezNVT9dvsMo5QOzkQwvQm-f_LxyUA165b7EygEnNE?authuser=1&fife=s16383","https://mymaps.usercontent.google.com/hostedimage/m/*/3AE5a_GyhBvNeRGvxA6Q-vH2L5Tq1qC-W5ja_kRTbaIedYEweF73CxbzyWHwwldMAepk-zqQlt3qLGeb9SThRDm4eipDV8Od9_7CCkyWk2R9R5JTBeFWOEAv0JhdLbEjps2mpF6kUc2JDH_iJAIVCCc3Y0QJjocj98JOCI7bwP7EKoYWMo49gmfnG8yGFmnvQp_X_-5EnoTNW5lRl8idR-3ezNVT9dvsMo5QOzkQwvQm-f_LxyUA165b7EygEnNE?authuser=1&fife=s16383","true","200","image/png","89 50 4E 47","pending_browser_validation","recovered","/assets/images/world-heritage/world-heritage-LY-WH-000183-02.png"
"world-heritage","عين الفرس","183","LY-WH-000183","https://mymaps.usercontent.google.com/hostedimage/m/*/3AE5a_GyzDBDFA2wxWIHHqY47dwiIdnMRLDwKoM_XO_2106gLo74U-VEpC6OMGi72BuKEub4VFPRNGMh_h9ITz_OeIwzEj87HS4wDLcZyKnR3SnIXF87bxj0s9kxcFXTBUaqhiWiQCb6ff5r-9dIfes858leb1mfpYu5K80YWej_cWLMFPmAgUXfRWZ51_luSgQRjfw3a4NUDpZihPFUHsVPsdXtkwT9Cw0LIdKYxLcRRcPiP6C6If5ORlC2t6CM?authuser=1&fife=s16383","https://mymaps.usercontent.google.com/hostedimage/m/*/3AE5a_GyzDBDFA2wxWIHHqY47dwiIdnMRLDwKoM_XO_2106gLo74U-VEpC6OMGi72BuKEub4VFPRNGMh_h9ITz_OeIwzEj87HS4wDLcZyKnR3SnIXF87bxj0s9kxcFXTBUaqhiWiQCb6ff5r-9dIfes858leb1mfpYu5K80YWej_cWLMFPmAgUXfRWZ51_luSgQRjfw3a4NUDpZihPFUHsVPsdXtkwT9Cw0LIdKYxLcRRcPiP6C6If5ORlC2t6CM?authuser=1&fife=s16383","true","200","image/png","89 50 4E 47","pending_browser_validation","recovered","/assets/images/world-heritage/world-heritage-LY-WH-000183-03.png"
"world-heritage","تمسمودسن","185","LY-WH-000185","https://mymaps.usercontent.google.com/hostedimage/m/*/3AE5a_GzVMa7rvkQq5iOab7UNxqyRzWzaTrWlnKAwjxo5f8wu9bDz8Own0TVJyykbPE8MYi58YaVaKqytoERgAe8xfVjYfPR2l4WzG8f46YvtqQmQ8jduEZvDAlA9-AYVWvcuWg_cdBaNcl5CF3w2kKo65Si0GM-JmLSDwzukzyz3229sx-UGsPRzuxNqms6-52t7jsOQ9Gc4ZWo23Sgxf5qZperh271-7Li9d25NO6o0TlRnf7WooGKqW19l8fQ?authuser=1&fife=s16383","https://mymaps.usercontent.google.com/hostedimage/m/*/3AE5a_GzVMa7rvkQq5iOab7UNxqyRzWzaTrWlnKAwjxo5f8wu9bDz8Own0TVJyykbPE8MYi58YaVaKqytoERgAe8xfVjYfPR2l4WzG8f46YvtqQmQ8jduEZvDAlA9-AYVWvcuWg_cdBaNcl5CF3w2kKo65Si0GM-JmLSDwzukzyz3229sx-UGsPRzuxNqms6-52t7jsOQ9Gc4ZWo23Sgxf5qZperh271-7Li9d25NO6o0TlRnf7WooGKqW19l8fQ?authuser=1&fife=s16383","true","200","image/png","89 50 4E 47","pending_browser_validation","recovered","/assets/images/world-heritage/world-heritage-LY-WH-000185-01.png"
"world-heritage","جامع يونس","186","LY-WH-000186","https://mymaps.usercontent.google.com/hostedimage/m/*/3AE5a_GzFdsTH2oiqUylHSUkphKtmIkpamRslrhMMUbMfc_gUCDgh489YAsX9heyhHfra664I5p4IrZx20xrEII8r6UV9vgvi7sJQCXxJsMRvDswm6TEk8RIPU0m4KS7SAz73AQFVngsXq3V5y5W8uTEgM2OETzadjNMLPiacRumKhgj1YpIobg2FdQO6aRcwDJU97SK79jRPDxgOpELw6Ry_NqGKEaXb6OeM_2SjGEAeHesQtVu3b9wJNWXv91o?authuser=1&fife=s16383","https://mymaps.usercontent.google.com/hostedimage/m/*/3AE5a_GzFdsTH2oiqUylHSUkphKtmIkpamRslrhMMUbMfc_gUCDgh489YAsX9heyhHfra664I5p4IrZx20xrEII8r6UV9vgvi7sJQCXxJsMRvDswm6TEk8RIPU0m4KS7SAz73AQFVngsXq3V5y5W8uTEgM2OETzadjNMLPiacRumKhgj1YpIobg2FdQO6aRcwDJU97SK79jRPDxgOpELw6Ry_NqGKEaXb6OeM_2SjGEAeHesQtVu3b9wJNWXv91o?authuser=1&fife=s16383","true","200","image/png","89 50 4E 47","pending_browser_validation","recovered","/assets/images/world-heritage/world-heritage-LY-WH-000186-01.png"
"world-heritage","جامع يونس","186","LY-WH-000186","https://mymaps.usercontent.google.com/hostedimage/m/*/3AE5a_GxGVJKjZUSxpLftrrfPzpk4MQ_l4scgPO1tnFRTDqtzjKZR0Mzz2x9BSJwQ_lZWfNAk1Jp7F4l6hhK5athHXTLOH4O76CztzU02ZXNhssk7aqYJY1itz-Uuf1UyeNREn95UBkJ_qu9hRxWF7Wof30aF_VzNIslMS_ZPFryYLgAzvcTY37NImzv41drjsip9bBKbZ3X2ihv-IuBkw5lCDREnbVHagvJkGW2-m1MQQcUuWmFiF4jtSpb6QZo?authuser=1&fife=s16383","https://mymaps.usercontent.google.com/hostedimage/m/*/3AE5a_GxGVJKjZUSxpLftrrfPzpk4MQ_l4scgPO1tnFRTDqtzjKZR0Mzz2x9BSJwQ_lZWfNAk1Jp7F4l6hhK5athHXTLOH4O76CztzU02ZXNhssk7aqYJY1itz-Uuf1UyeNREn95UBkJ_qu9hRxWF7Wof30aF_VzNIslMS_ZPFryYLgAzvcTY37NImzv41drjsip9bBKbZ3X2ihv-IuBkw5lCDREnbVHagvJkGW2-m1MQQcUuWmFiF4jtSpb6QZo?authuser=1&fife=s16383","true","200","image/png","89 50 4E 47","pending_browser_validation","recovered","/assets/images/world-heritage/world-heritage-LY-WH-000186-02.png"
"world-heritage","جامع يونس","186","LY-WH-000186","https://mymaps.usercontent.google.com/hostedimage/m/*/3AE5a_Gyqhm9Xwkl50-zKkr8ZH4w0yKB0A6UV_etjzSm5pF-Q5LB8OhR3goYvCivZo5wRBJXFiLRg3TXQhR6WtonOW20chPBXUJ-ORTD1mxmZrSMjQaFmrFORcss1MDzyMoqFhf8Q8QyeeUgGYXOj_gCkwhYR5OBwDT21iTi1jKkh5fJY5E339AetFJTfGFrXmH9Pq4ETaODccY86-HAJ9m70sfUYPj9NG-OdD5_ueWw_gM8vUSzrL07EJ2f9NLs?authuser=1&fife=s16383","https://mymaps.usercontent.google.com/hostedimage/m/*/3AE5a_Gyqhm9Xwkl50-zKkr8ZH4w0yKB0A6UV_etjzSm5pF-Q5LB8OhR3goYvCivZo5wRBJXFiLRg3TXQhR6WtonOW20chPBXUJ-ORTD1mxmZrSMjQaFmrFORcss1MDzyMoqFhf8Q8QyeeUgGYXOj_gCkwhYR5OBwDT21iTi1jKkh5fJY5E339AetFJTfGFrXmH9Pq4ETaODccY86-HAJ9m70sfUYPj9NG-OdD5_ueWw_gM8vUSzrL07EJ2f9NLs?authuser=1&fife=s16383","true","200","image/png","89 50 4E 47","pending_browser_validation","recovered","/assets/images/world-heritage/world-heritage-LY-WH-000186-03.png"
"world-heritage","واحة تومس_غابات النخيل","187","LY-WH-000187","https://mymaps.usercontent.google.com/hostedimage/m/*/3AE5a_Gw7HzAzb6c8TwrqQfq6WPw7K7COvlvQG9xzN3bH_4O1lrTDcPI-jAdEKS6P1mvh3T08M-mbvvcwfrssZ6qImFBWWdRfSnIk36Nqwgiy16ctxpM32rCO2U7Ld93kMI5KdyAgtdG3RrsUTu7mmK74U9ZU5tOTNfL_v4BRwBWKnPYShM6D7der14Dw207X05dOiEcex7WQj46rZKFaIF6s1QdD0PALCcN3v2EGHQM6PJf_txvqex4NC4DE548?authuser=1&fife=s16383","https://mymaps.usercontent.google.com/hostedimage/m/*/3AE5a_Gw7HzAzb6c8TwrqQfq6WPw7K7COvlvQG9xzN3bH_4O1lrTDcPI-jAdEKS6P1mvh3T08M-mbvvcwfrssZ6qImFBWWdRfSnIk36Nqwgiy16ctxpM32rCO2U7Ld93kMI5KdyAgtdG3RrsUTu7mmK74U9ZU5tOTNfL_v4BRwBWKnPYShM6D7der14Dw207X05dOiEcex7WQj46rZKFaIF6s1QdD0PALCcN3v2EGHQM6PJf_txvqex4NC4DE548?authuser=1&fife=s16383","true","200","image/png","89 50 4E 47","pending_browser_validation","recovered","/assets/images/world-heritage/world-heritage-LY-WH-000187-01.png"
"world-heritage","واحة تومس_غابات النخيل","187","LY-WH-000187","https://mymaps.usercontent.google.com/hostedimage/m/*/3AE5a_GyKTC0hzZPfjLOf81AgPgJ1SLQTDNTSJ6m7Zo-FMdqAplVOVk5hBv14IPDr8EE9tgKuyYitEsxMWS__WoNnyZ8JemgyQtjZYtsY4Un4h1UI8UVa3sfsObR6JZ93EgqIg0rx5xW6PfKsBq3WE0QBGMX4hsdD1yJPsOMPivYrGucsy3VCpcmvIsxtjZGDURvl1kl19N5SP4RE9KKp0bi3behYMt-MAwyyICBKYW61c9vZvt3cIVyxem7Ug5o?authuser=1&fife=s16383","https://mymaps.usercontent.google.com/hostedimage/m/*/3AE5a_GyKTC0hzZPfjLOf81AgPgJ1SLQTDNTSJ6m7Zo-FMdqAplVOVk5hBv14IPDr8EE9tgKuyYitEsxMWS__WoNnyZ8JemgyQtjZYtsY4Un4h1UI8UVa3sfsObR6JZ93EgqIg0rx5xW6PfKsBq3WE0QBGMX4hsdD1yJPsOMPivYrGucsy3VCpcmvIsxtjZGDURvl1kl19N5SP4RE9KKp0bi3behYMt-MAwyyICBKYW61c9vZvt3cIVyxem7Ug5o?authuser=1&fife=s16383","true","200","image/png","89 50 4E 47","pending_browser_validation","recovered","/assets/images/world-heritage/world-heritage-LY-WH-000187-02.png"
"world-heritage","مدرسة تيلوان","188","LY-WH-000188","https://mymaps.usercontent.google.com/hostedimage/m/*/3AE5a_Gxzt47jXQ9pNJPfuZfrriC2FX1znBjIasi0M35-1JIStqvZjpFMcmTV7WnZDD46f7OrAYdTKwow1_L11Eu6DGQJy91t-Ljf5nnKiWcdrOHpCM02IdoLerx5atdGdl3NcFFWuGm1BcbV-NtQH_zxfBNZp3_DsvhGKMSwsSRepEMVafKjHtkZBr7XjVAGaS_JB1fsfq-SPE42T7GLG9nQEmro6q5mF5z8fNQoERZl0gCQPuekMt4ugGgxY18?authuser=1&fife=s16383","https://mymaps.usercontent.google.com/hostedimage/m/*/3AE5a_Gxzt47jXQ9pNJPfuZfrriC2FX1znBjIasi0M35-1JIStqvZjpFMcmTV7WnZDD46f7OrAYdTKwow1_L11Eu6DGQJy91t-Ljf5nnKiWcdrOHpCM02IdoLerx5atdGdl3NcFFWuGm1BcbV-NtQH_zxfBNZp3_DsvhGKMSwsSRepEMVafKjHtkZBr7XjVAGaS_JB1fsfq-SPE42T7GLG9nQEmro6q5mF5z8fNQoERZl0gCQPuekMt4ugGgxY18?authuser=1&fife=s16383","true","200","image/png","89 50 4E 47","pending_browser_validation","recovered","/assets/images/world-heritage/world-heritage-LY-WH-000188-01.png"
"world-heritage","مدرسة تيلوان","188","LY-WH-000188","https://mymaps.usercontent.google.com/hostedimage/m/*/3AE5a_Gz69KWwHRGo-BCYqj_BvXCpjYpnaP2AptGVwi_E8OzDXGH5SMz_wCPcT4jtQxo8o3gyHN2a0GK4fyEz3VBO7k4BPWE0P7UTKyRhM1bngHrUJFHBcN_LOe-OoMXLrFQaGQZRTNO_EZEBu1bOpzHzBQejLx98y0eqToPtJLvCHR0aR01_g8m8_8VE17QNYnMHRVs1R-8s8Liu_eqDf2GCj6nphP0g6nEao-xBKtg66JskYr6KqeK38h76VPA?authuser=1&fife=s16383","https://mymaps.usercontent.google.com/hostedimage/m/*/3AE5a_Gz69KWwHRGo-BCYqj_BvXCpjYpnaP2AptGVwi_E8OzDXGH5SMz_wCPcT4jtQxo8o3gyHN2a0GK4fyEz3VBO7k4BPWE0P7UTKyRhM1bngHrUJFHBcN_LOe-OoMXLrFQaGQZRTNO_EZEBu1bOpzHzBQejLx98y0eqToPtJLvCHR0aR01_g8m8_8VE17QNYnMHRVs1R-8s8Liu_eqDf2GCj6nphP0g6nEao-xBKtg66JskYr6KqeK38h76VPA?authuser=1&fife=s16383","true","200","image/png","89 50 4E 47","pending_browser_validation","recovered","/assets/images/world-heritage/world-heritage-LY-WH-000188-02.png"
"world-heritage","مدرسة تيلوان","188","LY-WH-000188","https://mymaps.usercontent.google.com/hostedimage/m/*/3AE5a_GyzZpYviLgqxGNBcDCl9JDRtmLs8c-X6BHCfoHwbAtMtKIA_4zHSBto7uXUo4qoESQw5ncSCpbkl1LTlnXHP9J5gSYldiT44IVo1Ek9I4qD8SWuQ10bX6zxes0D6XcHpuXrdgJi29Os3Q6oizj8iNvvnBp9YSdwYES5LIk8XAoEFv7JgVqZKzqg0V1UxURBnElX4XsVk5dbnVFDFHrLr-5bY6qle5iVPlEdmg6SXE6sLN_tPlZvSgYlDJo?authuser=1&fife=s16383","https://mymaps.usercontent.google.com/hostedimage/m/*/3AE5a_GyzZpYviLgqxGNBcDCl9JDRtmLs8c-X6BHCfoHwbAtMtKIA_4zHSBto7uXUo4qoESQw5ncSCpbkl1LTlnXHP9J5gSYldiT44IVo1Ek9I4qD8SWuQ10bX6zxes0D6XcHpuXrdgJi29Os3Q6oizj8iNvvnBp9YSdwYES5LIk8XAoEFv7JgVqZKzqg0V1UxURBnElX4XsVk5dbnVFDFHrLr-5bY6qle5iVPlEdmg6SXE6sLN_tPlZvSgYlDJo?authuser=1&fife=s16383","true","200","image/png","89 50 4E 47","pending_browser_validation","recovered","/assets/images/world-heritage/world-heritage-LY-WH-000188-03.png"
"world-heritage","مدينة غدامس القديمة","189","LY-WH-000189","https://mymaps.usercontent.google.com/hostedimage/m/*/3AE5a_Gx2jsqiK2h4Cg3AscDr2-oiuwkar3LTn8bL134aoPFmECR5MaUENM6BEdzwfL9h41QWTCc8_2FZJOnbIfOXLeKqS_v6kgnnoaVfi16XvMSmRQEiJSW4ZQZIzZdSEJ6y6536Mstu7ojvQ6_EV8CTuPasJ9UexjaYFAhxwP8ZsR8GWwfcuzwYPryNvQ-KqP8CCxzjh0AEgaPrUGQBYGCH5yIaPl0P8yKy0bKwUU3LUfaSGCtTXuts6jkC65c?authuser=1&fife=s16383","https://mymaps.usercontent.google.com/hostedimage/m/*/3AE5a_Gx2jsqiK2h4Cg3AscDr2-oiuwkar3LTn8bL134aoPFmECR5MaUENM6BEdzwfL9h41QWTCc8_2FZJOnbIfOXLeKqS_v6kgnnoaVfi16XvMSmRQEiJSW4ZQZIzZdSEJ6y6536Mstu7ojvQ6_EV8CTuPasJ9UexjaYFAhxwP8ZsR8GWwfcuzwYPryNvQ-KqP8CCxzjh0AEgaPrUGQBYGCH5yIaPl0P8yKy0bKwUU3LUfaSGCtTXuts6jkC65c?authuser=1&fife=s16383","true","200","image/png","89 50 4E 47","pending_browser_validation","recovered","/assets/images/world-heritage/world-heritage-LY-WH-000189-01.png"
"world-heritage","مدينة غدامس القديمة","189","LY-WH-000189","https://mymaps.usercontent.google.com/hostedimage/m/*/3AE5a_GxGMoG-IV0MjZxVUfxknSl_B1VoLfSbvHNpk_LBKo61i9yrFZsk724uPcBmekdzneyXZIx89aCqnG2NzmX5b5XyGNenr8ch3AuCdk477CZRLyyFG084gfmbgk9ibGmGu-9Zmq9wCU0DVewqv7pkkqOk3WzJRg0JI_xI1MmsB-DWyvROHu8CouZt8FWV49XEdkQCtCLL_CYUcSQQ5N8m2zYu5AoFaGwI_mJHibl5vBVYH1exg54yPA5EASw?authuser=1&fife=s16383","https://mymaps.usercontent.google.com/hostedimage/m/*/3AE5a_GxGMoG-IV0MjZxVUfxknSl_B1VoLfSbvHNpk_LBKo61i9yrFZsk724uPcBmekdzneyXZIx89aCqnG2NzmX5b5XyGNenr8ch3AuCdk477CZRLyyFG084gfmbgk9ibGmGu-9Zmq9wCU0DVewqv7pkkqOk3WzJRg0JI_xI1MmsB-DWyvROHu8CouZt8FWV49XEdkQCtCLL_CYUcSQQ5N8m2zYu5AoFaGwI_mJHibl5vBVYH1exg54yPA5EASw?authuser=1&fife=s16383","true","200","image/png","89 50 4E 47","pending_browser_validation","recovered","/assets/images/world-heritage/world-heritage-LY-WH-000189-02.png"
"world-heritage","مدينة غدامس القديمة","189","LY-WH-000189","https://mymaps.usercontent.google.com/hostedimage/m/*/3AE5a_GyvtKfSii8v4GhpnTC040fHWZmbTcdVAfJDqKbX6epr8Sgp_Za4ddVw0DBVgQW9NUzGULzUy14DavQrRTVwncxSJIs9TUD8GOB7ROL43W22GhnsFFc4Ibsz-LxXzs6IgR4Ftp2YTfn210Cd-qE5Zgshlv991TOGF42wtf2UjmPq3NHG3gOD-Kan_0MlUMNZ_6ewlbEjd7koTZUMB5atiMlGQpKcr3EY6TS57_0aqWvfwqZnh3Z0F85JjpY?authuser=1&fife=s16383","https://mymaps.usercontent.google.com/hostedimage/m/*/3AE5a_GyvtKfSii8v4GhpnTC040fHWZmbTcdVAfJDqKbX6epr8Sgp_Za4ddVw0DBVgQW9NUzGULzUy14DavQrRTVwncxSJIs9TUD8GOB7ROL43W22GhnsFFc4Ibsz-LxXzs6IgR4Ftp2YTfn210Cd-qE5Zgshlv991TOGF42wtf2UjmPq3NHG3gOD-Kan_0MlUMNZ_6ewlbEjd7koTZUMB5atiMlGQpKcr3EY6TS57_0aqWvfwqZnh3Z0F85JjpY?authuser=1&fife=s16383","true","200","image/png","89 50 4E 47","pending_browser_validation","recovered","/assets/images/world-heritage/world-heritage-LY-WH-000189-03.png"
"world-heritage","متحف غدامس","190","LY-WH-000190","https://mymaps.usercontent.google.com/hostedimage/m/*/3AE5a_GywhyGuqy4_g-_bvBL_tIDoq1rvnkfb2R2v_JaFrUfstfdZZ3jayfxb4UkOFQcx5y1nunu9D3JPPqY0bC-jbr-9z7t5DRbdxyyITagNDpuZ56SIKlByHQPbzLYINX3IPxhWks6yDJ6ehwViZK4twV9eKVHNuErJ0Gf2LBUOno3CKeDJPajC0kuCCmbQeytGdDHlnRboQQSgF_QrCOO-kI4wL-6CW3lkpAjm-73WUC2Omc7peLoLQpF0bEE?authuser=1&fife=s16383","https://mymaps.usercontent.google.com/hostedimage/m/*/3AE5a_GywhyGuqy4_g-_bvBL_tIDoq1rvnkfb2R2v_JaFrUfstfdZZ3jayfxb4UkOFQcx5y1nunu9D3JPPqY0bC-jbr-9z7t5DRbdxyyITagNDpuZ56SIKlByHQPbzLYINX3IPxhWks6yDJ6ehwViZK4twV9eKVHNuErJ0Gf2LBUOno3CKeDJPajC0kuCCmbQeytGdDHlnRboQQSgF_QrCOO-kI4wL-6CW3lkpAjm-73WUC2Omc7peLoLQpF0bEE?authuser=1&fife=s16383","true","200","image/png","89 50 4E 47","pending_browser_validation","recovered","/assets/images/world-heritage/world-heritage-LY-WH-000190-01.png"
"world-heritage","متحف غدامس","190","LY-WH-000190","https://mymaps.usercontent.google.com/hostedimage/m/*/3AE5a_GxfpD162xTqv9W9E1TgFtMtcR5EO9hGvOcVACW55i7ycxeL9DmEmxHX_uHoMjFoSBMnrtrbxx-HfZoxzam249bsEPE5BIs9gjHibFvvmcCUeCzDlVraQIEcc9XObkxnLrnR_z-GWpQodL02LbeQJOO1gIt3elHV5E8PbXVGztoBqWcm-U4lyfSWLoJxynYy4z9CQIV9OthI_kuih3ADMuWQmhvsTttOjbFexthilEcYvnJ4SHNlenriQ2I?authuser=1&fife=s16383","https://mymaps.usercontent.google.com/hostedimage/m/*/3AE5a_GxfpD162xTqv9W9E1TgFtMtcR5EO9hGvOcVACW55i7ycxeL9DmEmxHX_uHoMjFoSBMnrtrbxx-HfZoxzam249bsEPE5BIs9gjHibFvvmcCUeCzDlVraQIEcc9XObkxnLrnR_z-GWpQodL02LbeQJOO1gIt3elHV5E8PbXVGztoBqWcm-U4lyfSWLoJxynYy4z9CQIV9OthI_kuih3ADMuWQmhvsTttOjbFexthilEcYvnJ4SHNlenriQ2I?authuser=1&fife=s16383","true","200","image/png","89 50 4E 47","pending_browser_validation","recovered","/assets/images/world-heritage/world-heritage-LY-WH-000190-02.png"
"world-heritage","متحف غدامس","190","LY-WH-000190","https://mymaps.usercontent.google.com/hostedimage/m/*/3AE5a_GzkuoH4WIKsDWppnr0FrTcn2orExUtUfI3PvqfWQMbliqTATZs0c8IYeug-kzAARhKgYTNhCYa459jV8yu2XcI4bLvOCy19rRMqRNTzcI-lowpcZ0h7yMRqrzhbKi_EkUqELP-19-ASDeX4-5zoXGBjqsQpiaokxarB29zbf8n0arg8tKVQ7Bu1L5kuL-mHYXext9-zt6Cfmuvy-OxpsumTQVbLqkVKFbEdF0wen24hQwo-i1i7T_BFjiA?authuser=1&fife=s16383","https://mymaps.usercontent.google.com/hostedimage/m/*/3AE5a_GzkuoH4WIKsDWppnr0FrTcn2orExUtUfI3PvqfWQMbliqTATZs0c8IYeug-kzAARhKgYTNhCYa459jV8yu2XcI4bLvOCy19rRMqRNTzcI-lowpcZ0h7yMRqrzhbKi_EkUqELP-19-ASDeX4-5zoXGBjqsQpiaokxarB29zbf8n0arg8tKVQ7Bu1L5kuL-mHYXext9-zt6Cfmuvy-OxpsumTQVbLqkVKFbEdF0wen24hQwo-i1i7T_BFjiA?authuser=1&fife=s16383","true","200","image/png","89 50 4E 47","pending_browser_validation","recovered","/assets/images/world-heritage/world-heritage-LY-WH-000190-03.png"
"world-heritage","مقهى توجدة","192","LY-WH-000192","https://mymaps.usercontent.google.com/hostedimage/m/*/3AE5a_GzuKnROlPDu9JYCk6H4DprQeBntwPBi0u-RatWWtoKrM6ME6w8uqFVJfr5goalWuWWWLZkSvYjntePBVIxIm3UYW0xiiEnz2Fn2I0Hk0KKWCIyZR-8MtG5M_HsoK_4aRpczX4gv5WBar5c1JwSY_aFCks6EflvwCaW3RpH-WTFZImKJdE2bcN2KplqMvRrKF9B8srvPi_Z_XsjL_-1qEDIvXktTIwo1_ZRZp5kxjg3cmWyMQpbBZ-MjLl0?authuser=1&fife=s16383","https://mymaps.usercontent.google.com/hostedimage/m/*/3AE5a_GzuKnROlPDu9JYCk6H4DprQeBntwPBi0u-RatWWtoKrM6ME6w8uqFVJfr5goalWuWWWLZkSvYjntePBVIxIm3UYW0xiiEnz2Fn2I0Hk0KKWCIyZR-8MtG5M_HsoK_4aRpczX4gv5WBar5c1JwSY_aFCks6EflvwCaW3RpH-WTFZImKJdE2bcN2KplqMvRrKF9B8srvPi_Z_XsjL_-1qEDIvXktTIwo1_ZRZp5kxjg3cmWyMQpbBZ-MjLl0?authuser=1&fife=s16383","true","200","image/png","89 50 4E 47","pending_browser_validation","recovered","/assets/images/world-heritage/world-heritage-LY-WH-000192-01.png"
"world-heritage","مقهى توجدة","192","LY-WH-000192","https://mymaps.usercontent.google.com/hostedimage/m/*/3AE5a_GwlgUG1QPeyJH-ZdXhNU8OamV_NvzxKBemR2l3W6SAamUw0V37dSa2M6Qph9oaF5gKcpQ6KBmoIuG7e6tYpn6E9-pMtmuWHth0BkWnKidrOdS4FyoFG59lojjvYH-NrKoDLqgxjJZLHUE9-k4oWXThPXsi59P2wLMAIWEvtirvNvNuF-wMUDp3HzzEG29h9ZndgOFmetva_CuMOZoeAsxhWfkZQRqtcHVFUvciYK8PAfvxH1_pzpmYxZ38?authuser=1&fife=s16383","https://mymaps.usercontent.google.com/hostedimage/m/*/3AE5a_GwlgUG1QPeyJH-ZdXhNU8OamV_NvzxKBemR2l3W6SAamUw0V37dSa2M6Qph9oaF5gKcpQ6KBmoIuG7e6tYpn6E9-pMtmuWHth0BkWnKidrOdS4FyoFG59lojjvYH-NrKoDLqgxjJZLHUE9-k4oWXThPXsi59P2wLMAIWEvtirvNvNuF-wMUDp3HzzEG29h9ZndgOFmetva_CuMOZoeAsxhWfkZQRqtcHVFUvciYK8PAfvxH1_pzpmYxZ38?authuser=1&fife=s16383","true","200","image/png","89 50 4E 47","pending_browser_validation","recovered","/assets/images/world-heritage/world-heritage-LY-WH-000192-02.png"
"world-heritage","مسجد سيدي عمران","198","LY-WH-000198","https://mymaps.usercontent.google.com/hostedimage/m/*/3AE5a_GxsN2IKG4lX21b56KCYlZTUa2p-71rVm7Z7ixy2GedC_Kd0IHHvsJZVv1KJDTm734dtq7u7YrLfSJ4c1ZShkxTf2zOxFwA0_CyXbrBinarS-g5TRK1u56c1dEyuxJleeryLw4-IUdxLi-P9azxjO9eEoqTHte5olDYOWOWHTp8BcKsW6nqtKEPrun-LR26u_eKXIO6Y_GfdAoxOQ1rScNt5U3ZQ2DfAaVHqogktTYfL4cfA7ECCI1Z31UE?authuser=1&fife=s16383","https://mymaps.usercontent.google.com/hostedimage/m/*/3AE5a_GxsN2IKG4lX21b56KCYlZTUa2p-71rVm7Z7ixy2GedC_Kd0IHHvsJZVv1KJDTm734dtq7u7YrLfSJ4c1ZShkxTf2zOxFwA0_CyXbrBinarS-g5TRK1u56c1dEyuxJleeryLw4-IUdxLi-P9azxjO9eEoqTHte5olDYOWOWHTp8BcKsW6nqtKEPrun-LR26u_eKXIO6Y_GfdAoxOQ1rScNt5U3ZQ2DfAaVHqogktTYfL4cfA7ECCI1Z31UE?authuser=1&fife=s16383","true","200","image/png","89 50 4E 47","pending_browser_validation","recovered","/assets/images/world-heritage/world-heritage-LY-WH-000198-01.png"
"world-heritage","قرية تونين","201","LY-WH-000201","https://mymaps.usercontent.google.com/hostedimage/m/*/3AE5a_GxuaKM6TNsiwmoxWa-4x6cFglX8eHX3LH1JgjbZbFrwTYvhAsvJJDprUL6ZTjjuIdRzpqV5nKviptVAnpbufGMvGUNR8TzXJdBmZHJKMQ8ead5FSeAaWFX_g1zhmkCshec1AlPbRAAC_ZJPy3srv1AZFmpG8PITkMvkJ9cIvRvJGVMOc_1_d09iGvQGPJmV8ap53cs96zG0HBIUX3j2RVBC_kJGVl16PSGAxZlIjfVxQ9ZakE4-1QYJneA?authuser=1&fife=s16383","https://mymaps.usercontent.google.com/hostedimage/m/*/3AE5a_GxuaKM6TNsiwmoxWa-4x6cFglX8eHX3LH1JgjbZbFrwTYvhAsvJJDprUL6ZTjjuIdRzpqV5nKviptVAnpbufGMvGUNR8TzXJdBmZHJKMQ8ead5FSeAaWFX_g1zhmkCshec1AlPbRAAC_ZJPy3srv1AZFmpG8PITkMvkJ9cIvRvJGVMOc_1_d09iGvQGPJmV8ap53cs96zG0HBIUX3j2RVBC_kJGVl16PSGAxZlIjfVxQ9ZakE4-1QYJneA?authuser=1&fife=s16383","true","200","image/png","89 50 4E 47","pending_browser_validation","recovered","/assets/images/world-heritage/world-heritage-LY-WH-000201-01.png"
"world-heritage","فندق بن يدر","202","LY-WH-000202","https://mymaps.usercontent.google.com/hostedimage/m/*/3AE5a_GzCvFacN1XERh0hYC8FTr0mN-h3U2D2pFlDTSzASb4ALX-PaEZJAwBdEP4KAmbviTDZh-hVGGGpRR_w3zr4aldLMAKXlX1DYlyJUeSGHTEabk4Dhh3PhG8zhkXlrxEddBU6pYZcCQF_SoVX55w2DX9HswrczWM7UScCtI4Oziww34514vg-AAzANo91SRucXJvUYdyKABCyxuupj-EDFXfgaSYgl5kHK2B_eUeU-2xhegia0MWU4f_8yHc?authuser=1&fife=s16383","https://mymaps.usercontent.google.com/hostedimage/m/*/3AE5a_GzCvFacN1XERh0hYC8FTr0mN-h3U2D2pFlDTSzASb4ALX-PaEZJAwBdEP4KAmbviTDZh-hVGGGpRR_w3zr4aldLMAKXlX1DYlyJUeSGHTEabk4Dhh3PhG8zhkXlrxEddBU6pYZcCQF_SoVX55w2DX9HswrczWM7UScCtI4Oziww34514vg-AAzANo91SRucXJvUYdyKABCyxuupj-EDFXfgaSYgl5kHK2B_eUeU-2xhegia0MWU4f_8yHc?authuser=1&fife=s16383","true","200","image/png","89 50 4E 47","pending_browser_validation","recovered","/assets/images/world-heritage/world-heritage-LY-WH-000202-01.png"
"world-heritage","فندق بن يدر","202","LY-WH-000202","https://mymaps.usercontent.google.com/hostedimage/m/*/3AE5a_GzQaFwHN1wwxO-49QtLfdBVRRcL00OUKacIYkY-sm9RGosmmiJ2Tlzjx5ht-7cjgeHdW-GDtj9fdXsjnUegdlpEOBc4pCg0O2fSevLWIhBSUnKVejjnK3Hpp_nIrIObMrKdtPPIHYah4iz_fKdCtm8QrxFjhaedZ29U5QKVR92RQwYcSaW_XUeDwDPDbxnfckbtYOdpH3MePnlmGY3O1K3-oyS1BX8KAyfckzcS6v1_c8F0dpPlk4GqB-Q?authuser=1&fife=s16383","https://mymaps.usercontent.google.com/hostedimage/m/*/3AE5a_GzQaFwHN1wwxO-49QtLfdBVRRcL00OUKacIYkY-sm9RGosmmiJ2Tlzjx5ht-7cjgeHdW-GDtj9fdXsjnUegdlpEOBc4pCg0O2fSevLWIhBSUnKVejjnK3Hpp_nIrIObMrKdtPPIHYah4iz_fKdCtm8QrxFjhaedZ29U5QKVR92RQwYcSaW_XUeDwDPDbxnfckbtYOdpH3MePnlmGY3O1K3-oyS1BX8KAyfckzcS6v1_c8F0dpPlk4GqB-Q?authuser=1&fife=s16383","true","200","image/png","89 50 4E 47","pending_browser_validation","recovered","/assets/images/world-heritage/world-heritage-LY-WH-000202-02.png"
"world-heritage","الحوش الغدامسي","204","LY-WH-000204","https://mymaps.usercontent.google.com/hostedimage/m/*/3AE5a_GwXEIPXMEKNo3A2FwsvLJviO0esuwr1ow07XsUP65h7Yny7Jr1TFh15BJMcVtlGcOM7P_ILErZObYG_iM9y3qbi6KjJU0zuf20A2rcD8HBijG7o-kLzeAXN3uzUo3Hd9h-_2QzZRBKym0iWx_B2XW6rXn19jA5nlZNLab_Ess6RYytmL8MbMIIDS1ZmIjneJJV6o6M2cjA7g8yQidgzj5iYGJEQPGuWumnZ9WZpFzU6e6uyhm8RbZ6IirQ?authuser=1&fife=s16383","https://mymaps.usercontent.google.com/hostedimage/m/*/3AE5a_GwXEIPXMEKNo3A2FwsvLJviO0esuwr1ow07XsUP65h7Yny7Jr1TFh15BJMcVtlGcOM7P_ILErZObYG_iM9y3qbi6KjJU0zuf20A2rcD8HBijG7o-kLzeAXN3uzUo3Hd9h-_2QzZRBKym0iWx_B2XW6rXn19jA5nlZNLab_Ess6RYytmL8MbMIIDS1ZmIjneJJV6o6M2cjA7g8yQidgzj5iYGJEQPGuWumnZ9WZpFzU6e6uyhm8RbZ6IirQ?authuser=1&fife=s16383","true","200","image/png","89 50 4E 47","pending_browser_validation","recovered","/assets/images/world-heritage/world-heritage-LY-WH-000204-01.png"
"world-heritage","فندق عين الفرس","205","LY-WH-000205","https://mymaps.usercontent.google.com/hostedimage/m/*/3AE5a_GyV8M-yhpIZ0e8C_5WMuHaU2aTQD6eNCJda8lGQWXMOpD_OwHMRGkxNu5MBnyMt945XtEt9oPyjjNNC7okCsogiTH6gz3bPRcNdBP48iyqLIgUyPQrRELVOkM-kww5q7BKyrRWsOpmmVhfNl-43eo8tOnRhqo7sNXOQwGdJi9EQ3jIxoVyH6Y-kldyuQWKBYEf4sNXXkhjcDkB8DRCE_NUNrBOPDjTv1Va9O6pn9l__M9mw5CzPf5kwo3k?authuser=1&fife=s16383","https://mymaps.usercontent.google.com/hostedimage/m/*/3AE5a_GyV8M-yhpIZ0e8C_5WMuHaU2aTQD6eNCJda8lGQWXMOpD_OwHMRGkxNu5MBnyMt945XtEt9oPyjjNNC7okCsogiTH6gz3bPRcNdBP48iyqLIgUyPQrRELVOkM-kww5q7BKyrRWsOpmmVhfNl-43eo8tOnRhqo7sNXOQwGdJi9EQ3jIxoVyH6Y-kldyuQWKBYEf4sNXXkhjcDkB8DRCE_NUNrBOPDjTv1Va9O6pn9l__M9mw5CzPf5kwo3k?authuser=1&fife=s16383","true","200","image/png","89 50 4E 47","pending_browser_validation","recovered","/assets/images/world-heritage/world-heritage-LY-WH-000205-01.png"
