path,filename,width,height,format,sha256,keywords,likely_feature,publication_status,duplicate_group,used_currently
assets/media/LIBYA/heritage/cyrene/published/features/cyrene-temple-of-zeus-001.jpeg,cyrene-temple-of-zeus-001.jpeg,1280,853,JPEG,3204f45b5ead6fe0df6f665aa5c8769e354073430e03b72c9475dd00f396653e,zeus,temple-of-zeus,published,DUP-0001,yes
assets/media/LIBYA/heritage/cyrene/published/main-site/cyrene-main-aerial-001.JPG,cyrene-main-aerial-001.JPG,5472,3648,MPO,78ba295438d199f41fdc43493cb88025b3ea59a50ae1ae553039b1845194553d,aerial,site_general,published,DUP-0002,yes
assets/media/LIBYA/heritage/cyrene/published/main-site/cyrene-main-aerial-002.JPG,cyrene-main-aerial-002.JPG,5472,3648,MPO,99899ec2678c9df4f052ffccc94251da08f88f7b84654acf79c452273e9750b8,aerial,site_general,published,DUP-0003,yes
assets/media/LIBYA/heritage/cyrene/published/review-required/review-053243a76d.jpg,review-053243a76d.jpg,3840,2560,JPEG,39bb48ef24484d32ebdac38a947051da5a3f781748f370d7b1f5e6dd504b181a,,unmatched,review_required,DUP-0004,no
assets/media/LIBYA/heritage/cyrene/published/review-required/review-191c62ffa9.jpg,review-191c62ffa9.jpg,3840,2560,JPEG,d41e93c247dde0352acb608c30fe9f3fd68638e3a19832acde4cd48504be98fd,,unmatched,review_required,DUP-0005,no
assets/media/LIBYA/heritage/cyrene/published/review-required/review-1d2324fa7c.jpg,review-1d2324fa7c.jpg,3840,2560,JPEG,cdc08285abc64c94240aa38eb07ca0150bcb7bac91358a2fc50ab6b6e457eb6b,,unmatched,review_required,DUP-0006,no
assets/media/LIBYA/heritage/cyrene/published/review-required/review-1d49b988fd.jpg,review-1d49b988fd.jpg,1225,908,JPEG,d169f224f12bdeb5f3a3bf0a9a5e074a9f5faa83e41942f4b4daa3ae1696663e,,unmatched,review_required,DUP-0007,no
assets/media/LIBYA/heritage/cyrene/published/review-required/review-1fce2ed081.jpg,review-1fce2ed081.jpg,3840,2560,JPEG,bcddcf4adc24db142740268d0198e789a5fde725eb67d3355dcee5c5753c9a37,,unmatched,review_required,DUP-0008,no
assets/media/LIBYA/heritage/cyrene/published/review-required/review-2018e06bbc.jpg,review-2018e06bbc.jpg,3840,2560,JPEG,d29928ea1f263ad3454a985a3f7ac10a0aee242d635a5852841c6d0222ea5e2a,,unmatched,review_required,DUP-0009,no
assets/media/LIBYA/heritage/cyrene/published/review-required/review-218fa90dc8.jpg,review-218fa90dc8.jpg,3840,2560,JPEG,abf1c997f81383f25a842713cf7ab9da926478b625c3839a444a1b953fd5fffb,,unmatched,review_required,DUP-0010,no
assets/media/LIBYA/heritage/cyrene/published/review-required/review-234db99c0d.jpg,review-234db99c0d.jpg,499,600,JPEG,b686098d30e75955bb0794549b5665d640682ab39f73430ed01c51fb3346db7a,,unmatched,review_required,DUP-0011,no
assets/media/LIBYA/heritage/cyrene/published/review-required/review-38e6ec5fe0.jpg,review-38e6ec5fe0.jpg,3840,2560,JPEG,160b55f074aeb044486bac7eae786d849b235a02d805283a244f0d87e9d10d29,,unmatched,review_required,DUP-0012,no
assets/media/LIBYA/heritage/cyrene/published/review-required/review-40c8a1af93.jpg,review-40c8a1af93.jpg,3840,2560,JPEG,b4e750bc9dbace7a51145fa786bd7b4fd9968560f967a6c530c904c3f86ccea5,,unmatched,review_required,DUP-0013,no
assets/media/LIBYA/heritage/cyrene/published/review-required/review-4100b2f977.jpg,review-4100b2f977.jpg,3264,2448,JPEG,a6f80cf358a77b4ba3a67a3e47d5f7012e6bb49c117f86bfc951ada8f711eb5b,,unmatched,review_required,DUP-0014,no
assets/media/LIBYA/heritage/cyrene/published/review-required/review-46e24b813f.jpg,review-46e24b813f.jpg,3840,2560,JPEG,3e94d600194c14793580683a38ff0ffafde268367bda94bf9f5844297e905234,,unmatched,review_required,DUP-0015,no
assets/media/LIBYA/heritage/cyrene/published/review-required/review-4b17880953.jpg,review-4b17880953.jpg,1570,850,JPEG,0c883f8a230a5e5f6bbbfa97426381b722ccd3421af40e0f5071134a7807760d,,unmatched,review_required,DUP-0016,no
assets/media/LIBYA/heritage/cyrene/published/review-required/review-589616e041.jpg,review-589616e041.jpg,3840,2560,JPEG,a4a9d81308278952842455dd7ed9981c1d830232977349db5d973f0e6c362850,,unmatched,review_required,DUP-0017,no
assets/media/LIBYA/heritage/cyrene/published/review-required/review-58df37bbd4.png,review-58df37bbd4.png,522,746,PNG,9466eab3c2a048d1cbaa5c6c62dc71108acfbe2d318c1f25121dd84a8857af96,,unmatched,review_required,DUP-0018,no
assets/media/LIBYA/heritage/cyrene/published/review-required/review-5ca1846a47.jpg,review-5ca1846a47.jpg,560,420,JPEG,351ebd0d6c9c973aa51e11391ee397c3df1bb4cbb72d312572deb596dfce695c,,unmatched,review_required,DUP-0019,no
assets/media/LIBYA/heritage/cyrene/published/review-required/review-5ce8c7b1e3.jpg,review-5ce8c7b1e3.jpg,3840,2560,JPEG,aaca53b033c313ae9b34cc3ad244eb69a79e72e44c51cbba99575b40db650ea3,,unmatched,review_required,DUP-0020,no
assets/media/LIBYA/heritage/cyrene/published/review-required/review-5d2bdc20c1.jpg,review-5d2bdc20c1.jpg,3840,2560,JPEG,ff77139ff6d27151b34d8f858bed8046dae1bbb3bb885139946d053d37060063,,unmatched,review_required,DUP-0021,no
assets/media/LIBYA/heritage/cyrene/published/review-required/review-65ae438b74.jpg,review-65ae438b74.jpg,267,189,JPEG,f1022a6058a1ad26610f1be495e5da433059eab7246073414f8a1e09ffc5e725,,unmatched,review_required,DUP-0022,no
assets/media/LIBYA/heritage/cyrene/published/review-required/review-68d5861240.jpg,review-68d5861240.jpg,3840,2560,JPEG,08d125f309e7cbd7b76d6505de5e325449a06198045ae04c1e29ede684d00635,,unmatched,review_required,DUP-0023,no
assets/media/LIBYA/heritage/cyrene/published/review-required/review-6918021678.jpg,review-6918021678.jpg,640,183,JPEG,ecf5247b4446e099d31bbebbfca3084c080ae333208cd921d35c80a853e64822,,unmatched,review_required,DUP-0024,no
assets/media/LIBYA/heritage/cyrene/published/review-required/review-6fd5b5712c.jpg,review-6fd5b5712c.jpg,3840,2560,JPEG,18159fac385f21937f9c2888a059048784a5550b3f859e560be4645d8feb5be8,,unmatched,review_required,DUP-0025,no
assets/media/LIBYA/heritage/cyrene/published/review-required/review-72969284b0.jpg,review-72969284b0.jpg,3840,2560,JPEG,b9c46e481a7f8e41f1bdf515658c3547782b7e444ff6f0e2d58cd2faef62c220,,unmatched,review_required,DUP-0026,no
assets/media/LIBYA/heritage/cyrene/published/review-required/review-76ccc697a4.jpg,review-76ccc697a4.jpg,3840,2560,JPEG,c7a9fd02311eba5fe4ce5a5052f8ceecb7262477fc65809acbeb47ba27cc3c49,,unmatched,review_required,DUP-0027,no
assets/media/LIBYA/heritage/cyrene/published/review-required/review-78b4642f60.jpg,review-78b4642f60.jpg,580,400,JPEG,ae2557533cfe00f28d176136b127704d59183d1ee6a5fbf4b6530e1b030a06a9,,unmatched,review_required,DUP-0028,no
assets/media/LIBYA/heritage/cyrene/published/review-required/review-7d11f9bcf3.jpg,review-7d11f9bcf3.jpg,3840,2560,JPEG,48723337a3a41a7d873b724254312869e3321332948d987ede4f90c909ce50bd,,unmatched,review_required,DUP-0029,no
assets/media/LIBYA/heritage/cyrene/published/review-required/review-85af1906ad.jpg,review-85af1906ad.jpg,3840,2560,JPEG,e148aab6e937e18b910fd4299f1ed280fd8491f8ece576e4c10a25c5888d6579,,unmatched,review_required,DUP-0030,no
assets/media/LIBYA/heritage/cyrene/published/review-required/review-91be78e4ee.jpg,review-91be78e4ee.jpg,3840,2560,JPEG,97907accbcb83363300396af4e8641e2738719c72058ff29c2ac5bd8224a074a,,unmatched,review_required,DUP-0031,no
assets/media/LIBYA/heritage/cyrene/published/review-required/review-99a16182b4.jpg,review-99a16182b4.jpg,3840,2560,JPEG,e0d7b8838c589609fc3d62465e907b184a5639bf18b5b155cc3e1bda9e6644b9,,unmatched,review_required,DUP-0032,no
assets/media/LIBYA/heritage/cyrene/published/review-required/review-a3332bf382.jpg,review-a3332bf382.jpg,615,461,JPEG,889723d9fe9ef4d252a35ff1eaf685352c60f8bc71883e438abea72e7abd5700,,unmatched,review_required,DUP-0033,no
assets/media/LIBYA/heritage/cyrene/published/review-required/review-b02c7ab31a.jpg,review-b02c7ab31a.jpg,3840,2560,JPEG,c6ba773eb765917761d111e1bccfda580c1615b7c2e8f0d56d500d47d7de89da,,unmatched,review_required,DUP-0034,no
assets/media/LIBYA/heritage/cyrene/published/review-required/review-b0b6bb1d6d.jpg,review-b0b6bb1d6d.jpg,1152,768,JPEG,fc3009248fcae6e76cd2cb779d5041e34d3911fa2ce7a6dd6408e826022d5fe4,,unmatched,review_required,DUP-0035,no
assets/media/LIBYA/heritage/cyrene/published/review-required/review-bc22f21551.jpg,review-bc22f21551.jpg,600,400,JPEG,e8eaf1bf5928842b94ca497bedc977403e28fdefbe96dbeee3d7a52f186ccc8a,,unmatched,review_required,DUP-0036,no
assets/media/LIBYA/heritage/cyrene/published/review-required/review-c0dd264185.jpg,review-c0dd264185.jpg,3840,2560,JPEG,ea76e0554692b13ce1f92698680ccede707c7b205199534380ebedb1aa2408ec,,unmatched,review_required,DUP-0037,no
assets/media/LIBYA/heritage/cyrene/published/review-required/review-c778cfda13.jpg,review-c778cfda13.jpg,1578,1113,JPEG,c7829386455e43490508c32cc5d71e9c5f1e39b694619759580d0c9ac3936505,,unmatched,review_required,DUP-0038,no
assets/media/LIBYA/heritage/cyrene/published/review-required/review-c7af1c2612.jpg,review-c7af1c2612.jpg,287,175,JPEG,4908410acc2a41a712ff5548c6b564b0ef624b6803fd94e52430e1466fd00dc6,,unmatched,review_required,DUP-0039,no
assets/media/LIBYA/heritage/cyrene/published/review-required/review-d4d5c57d0b.jpg,review-d4d5c57d0b.jpg,1471,1071,JPEG,4e98e1545e8e421e66843849a3cee4cdd2a96cffe0354a34dbc108fbf73a0041,,unmatched,review_required,DUP-0040,no
assets/media/LIBYA/heritage/cyrene/published/review-required/review-dda9031860.jpg,review-dda9031860.jpg,1600,900,JPEG,19dbcd6fedd5395165c401f4915d0269993766df9c418ae9059e9a5d46fb06bc,,unmatched,review_required,DUP-0041,no
assets/media/LIBYA/heritage/cyrene/published/review-required/review-e10605e90c.jpg,review-e10605e90c.jpg,3840,2560,JPEG,028b501e907506aaed7bd60909abad94a4d663d2a3f6b8857af1f4cdb50505c2,,unmatched,review_required,DUP-0042,no
assets/media/LIBYA/heritage/cyrene/published/review-required/review-e7f9585f09.jpg,review-e7f9585f09.jpg,640,360,JPEG,7ca0bd5dee4c91f811fc950ae71db5763075f13c5668d436ce03f49e2bd2d709,,unmatched,review_required,DUP-0043,no
assets/media/LIBYA/heritage/cyrene/published/review-required/review-e90f30b1b1.jpg,review-e90f30b1b1.jpg,3840,2560,JPEG,53ab374e7694bd85bc4f2a5ac693f9be1e90b1e70006b6af5f55a083b6e62f2e,,unmatched,review_required,DUP-0044,no
assets/media/LIBYA/heritage/cyrene/published/review-required/review-f330cda104.jpg,review-f330cda104.jpg,3840,2560,JPEG,09f0487139c23ff7e54847784651589119c539a655633d917b2c1953311363a6,,unmatched,review_required,DUP-0045,no
assets/media/LIBYA/heritage/cyrene/published/review-required/review-fd32703fc3.jpg,review-fd32703fc3.jpg,3840,2560,JPEG,ef29ec4fd9030e26abd5f318b98f8a98d1a5b718ac8c73ab54b05cb9f06408b7,,unmatched,review_required,DUP-0046,no
assets/media/LIBYA/heritage/cyrene/published/review-required/review-fd56e5c439.jpg,review-fd56e5c439.jpg,3840,2560,JPEG,9deb1d6f974ef0e7d727fee77ebad8675b2cb0ce6a41778c3de9cc9fa0a17d70,,unmatched,review_required,DUP-0047,no
شحات/450A2244.JPG,450A2244.JPG,3840,2560,JPEG,9deb1d6f974ef0e7d727fee77ebad8675b2cb0ce6a41778c3de9cc9fa0a17d70,,unmatched,official_local,DUP-0047,no
شحات/450A2245.JPG,450A2245.JPG,3840,2560,JPEG,ff77139ff6d27151b34d8f858bed8046dae1bbb3bb885139946d053d37060063,,unmatched,official_local,DUP-0021,no
شحات/450A2246.JPG,450A2246.JPG,3840,2560,JPEG,39bb48ef24484d32ebdac38a947051da5a3f781748f370d7b1f5e6dd504b181a,,unmatched,official_local,DUP-0004,no
شحات/450A2250.JPG,450A2250.JPG,3840,2560,JPEG,aaca53b033c313ae9b34cc3ad244eb69a79e72e44c51cbba99575b40db650ea3,,unmatched,official_local,DUP-0020,no
شحات/450A2251.JPG,450A2251.JPG,3840,2560,JPEG,b4e750bc9dbace7a51145fa786bd7b4fd9968560f967a6c530c904c3f86ccea5,,unmatched,official_local,DUP-0013,no
شحات/450A2252.JPG,450A2252.JPG,3840,2560,JPEG,18159fac385f21937f9c2888a059048784a5550b3f859e560be4645d8feb5be8,,unmatched,official_local,DUP-0025,no
شحات/450A2254.JPG,450A2254.JPG,3840,2560,JPEG,97907accbcb83363300396af4e8641e2738719c72058ff29c2ac5bd8224a074a,,unmatched,official_local,DUP-0031,no
شحات/450A2255.JPG,450A2255.JPG,3840,2560,JPEG,cdc08285abc64c94240aa38eb07ca0150bcb7bac91358a2fc50ab6b6e457eb6b,,unmatched,official_local,DUP-0006,no
شحات/450A2259.JPG,450A2259.JPG,3840,2560,JPEG,028b501e907506aaed7bd60909abad94a4d663d2a3f6b8857af1f4cdb50505c2,,unmatched,official_local,DUP-0042,no
شحات/450A2265.JPG,450A2265.JPG,3840,2560,JPEG,d29928ea1f263ad3454a985a3f7ac10a0aee242d635a5852841c6d0222ea5e2a,,unmatched,official_local,DUP-0009,no
شحات/450A2266.JPG,450A2266.JPG,3840,2560,JPEG,48723337a3a41a7d873b724254312869e3321332948d987ede4f90c909ce50bd,,unmatched,official_local,DUP-0029,no
شحات/450A2267.JPG,450A2267.JPG,3840,2560,JPEG,abf1c997f81383f25a842713cf7ab9da926478b625c3839a444a1b953fd5fffb,,unmatched,official_local,DUP-0010,no
شحات/450A2268.JPG,450A2268.JPG,3840,2560,JPEG,ef29ec4fd9030e26abd5f318b98f8a98d1a5b718ac8c73ab54b05cb9f06408b7,,unmatched,official_local,DUP-0046,no
شحات/450A2269.JPG,450A2269.JPG,3840,2560,JPEG,bcddcf4adc24db142740268d0198e789a5fde725eb67d3355dcee5c5753c9a37,,unmatched,official_local,DUP-0008,no
شحات/450A2270.JPG,450A2270.JPG,3840,2560,JPEG,ea76e0554692b13ce1f92698680ccede707c7b205199534380ebedb1aa2408ec,,unmatched,official_local,DUP-0037,no
شحات/450A2277.JPG,450A2277.JPG,3840,2560,JPEG,53ab374e7694bd85bc4f2a5ac693f9be1e90b1e70006b6af5f55a083b6e62f2e,,unmatched,official_local,DUP-0044,no
شحات/450A2281.JPG,450A2281.JPG,3840,2560,JPEG,3e94d600194c14793580683a38ff0ffafde268367bda94bf9f5844297e905234,,unmatched,official_local,DUP-0015,no
شحات/450A2282.JPG,450A2282.JPG,3840,2560,JPEG,09f0487139c23ff7e54847784651589119c539a655633d917b2c1953311363a6,,unmatched,official_local,DUP-0045,no
شحات/450A2284.JPG,450A2284.JPG,3840,2560,JPEG,08d125f309e7cbd7b76d6505de5e325449a06198045ae04c1e29ede684d00635,,unmatched,official_local,DUP-0023,no
شحات/450A2285.JPG,450A2285.JPG,3840,2560,JPEG,d41e93c247dde0352acb608c30fe9f3fd68638e3a19832acde4cd48504be98fd,,unmatched,official_local,DUP-0005,no
شحات/450A2286.JPG,450A2286.JPG,3840,2560,JPEG,c6ba773eb765917761d111e1bccfda580c1615b7c2e8f0d56d500d47d7de89da,,unmatched,official_local,DUP-0034,no
شحات/450A2310.JPG,450A2310.JPG,3840,2560,JPEG,a4a9d81308278952842455dd7ed9981c1d830232977349db5d973f0e6c362850,,unmatched,official_local,DUP-0017,no
شحات/450A2321.JPG,450A2321.JPG,3840,2560,JPEG,c7a9fd02311eba5fe4ce5a5052f8ceecb7262477fc65809acbeb47ba27cc3c49,,unmatched,official_local,DUP-0027,no
شحات/450A2323.JPG,450A2323.JPG,3840,2560,JPEG,160b55f074aeb044486bac7eae786d849b235a02d805283a244f0d87e9d10d29,,unmatched,official_local,DUP-0012,no
شحات/450A2324.JPG,450A2324.JPG,3840,2560,JPEG,e0d7b8838c589609fc3d62465e907b184a5639bf18b5b155cc3e1bda9e6644b9,,unmatched,official_local,DUP-0032,no
شحات/450A2325.JPG,450A2325.JPG,3840,2560,JPEG,b9c46e481a7f8e41f1bdf515658c3547782b7e444ff6f0e2d58cd2faef62c220,,unmatched,official_local,DUP-0026,no
شحات/450A2326.JPG,450A2326.JPG,3840,2560,JPEG,e148aab6e937e18b910fd4299f1ed280fd8491f8ece576e4c10a25c5888d6579,,unmatched,official_local,DUP-0030,no
شحات/DJI_0722.JPG,DJI_0722.JPG,5472,3648,MPO,78ba295438d199f41fdc43493cb88025b3ea59a50ae1ae553039b1845194553d,,unmatched,official_local,DUP-0002,no
شحات/DJI_0724.JPG,DJI_0724.JPG,5472,3648,MPO,99899ec2678c9df4f052ffccc94251da08f88f7b84654acf79c452273e9750b8,,unmatched,official_local,DUP-0003,no
شحات/FB_IMG_1648770111714.jpg,FB_IMG_1648770111714.jpg,1152,768,JPEG,fc3009248fcae6e76cd2cb779d5041e34d3911fa2ce7a6dd6408e826022d5fe4,,unmatched,official_local,DUP-0035,no
شحات/images-11-1.jpg,images-11-1.jpg,267,189,JPEG,f1022a6058a1ad26610f1be495e5da433059eab7246073414f8a1e09ffc5e725,,unmatched,official_local,DUP-0022,no
شحات/images-5.jpg,images-5.jpg,287,175,JPEG,4908410acc2a41a712ff5548c6b564b0ef624b6803fd94e52430e1466fd00dc6,,unmatched,official_local,DUP-0039,no
شحات/IMG_٢٠٢١٠٩٢٣_١٨٠٨٠٩.jpg,IMG_٢٠٢١٠٩٢٣_١٨٠٨٠٩.jpg,3264,2448,JPEG,a6f80cf358a77b4ba3a67a3e47d5f7012e6bb49c117f86bfc951ada8f711eb5b,,unmatched,official_local,DUP-0014,no
شحات/ااا.png,ااا.png,522,746,PNG,9466eab3c2a048d1cbaa5c6c62dc71108acfbe2d318c1f25121dd84a8857af96,,unmatched,official_local,DUP-0018,no
شحات/اااااا.jpg,اااااا.jpg,1570,850,JPEG,0c883f8a230a5e5f6bbbfa97426381b722ccd3421af40e0f5071134a7807760d,,unmatched,official_local,DUP-0016,no
شحات/شحات  1.jpg,شحات  1.jpg,1600,900,JPEG,19dbcd6fedd5395165c401f4915d0269993766df9c418ae9059e9a5d46fb06bc,شحات,site_general,official_local,DUP-0041,no
شحات/شحات  3.jpg,شحات  3.jpg,600,400,JPEG,e8eaf1bf5928842b94ca497bedc977403e28fdefbe96dbeee3d7a52f186ccc8a,شحات,site_general,official_local,DUP-0036,no
شحات/شحات  5.jpg,شحات  5.jpg,580,400,JPEG,ae2557533cfe00f28d176136b127704d59183d1ee6a5fbf4b6530e1b030a06a9,شحات,site_general,official_local,DUP-0028,no
شحات/شحات 4.jpg,شحات 4.jpg,560,420,JPEG,351ebd0d6c9c973aa51e11391ee397c3df1bb4cbb72d312572deb596dfce695c,شحات,site_general,official_local,DUP-0019,no
شحات/شحات 5.jpg,شحات 5.jpg,640,360,JPEG,7ca0bd5dee4c91f811fc950ae71db5763075f13c5668d436ce03f49e2bd2d709,شحات,site_general,official_local,DUP-0043,no
شحات/شحات 52.jpg,شحات 52.jpg,640,183,JPEG,ecf5247b4446e099d31bbebbfca3084c080ae333208cd921d35c80a853e64822,شحات,site_general,official_local,DUP-0024,no
شحات/شحات 7.jpg,شحات 7.jpg,615,461,JPEG,889723d9fe9ef4d252a35ff1eaf685352c60f8bc71883e438abea72e7abd5700,شحات,site_general,official_local,DUP-0033,no
شحات/شحات.JPG,شحات.JPG,499,600,JPEG,b686098d30e75955bb0794549b5665d640682ab39f73430ed01c51fb3346db7a,شحات,site_general,official_local,DUP-0011,no
شحات/شحات1 (2).jpg,شحات1 (2).jpg,1578,1113,JPEG,c7829386455e43490508c32cc5d71e9c5f1e39b694619759580d0c9ac3936505,شحات,site_general,official_local,DUP-0038,no
شحات/شحات2 (2).jpg,شحات2 (2).jpg,1471,1071,JPEG,4e98e1545e8e421e66843849a3cee4cdd2a96cffe0354a34dbc108fbf73a0041,شحات,site_general,official_local,DUP-0040,no
شحات/شحات4.jpg,شحات4.jpg,1225,908,JPEG,d169f224f12bdeb5f3a3bf0a9a5e074a9f5faa83e41942f4b4daa3ae1696663e,شحات,site_general,official_local,DUP-0007,no
شحات/معبد زيوس.jpeg,معبد زيوس.jpeg,1280,853,JPEG,3204f45b5ead6fe0df6f665aa5c8769e354073430e03b72c9475dd00f396653e,معبد,temple-of-zeus,official_local,DUP-0001,no
