"source_filename","sha256","visual_subject","matched_feature_id","matched_feature_name_ar","match_type","confidence","review_status","notes"
"1300130.jpg","32ccd7647554775e30f296827c5a6ba16ee310518ebef8196ae87432f0936e08","official source","","","review_required","low","pending_review","No published linkage without feature-level confirmation"
"1459892.jpg","92975d275bfd721bec06736f36f15bfd79d02b0b335a5714de2920b5c51e70f1","official source","","","review_required","low","pending_review","No published linkage without feature-level confirmation"
"21311866.jpg","c7a3f09db11ca52a6d247355bc14f650fcf9abe73a49df9c03e96f9a476dfc6a","official source","","","review_required","low","pending_review","No published linkage without feature-level confirmation"
"21311876.jpg","5e686538a580a3d1930238985e393d64a0fcba8414e1d0458b6b839dae8343da","official source","","","review_required","low","pending_review","No published linkage without feature-level confirmation"
"21311890.jpg","aea8c2a3239b51c31fdcc7b97cba96687c1bf727c4649ac53ea806bfbea5c37c","official source","","","review_required","low","pending_review","No published linkage without feature-level confirmation"
"21311896.jpg","312a6989b83faab4d89668169c491a15d406534ed311d5ce6986685aeded2e0d","official source","","","review_required","low","pending_review","No published linkage without feature-level confirmation"
"274492.jpg","9d891c24d5e4381af073101882fc00eebf4f4d495a8e0e48fd4d3a1385cf0ce5","official source","","","review_required","low","pending_review","No published linkage without feature-level confirmation"
"274526.jpg","f2152acc71c250869a53697f3f753825db11a5af8235b0e3c32fb0db15b59680","official source","","","review_required","low","pending_review","No published linkage without feature-level confirmation"
"274527.jpg","c1a8b2318b67e9757d8fb35527651b034a017fcf8de7a92cb72934134f9bda65","official source","","","review_required","low","pending_review","No published linkage without feature-level confirmation"
"27860001.jpg","3da45b0cab7bceff3584b0f8159eb3f1d948fa9593c2303b4682c6a2b1e58756","official source","","","review_required","low","pending_review","No published linkage without feature-level confirmation"
"311970_425424474161106_853650539_n (2).jpg","307def7ec95267a08372f47bd2d83e0ab34aa82c2c04626becd3be6d4d2df2f3","official source","","","review_required","low","pending_review","No published linkage without feature-level confirmation"
"311970_425424474161106_853650539_n.jpg","307def7ec95267a08372f47bd2d83e0ab34aa82c2c04626becd3be6d4d2df2f3","official source","","","review_required","low","pending_review","No published linkage without feature-level confirmation"
"450A4725.JPG","1f6ed14b121df10e7deec89ecbc44f37810ed01d3a809e1ce30e4dd38030d673","official source","","","review_required","low","pending_review","No published linkage without feature-level confirmation"
"450A4729.JPG","6a656d79b3c54805ebe75f936b9a9422b1d267c45f2d03a8e310f1b45906164e","official source","","","review_required","low","pending_review","No published linkage without feature-level confirmation"
"450A4841.JPG","75ee90bf1b00b9de2384f2dcd4b614dfaa7fd1b25eccfc678dcf896d3fcf691c","official source","","","review_required","low","pending_review","No published linkage without feature-level confirmation"
"450A4869.JPG","8e6dd6e35d9714e087d50b60c387deacea88f9f8d7b2f600fcab43e0d7679d9d","official source","","","review_required","low","pending_review","No published linkage without feature-level confirmation"
"450A4915.JPG","b9c359b47a5d52f8516c45ecf0c0310ef42718f8d36e955059db18b4a7c1b5b3","official source","","","review_required","low","pending_review","No published linkage without feature-level confirmation"
"450A4922.JPG","aecb1de1bc79b2792fd73084ec936a6f6819ce799242395101226686c4cc01d8","official source","","","review_required","low","pending_review","No published linkage without feature-level confirmation"
"450A4964.JPG","7b73cc47989fcec28d1298db9a8d7471a3de09f39c6d2496466dcc6bcb3eec34","official source","","","review_required","low","pending_review","No published linkage without feature-level confirmation"
"450A5010.JPG","c63e1dfc25331d38d136685f61a34f7dad8ed5dd76439ef59db0138903e440dc","official source","","","review_required","low","pending_review","No published linkage without feature-level confirmation"
"450A5043.JPG","ffe3043eff05889392970595a89787c169cb44e9cb9739614209d41e07096af5","official source","","","review_required","low","pending_review","No published linkage without feature-level confirmation"
"450A5140 (2).JPG","7cacaf262a2dbf7431a580ab9661954475b8dfa0fa62e610a9deaa96d32fc1d1","official source","","","review_required","low","pending_review","No published linkage without feature-level confirmation"
"450A5140.JPG","7cacaf262a2dbf7431a580ab9661954475b8dfa0fa62e610a9deaa96d32fc1d1","official source","","","review_required","low","pending_review","No published linkage without feature-level confirmation"
"450A5211.JPG","f09fffaba7bf2c3f77e16318f0b7be979a9c73efa019571d7f43c46c601fc9a4","official source","","","review_required","low","pending_review","No published linkage without feature-level confirmation"
"46137521.jpg","03f6915f70a868bbf29f8fedeff94554b549688cd2b568b1f9c1546981bf318b","official source","","","review_required","low","pending_review","No published linkage without feature-level confirmation"
"61.jpg","7aab1b4e10933e9d2545d9b9326b444888e90dbdcf6d80e0670e15fc17f9832a","official source","","","review_required","low","pending_review","No published linkage without feature-level confirmation"
"62.jpg","bcfb83e058a36f7ab1477724455c503404749f108b74f0db5499e4dc7591c92a","official source","","","review_required","low","pending_review","No published linkage without feature-level confirmation"
"63.JPG","16de61ef105abf12b73a822d7f85238ead98c35729d0c3d3a2eebcb68ff49add","official source","","","review_required","low","pending_review","No published linkage without feature-level confirmation"
"65.JPG","22cbc73eea879a58aad189c591125ef2ac79918c5b8fe5e3d67d7f8be57cffd4","official source","","","review_required","low","pending_review","No published linkage without feature-level confirmation"
"7206439.jpg","fb520bfd26cee3404be09ff9d41d4dae8243b20ae0167dfda1690ce097fd7289","official source","","","review_required","low","pending_review","No published linkage without feature-level confirmation"
"84220331.jpg","3b7ec64582d744a248b75ac33e25d037973c058091d2edab46c0e01175e2d7e6","official source","","","review_required","low","pending_review","No published linkage without feature-level confirmation"
"Ali (287).jpg","67b85a26d25ae861f02ec8d88846af8e649c3f9599a68f9d08d63eee3f1880b5","official source","","","review_required","low","pending_review","No published linkage without feature-level confirmation"
"hosting-ee87349515.jpg","477b6ebfc69941686a38af61051d877036e2c78180cefea0475c3c3dc3d186b0","official source","","","review_required","low","pending_review","No published linkage without feature-level confirmation"
"عين الفرس.jpg","6f066c42758c6d432117001be7680452a63c760ac373287547b18bd948acac7e","official source","","","review_required","low","pending_review","No published linkage without feature-level confirmation"
"غدامس  1.jpg","7aab1b4e10933e9d2545d9b9326b444888e90dbdcf6d80e0670e15fc17f9832a","official source","","","review_required","low","pending_review","No published linkage without feature-level confirmation"
"غدامس  3.jpg","34513b16d682e7935f66a2de048be0bf22c5f9a130295c6d6f5e1040055953fd","official source","","","review_required","low","pending_review","No published linkage without feature-level confirmation"
"غدامس  4.jpg","ce660462b54e52ff2b62408dbdca16435857c6e163a7e559ea5c1e57be39a2b9","official source","","","review_required","low","pending_review","No published linkage without feature-level confirmation"
"غدامس  5.jpg","b4f82929b52590fad77d540ff57c6428dd13aa390e5ce0e5130b717cb549ce52","official source","","","review_required","low","pending_review","No published linkage without feature-level confirmation"
