review_order,image_id,master_image_id,source_relative_path,feature_id,layer_id,facility_name_ar,facility_name_en,facility_type,city_ar,municipality_ar,classification,stars,technical_quality,automatic_match_basis,shared_image_case,rights_status,manual_review_status,review_mode,technical_blocker,notes
1,IMG-65AB52B2F6CC48F7,IMG-84252D7DCE95F6A0,assets/images/hotels/hotels-LY-HOTELS-00011-04.webp,LY-HOT-000011,hotels,منتجع الينابيع السياحي,,resort,,,,,high,existing_link,none,unknown,unreviewed,individual_review,,Technical candidate only; no human decision recorded.
2,IMG-AB2F785A48F45260,IMG-1C3BA4BF58BF7974,assets/images/hotels/hotels-LY-HOTELS-00275-01.webp,LY-HOT-000275,hotels,فندق الفصول الاربعة 2,,resort,,,,,high,existing_link,none,unknown,unreviewed,individual_review,,Technical candidate only; no human decision recorded.
3,IMG-A3170ECA96244672,IMG-5CA2B4E101C57B5C,assets/images/hotels/hotels-LY-HOTELS-00193-01.webp,LY-HOT-000193,hotels,فندق باب البحر,,hotel,,,,,high,existing_link,none,unknown,unreviewed,individual_review,,Technical candidate only; no human decision recorded.
4,IMG-00D26D8EDC613DDE,IMG-6FA829EB83A8FCAC,assets/images/hotels/hotels-LY-HOTELS-00201-01.webp,LY-HOT-000201,hotels,فندق توباكتس,,hotel,,,,,high,existing_link,none,unknown,unreviewed,individual_review,,Technical candidate only; no human decision recorded.
5,IMG-4D715E6F645A91E4,IMG-66CB19A1EDEE23E0,assets/images/hotels/hotels-LY-HOTELS-00277-01.webp,LY-HOT-000277,hotels,فندق نور الثريا,,hotel,,,,,high,existing_link,none,unknown,unreviewed,individual_review,,Technical candidate only; no human decision recorded.
6,IMG-4B501E6BBD73EAFE,IMG-3E4CED93BF7426F1,assets/images/hotels/hotels-LY-HOTELS-00297-01.webp,LY-HOT-000297,hotels,فندق أضواء قرطاج,,hotel,,,,,high,existing_link,none,unknown,unreviewed,individual_review,,Technical candidate only; no human decision recorded.
7,IMG-0AD416076AE4E41A,IMG-B43053CBB4A73052,assets/images/hotels/hotels-LY-HOTELS-00366-01.webp,LY-HOT-000366,hotels,فندق الاخوة السياحي الخمس,,hotel,,,,,high,existing_link,none,unknown,unreviewed,individual_review,,Technical candidate only; no human decision recorded.
8,IMG-4CAA6944989EC466,IMG-2614A446FDF324E4,assets/images/hotels/hotels-LY-HOTELS-00444-01.webp,LY-HOT-000444,hotels,فندق الريان,,hotel,,,,,high,existing_link,none,unknown,unreviewed,individual_review,,Technical candidate only; no human decision recorded.
9,IMG-5F0B87CC56980023,IMG-A9FE60CE8BAB8B94,assets/images/hotels/hotels-LY-HOTELS-00314-04.webp,LY-HOT-000446,hotels,فندق السرايا,,hotel,,,,,high,existing_link,B2A-SHARED-010,unknown,unreviewed,shared_conflict_review,,Technical candidate only; no human decision recorded.
10,IMG-EF3B1425ACE980F9,IMG-EF3B1425ACE980F9,assets/images/hotels/hotels-LY-HOTELS-00091-01.webp,LY-HOT-000091,hotels,فندق بيت الشرق,,hostel,,,,,high,existing_link,none,unknown,unreviewed,individual_review,,Technical candidate only; no human decision recorded.
11,IMG-07823DE59E73877A,IMG-A8A2FE6C77946B50,assets/images/hotels/hotels-LY-HOTELS-00273-01.webp,LY-HOT-000273,hotels,فندق النعيم,,hostel,,,,,high,existing_link,none,unknown,unreviewed,individual_review,,Technical candidate only; no human decision recorded.
12,IMG-622D25A255534D5F,IMG-8A7CD6243BB292CF,assets/images/hotels/hotels-LY-HOTELS-00425-01.webp,LY-HOT-000425,hotels,فندق التوفيق بلازا,,hostel,,,,,high,existing_link,none,unknown,unreviewed,individual_review,,Technical candidate only; no human decision recorded.
13,IMG-02BE325FA2853805,IMG-5E57E1652E9C5361,assets/images/hotels/hotels-LY-HOTELS-00005-04.webp,LY-HOT-000005,hotels,منتجع شحات السياحي,,resort,,,,,acceptable,existing_link,none,unknown,unreviewed,individual_review,,Technical candidate only; no human decision recorded.
14,IMG-C1C05F1A9D79A78A,IMG-6E813051ABAE8EF8,assets/images/hotels/hotels-LY-HOTELS-00006-04.webp,LY-HOT-000006,hotels,فندق المنارة,,hotel,,,,,acceptable,existing_link,none,unknown,unreviewed,individual_review,,Technical candidate only; no human decision recorded.
15,IMG-599C8099E31AA502,IMG-D1E6E47D8546628E,assets/images/hotels/hotels-LY-HOTELS-00088-01.webp,LY-HOT-000088,hotels,فندق بنت السيد,,hotel,,,,,acceptable,existing_link,none,unknown,unreviewed,individual_review,,Technical candidate only; no human decision recorded.
16,IMG-5FE1ABA6DADBA795,IMG-133A23B4A668D9F5,assets/images/hotels/hotels-LY-HOTELS-00196-01.webp,LY-HOT-000196,hotels,فندق بلازما,,hotel,,,,,acceptable,existing_link,none,unknown,unreviewed,individual_review,,Technical candidate only; no human decision recorded.
17,IMG-5255F49255B9CDBC,IMG-597BB54E378E3D06,assets/images/hotels/hotels-LY-HOTELS-00223-01.webp,LY-HOT-000223,hotels,فندق صحارى ليبيا,,hotel,,,,,acceptable,existing_link,none,unknown,unreviewed,individual_review,,Technical candidate only; no human decision recorded.
18,IMG-F3E648AD7CE0F676,IMG-1CDC2C3D694FD21B,assets/images/hotels/hotels-LY-HOTELS-00283-01.webp,LY-HOT-000283,hotels,فندق زهرة الخليج,,hotel,,,,,acceptable,existing_link,none,unknown,unreviewed,individual_review,,Technical candidate only; no human decision recorded.
19,IMG-B9573C8C7FB931A8,IMG-5269628C74ADF318,assets/images/hotels/hotels-LY-HOTELS-00314-01.webp,LY-HOT-000314,hotels,فندق السرايا,,hotel,,,,,acceptable,existing_link,B2A-SHARED-024,unknown,unreviewed,shared_conflict_review,,Technical candidate only; no human decision recorded.
20,IMG-9D2B03FE06D8CF71,IMG-CBB5E7BC1A652E66,assets/images/hotels/hotels-LY-HOTELS-00434-01.webp,LY-HOT-000434,hotels,فندق الديار,,hotel,,,,,acceptable,existing_link,none,unknown,unreviewed,individual_review,,Technical candidate only; no human decision recorded.
21,IMG-5ED99B628601EBD3,IMG-522DC3EE12090AF5,assets/images/hotels/hotels-LY-HOTELS-00034-01.webp,LY-HOT-000034,hotels,فندق احواص,,hostel,,,,,acceptable,existing_link,none,unknown,unreviewed,individual_review,,Technical candidate only; no human decision recorded.
22,IMG-63F705E27DA71CF5,IMG-663C7115DAD00DDA,assets/images/hotels/hotels-LY-HOTELS-00058-01.webp,LY-HOT-000058,hotels,فندق الزيتونة,,hostel,,,,,acceptable,existing_link,none,unknown,unreviewed,individual_review,,Technical candidate only; no human decision recorded.
23,IMG-FD63377BEAD728F4,IMG-D852AA75FDEC7960,assets/images/hotels/hotels-LY-HOTELS-00284-01.webp,LY-HOT-000284,hotels,فندق السلاسل الذهبية,,hostel,,,,,acceptable,existing_link,none,unknown,unreviewed,individual_review,,Technical candidate only; no human decision recorded.
24,IMG-AB22C6D40D93616F,IMG-A4E1C106CA5102C7,assets/images/hotels/hotels-LY-HOTELS-00295-01.webp,LY-HOT-000295,hotels,فندق تاج,,hostel,,,,,acceptable,existing_link,B2A-SHARED-023,unknown,unreviewed,shared_conflict_review,,Technical candidate only; no human decision recorded.
25,IMG-C2390CB8BDA7A88F,IMG-D23C714ED0FF8E33,assets/images/hotels/hotels-LY-HOTELS-00445-01.webp,LY-HOT-000445,hotels,فندق الزيتونة,,hostel,,,,,acceptable,existing_link,none,unknown,unreviewed,individual_review,,Technical candidate only; no human decision recorded.
